ID,FILE_NAME,Kpa,LAND_TYPE,SOIL_TYPE,LAST_IRREG/RAIN_DATE,LAST_IRREG/RAIN_TIME,CROPS_NAME,GROWTH_STAGE,DATE,TIME,Locatio,image_path,img_hash,pressure_bin,fold,LAND_TYPE_enc,SOIL_TYPE_enc,CROPS_NAME_enc,GROWTH_STAGE_enc,oof_pred,abs_error
id0001,P0001_8Kpa.jpg,8.0,High,Doash,29/05/2026,16:00:00,Turmeric,Mature,,,,/kaggle/input/datasets/karimakanu/tensiometer-dataset/499_soil_Dataset/image/P0001_8Kpa.jpg,7b2c6db120df5b8a0e57c8df5d761ae8,0,4,0,4,13,2,19.322683334350586,11.322683334350586
id0002,P0002_11Kpa.jpg,11.0,High,Doash,29/05/2026,16:00:00,Lechee,Mature,,,,/kaggle/input/datasets/karimakanu/tensiometer-dataset/499_soil_Dataset/image/P0002_11Kpa.jpg,991c9d6d6e99d946d90fa286bf5bacb5,2,1,0,4,4,2,17.76832389831543,6.76832389831543
id0003,P0003_11Kpa.jpg,11.0,High,Doash,29/05/2026,16:00:00,Mango,Mature,,,,/kaggle/input/datasets/karimakanu/tensiometer-dataset/499_soil_Dataset/image/P0003_11Kpa.jpg,cde769ff6ab6b8617125993e07a35273,2,1,0,4,7,2,8.298726081848145,2.7012739181518555
id0004,P0004_15.25Kpa.jpg,15.25,High,Doash,29/05/2026,16:00:00,Betel_Nut,Mature,,,,/kaggle/input/datasets/karimakanu/tensiometer-dataset/499_soil_Dataset/image/P0004_15.25Kpa.jpg,efffc5ad967633e9b563413e480d5357,6,4,0,4,0,2,20.702909469604492,5.452909469604492
id0006,P0006_20Kpa.jpg,20.0,High,Doash,29/05/2026,16:00:00,Betel_Nut,Mature,,,,/kaggle/input/datasets/karimakanu/tensiometer-dataset/499_soil_Dataset/image/P0006_20Kpa.jpg,43203f6ca2af327fc37b86fcf14b7c52,8,1,0,4,0,2,17.082277297973633,2.917722702026367
id0007,P0007_15.25Kpa.jpg,15.25,High,Doash,29/05/2026,16:00:00,Betel_Nut,Mature,,,,/kaggle/input/datasets/karimakanu/tensiometer-dataset/499_soil_Dataset/image/P0007_15.25Kpa.jpg,e223a01951fdc97a033097a4a81fb21d,6,1,0,4,0,2,18.943836212158203,3.693836212158203
id0008,P0008_15.25Kpa.jpg,15.25,High,Doash,29/05/2026,16:00:00,Betel_Nut,Mature,,,,/kaggle/input/datasets/karimakanu/tensiometer-dataset/499_soil_Dataset/image/P0008_15.25Kpa.jpg,49139ee8b42a13e9ff807cc485571296,6,3,0,4,0,2,14.089319229125977,1.1606807708740234
id0009,P0009_15.25Kpa.jpg,15.25,High,Doash,29/05/2026,16:00:00,Betel_Nut,Mature,,,,/kaggle/input/datasets/karimakanu/tensiometer-dataset/499_soil_Dataset/image/P0009_15.25Kpa.jpg,99c71470589e76b0765f81c69cae81fe,6,1,0,4,0,2,17.949785232543945,2.6997852325439453
id0010,P0010_15.25Kpa.jpg,15.25,High,Doash,29/05/2026,16:00:00,Betel_Nut,Mature,,,,/kaggle/input/datasets/karimakanu/tensiometer-dataset/499_soil_Dataset/image/P0010_15.25Kpa.jpg,1b404dc1dea45c7b36de73e676c90abf,6,1,0,4,0,2,20.569278717041016,5.319278717041016
id0011,P0011_15.25Kpa.jpg,15.25,High,Doash,29/05/2026,16:00:00,Betel_Nut,Mature,,,,/kaggle/input/datasets/karimakanu/tensiometer-dataset/499_soil_Dataset/image/P0011_15.25Kpa.jpg,af63933d552845ff6d3ec6e8dafe3fde,6,4,0,4,0,2,18.705833435058594,3.4558334350585938
id0012,P0012_15.25Kpa.jpg,15.25,High,Doash,29/05/2026,16:00:00,Betel_Nut,Mature,,,,/kaggle/input/datasets/karimakanu/tensiometer-dataset/499_soil_Dataset/image/P0012_15.25Kpa.jpg,7f011d6a0382808de0625cc3857cc278,6,0,0,4,0,2,19.00959014892578,3.7595901489257812
id0013,P0013_20Kpa.jpg,20.0,High,Bele,29/05/2026,16:00:00,Mango,Mature,,,,/kaggle/input/datasets/karimakanu/tensiometer-dataset/499_soil_Dataset/image/P0013_20Kpa.jpg,dd6c6f647d4b052778a9f6c5e609dd2b,8,1,0,2,7,2,8.799141883850098,11.200858116149902
id0014,P0014_17.15Kpa.jpg,17.15,High,Bele,29/05/2026,16:00:00,Mango,Mature,,,,/kaggle/input/datasets/karimakanu/tensiometer-dataset/499_soil_Dataset/image/P0014_17.15Kpa.jpg,3fc55bdae257e50c5f9cb8136feba04e,7,0,0,2,7,2,13.638436317443848,3.511563682556151
id0015,P0015_20.15Kpa.jpg,20.15,High,Bele,29/05/2026,16:00:00,Mango,Mature,,,,/kaggle/input/datasets/karimakanu/tensiometer-dataset/499_soil_Dataset/image/P0015_20.15Kpa.jpg,a70fc5b269b4c95b829968e3d7d9a9ac,8,3,0,2,7,2,17.955930709838867,2.1940692901611314
id0016,P0016_20.15Kpa.jpg,20.15,High,Bele,29/05/2026,16:00:00,Mango,Mature,,,,/kaggle/input/datasets/karimakanu/tensiometer-dataset/499_soil_Dataset/image/P0016_20.15Kpa.jpg,8d17c0a094d3ee88a89942da8169e5e6,8,1,0,2,7,2,12.593805313110352,7.556194686889647
id0017,P0017_20.15Kpa.jpg,20.15,High,Bele,29/05/2026,16:00:00,Mango,Mature,,,,/kaggle/input/datasets/karimakanu/tensiometer-dataset/499_soil_Dataset/image/P0017_20.15Kpa.jpg,8b251bde5b671f30b1b919fd9e9652d7,8,3,0,2,7,2,19.801734924316406,0.34826507568359233
id0018,P0018_20.15Kpa.jpg,20.15,High,Bele,29/05/2026,16:00:00,Mango,Mature,,,,/kaggle/input/datasets/karimakanu/tensiometer-dataset/499_soil_Dataset/image/P0018_20.15Kpa.jpg,28b6525852798d49774c89cd1d0ebc51,8,2,0,2,7,2,16.372177124023438,3.777822875976561
id0019,P0019_20.15Kpa.jpg,20.15,High,Bele,29/05/2026,16:00:00,Mango,Mature,,,,/kaggle/input/datasets/karimakanu/tensiometer-dataset/499_soil_Dataset/image/P0019_20.15Kpa.jpg,3afeb23fb10c3ba34bf3f286b403221d,8,4,0,2,7,2,19.38463020324707,0.7653697967529283
id0020,P0020_20Kpa.jpg,20.0,High,Bele,29/05/2026,16:00:00,Mango,Mature,,,,/kaggle/input/datasets/karimakanu/tensiometer-dataset/499_soil_Dataset/image/P0020_20Kpa.jpg,ed9b6a1d77e910f912a92ab836b43240,8,1,0,2,7,2,15.32848834991455,4.671511650085449
id0021,P0021_20.15Kpa.jpg,20.15,High,Bele,29/05/2026,16:00:00,Mango,Mature,,,,/kaggle/input/datasets/karimakanu/tensiometer-dataset/499_soil_Dataset/image/P0021_20.15Kpa.jpg,6f5d0d1a9aeae464bccaabc5b0323610,8,4,0,2,7,2,9.508923530578613,10.641076469421385
id0022,P0022_20.15Kpa.jpg,20.15,High,Bele,29/05/2026,16:00:00,Mango,Mature,,,,/kaggle/input/datasets/karimakanu/tensiometer-dataset/499_soil_Dataset/image/P0022_20.15Kpa.jpg,3087f64abf21f6e836da7dea976d8069,8,2,0,2,7,2,20.059677124023438,0.09032287597656108
id0023,P0023_20.15Kpa.jpg,20.15,High,Bele,29/05/2026,16:00:00,Mango,Mature,,,,/kaggle/input/datasets/karimakanu/tensiometer-dataset/499_soil_Dataset/image/P0023_20.15Kpa.jpg,3c85ac5b398daaf94be4f38008e5bec5,8,4,0,2,7,2,17.027681350708008,3.1223186492919908
id0024,P0024_20.15Kpa.jpg,20.15,High,Bele,29/05/2026,16:00:00,Mango,Mature,,,,/kaggle/input/datasets/karimakanu/tensiometer-dataset/499_soil_Dataset/image/P0024_20.15Kpa.jpg,ccb2e7763a62e82e5c2422e07a1ae9eb,8,4,0,2,7,2,6.162781715393066,13.987218284606932
id0025,P0025_20.15Kpa.jpg,20.15,High,Bele,29/05/2026,16:00:00,Mango,Mature,,,,/kaggle/input/datasets/karimakanu/tensiometer-dataset/499_soil_Dataset/image/P0025_20.15Kpa.jpg,28ae66a2034ce0c2f506bde635e47e46,8,4,0,2,7,2,20.627351760864258,0.47735176086425923
id0026,P0026_20.25Kpa.jpg,20.25,High,Bele,29/05/2026,16:00:00,Mango,Mature,,,,/kaggle/input/datasets/karimakanu/tensiometer-dataset/499_soil_Dataset/image/P0026_20.25Kpa.jpg,1901294c0a5a2710536401ab6033f099,9,4,0,2,7,2,22.72047996520996,2.470479965209961
id0027,P0027_19.95Kpa.jpg,19.95,High,Bele,29/05/2026,16:00:00,Mango,Mature,,,,/kaggle/input/datasets/karimakanu/tensiometer-dataset/499_soil_Dataset/image/P0027_19.95Kpa.jpg,59937e599381160ffface05c2fa0aa3a,8,0,0,2,7,2,14.830820083618164,5.119179916381835
id0028,P0028_15.25Kpa.jpg,15.25,High,Bele,29/05/2026,16:00:00,Mango,Mature,,,,/kaggle/input/datasets/karimakanu/tensiometer-dataset/499_soil_Dataset/image/P0028_15.25Kpa.jpg,f8b57da968ff2935767284be2e0b557e,6,4,0,2,7,2,17.023927688598633,1.7739276885986328
id0029,P0029_15.15Kpa.jpg,15.15,High,Bele,29/05/2026,16:00:00,Mango,Mature,,,,/kaggle/input/datasets/karimakanu/tensiometer-dataset/499_soil_Dataset/image/P0029_15.15Kpa.jpg,255ad42449233d951ba338e129b45554,6,1,0,2,7,2,8.666662216186523,6.483337783813477
id0030,P0030_15.15Kpa.jpg,15.15,High,Doash,29/05/2026,16:00:00,Lechee,Mature,,,,/kaggle/input/datasets/karimakanu/tensiometer-dataset/499_soil_Dataset/image/P0030_15.15Kpa.jpg,1f85f969645002dc23fcb167773cba4c,6,3,0,4,4,2,10.425841331481934,4.724158668518067
id0031,P0031_15.15Kpa.jpg,15.15,High,Doash,29/05/2026,16:00:00,Lechee,Mature,,,,/kaggle/input/datasets/karimakanu/tensiometer-dataset/499_soil_Dataset/image/P0031_15.15Kpa.jpg,fe28586fe1106b599a1bc930db71cea8,6,2,0,4,4,2,14.603113174438477,0.5468868255615238
id0032,P0032_15.25Kpa.jpg,15.25,High,Doash,29/05/2026,16:00:00,Lechee,Mature,,,,/kaggle/input/datasets/karimakanu/tensiometer-dataset/499_soil_Dataset/image/P0032_15.25Kpa.jpg,16ba6ccfbc1db1bb98905bd997a2f6e4,6,2,0,4,4,2,16.826679229736328,1.5766792297363281
id0033,P0033_15.25Kpa.jpg,15.25,High,Doash,29/05/2026,16:00:00,Lechee,Mature,,,,/kaggle/input/datasets/karimakanu/tensiometer-dataset/499_soil_Dataset/image/P0033_15.25Kpa.jpg,5ca09b851c498442a4af5e2968b376b3,6,4,0,4,4,2,14.577372550964355,0.6726274490356445
id0034,P0034_15.20Kpa.jpg,15.2,High,Doash,29/05/2026,16:00:00,Lechee,Mature,,,,/kaggle/input/datasets/karimakanu/tensiometer-dataset/499_soil_Dataset/image/P0034_15.20Kpa.jpg,fa4a33d7c4fef348be5101bc19ae12c9,6,2,0,4,4,2,14.278189659118652,0.921810340881347
id0035,P0035_15.25Kpa.jpg,15.25,High,Doash,29/05/2026,16:00:00,Lechee,Mature,,,,/kaggle/input/datasets/karimakanu/tensiometer-dataset/499_soil_Dataset/image/P0035_15.25Kpa.jpg,7af48631bdf107e51c1f01dbcd378ca6,6,4,0,4,4,2,12.728466033935547,2.521533966064453
id0036,P0036_15.15Kpa.jpg,15.15,High,Doash,29/05/2026,16:00:00,Lechee,Mature,,,,/kaggle/input/datasets/karimakanu/tensiometer-dataset/499_soil_Dataset/image/P0036_15.15Kpa.jpg,0d01109568dceab7bf4dc386e8bf2f41,6,2,0,4,4,2,17.95555305480957,2.80555305480957
id0037,P0037_15.15Kpa.jpg,15.15,High,Doash,29/05/2026,16:00:00,Lechee,Mature,,,,/kaggle/input/datasets/karimakanu/tensiometer-dataset/499_soil_Dataset/image/P0037_15.15Kpa.jpg,ac263b576de3fc2ed98dff240ddc98b6,6,4,0,4,4,2,14.989798545837402,0.160201454162598
id0038,P0038_15.15Kpa.jpg,15.15,High,Doash,29/05/2026,16:00:00,Lechee,Mature,,,,/kaggle/input/datasets/karimakanu/tensiometer-dataset/499_soil_Dataset/image/P0038_15.15Kpa.jpg,93d1d78bc9491da0de523079c5657fcc,6,4,0,4,4,2,14.569587707519531,0.5804122924804691
id0039,P0039_15.15Kpa.jpg,15.15,High,Doash,29/05/2026,16:00:00,Lechee,Mature,,,,/kaggle/input/datasets/karimakanu/tensiometer-dataset/499_soil_Dataset/image/P0039_15.15Kpa.jpg,8bee277a3675b84d655139aa5dfa6fb0,6,2,0,4,4,2,10.842155456542969,4.307844543457032
id0040,P0040_15.15Kpa.jpg,15.15,High,Doash,29/05/2026,16:00:00,Lechee,Mature,,,,/kaggle/input/datasets/karimakanu/tensiometer-dataset/499_soil_Dataset/image/P0040_15.15Kpa.jpg,b816fffc3c67e66e8b3a47e7d5f3bae9,6,1,0,4,4,2,16.056541442871094,0.9065414428710934
id0041,P0041_15.15Kpa.jpg,15.15,High,Doash,29/05/2026,16:00:00,Lechee,Mature,,,,/kaggle/input/datasets/karimakanu/tensiometer-dataset/499_soil_Dataset/image/P0041_15.15Kpa.jpg,cd24cc68890400586b65a2453bfc67c6,6,1,0,4,4,2,14.224946975708008,0.9250530242919925
id0042,P0042_15.15Kpa.jpg,15.15,High,Doash,29/05/2026,16:00:00,Lechee,Mature,,,,/kaggle/input/datasets/karimakanu/tensiometer-dataset/499_soil_Dataset/image/P0042_15.15Kpa.jpg,1d4dba98523b4159525d832cb8a2956f,6,3,0,4,4,2,15.110081672668457,0.039918327331543324
id0043,P0043_15.15Kpa.jpg,15.15,High,Doash,29/05/2026,16:00:00,Lechee,Mature,,,,/kaggle/input/datasets/karimakanu/tensiometer-dataset/499_soil_Dataset/image/P0043_15.15Kpa.jpg,018d998181612a9112d901cba6683ae7,6,2,0,4,4,2,17.575090408325195,2.425090408325195
id0044,P0044_15.15Kpa.jpg,15.15,High,Doash,29/05/2026,16:00:00,Lechee,Mature,,,,/kaggle/input/datasets/karimakanu/tensiometer-dataset/499_soil_Dataset/image/P0044_15.15Kpa.jpg,2fab60c8485cd844ab06aada2b207cd8,6,4,0,4,4,2,13.313040733337402,1.836959266662598
id0045,P0045_15.15Kpa.jpg,15.15,High,Doash,29/05/2026,16:00:00,Lechee,Mature,,,,/kaggle/input/datasets/karimakanu/tensiometer-dataset/499_soil_Dataset/image/P0045_15.15Kpa.jpg,541351340f21727cb9f87f6957453002,6,4,0,4,4,2,15.241415977478027,0.09141597747802699
id0046,P0046_9.85Kpa.jpg,9.85,High,Doash,29/05/2026,16:00:00,Lechee,Mature,,,,/kaggle/input/datasets/karimakanu/tensiometer-dataset/499_soil_Dataset/image/P0046_9.85Kpa.jpg,f5e6edfabf30437566bbd6e85cb7b0b3,1,4,0,4,4,2,10.903279304504395,1.0532793045043949
id0047,P0047_9.85Kpa.jpg,9.85,High,Bele,29/05/2026,16:00:00,Maize,Mature,,,,/kaggle/input/datasets/karimakanu/tensiometer-dataset/499_soil_Dataset/image/P0047_9.85Kpa.jpg,478d22853809573f04b7e0b21472bab8,1,0,0,2,6,2,8.497787475585938,1.3522125244140621
id0048,P0048_9.85Kpa.jpg,9.85,High,Bele,29/05/2026,16:00:00,Maize,Mature,,,,/kaggle/input/datasets/karimakanu/tensiometer-dataset/499_soil_Dataset/image/P0048_9.85Kpa.jpg,4590b5ca89928eef10c67f724adee9c6,1,3,0,2,6,2,10.06277084350586,0.21277084350585973
id0049,P0049_9.85Kpa.jpg,9.85,High,Bele,29/05/2026,16:00:00,Maize,Mature,,,,/kaggle/input/datasets/karimakanu/tensiometer-dataset/499_soil_Dataset/image/P0049_9.85Kpa.jpg,649d19cb61149ba1b124e52ea82e2547,1,2,0,2,6,2,4.458789825439453,5.3912101745605465
id0050,P0050_9.85Kpa.jpg,9.85,High,Bele,29/05/2026,16:00:00,Maize,Mature,,,,/kaggle/input/datasets/karimakanu/tensiometer-dataset/499_soil_Dataset/image/P0050_9.85Kpa.jpg,b4de165e8234f1ae845c5df5ca511fea,1,2,0,2,6,2,5.826306343078613,4.023693656921386
id0051,P0051_9.85Kpa.jpg,9.85,High,Bele,29/05/2026,16:00:00,Maize,Mature,,,,/kaggle/input/datasets/karimakanu/tensiometer-dataset/499_soil_Dataset/image/P0051_9.85Kpa.jpg,72a6fc4d6cedd32b3a31ab2e3a42c035,1,0,0,2,6,2,9.255459785461426,0.5945402145385739
id0052,P0052_9.85Kpa.jpg,9.85,High,Bele,29/05/2026,16:00:00,Maize,Mature,,,,/kaggle/input/datasets/karimakanu/tensiometer-dataset/499_soil_Dataset/image/P0052_9.85Kpa.jpg,d7ad7a8d86d31398896c25534206b5a4,1,1,0,2,6,2,2.9786806106567383,6.871319389343261
id0053,P0053_9.85Kpa.jpg,9.85,High,Bele,29/05/2026,16:00:00,Maize,Mature,,,,/kaggle/input/datasets/karimakanu/tensiometer-dataset/499_soil_Dataset/image/P0053_9.85Kpa.jpg,b9ef680cd8476992619683eb9e5b9667,1,4,0,2,6,2,7.247232437133789,2.6027675628662106
id0054,P0054_9.85Kpa.jpg,9.85,High,Bele,29/05/2026,16:00:00,Maize,Mature,,,,/kaggle/input/datasets/karimakanu/tensiometer-dataset/499_soil_Dataset/image/P0054_9.85Kpa.jpg,c4674638386b3e8522d03085799d5a7a,1,0,0,2,6,2,8.230380058288574,1.6196199417114254
id0055,P0055_9.85Kpa.jpg,9.85,High,Bele,29/05/2026,16:00:00,Maize,Mature,,,,/kaggle/input/datasets/karimakanu/tensiometer-dataset/499_soil_Dataset/image/P0055_9.85Kpa.jpg,ce51128d4bbf95f7ea485e563f2c5386,1,0,0,2,6,2,9.155113220214844,0.6948867797851559
id0056,P0056_9.85Kpa.jpg,9.85,High,Bele,29/05/2026,16:00:00,Maize,Mature,,,,/kaggle/input/datasets/karimakanu/tensiometer-dataset/499_soil_Dataset/image/P0056_9.85Kpa.jpg,7566d00a61e1c798fb4bec7878f7cae4,1,0,0,2,6,2,11.447208404541016,1.597208404541016
id0057,P0057_9.85Kpa.jpg,9.85,High,Bele,29/05/2026,16:00:00,Maize,Mature,,,,/kaggle/input/datasets/karimakanu/tensiometer-dataset/499_soil_Dataset/image/P0057_9.85Kpa.jpg,c74db8b94dbac1a91b27cffd49fc36b5,1,1,0,2,6,2,11.561111450195312,1.7111114501953129
id0058,P0058_9.85Kpa.jpg,9.85,High,Bele,29/05/2026,16:00:00,Maize,Mature,,,,/kaggle/input/datasets/karimakanu/tensiometer-dataset/499_soil_Dataset/image/P0058_9.85Kpa.jpg,1843ef12034b2996921fcc006471033e,1,1,0,2,6,2,17.821552276611328,7.9715522766113285
id0059,P0059_15.25Kpa.jpg,15.25,High,Bele,29/05/2026,16:00:00,Maize,Mature,,,,/kaggle/input/datasets/karimakanu/tensiometer-dataset/499_soil_Dataset/image/P0059_15.25Kpa.jpg,fc9b19c05e6de8075283430189c3fa8c,6,1,0,2,6,2,11.851211547851562,3.3987884521484375
id0060,P0060_19.85Kpa.jpg,19.85,High,Doash,29/05/2026,16:00:00,Betel_Nut,Mature,,,,/kaggle/input/datasets/karimakanu/tensiometer-dataset/499_soil_Dataset/image/P0060_19.85Kpa.jpg,aa08cef2146c86e6be2a50b20fa45086,8,1,0,4,0,2,11.036815643310547,8.813184356689455
id0061,P0061_20.15Kpa.jpg,20.15,High,Doash,29/05/2026,16:00:00,Betel_Nut,Mature,,,,/kaggle/input/datasets/karimakanu/tensiometer-dataset/499_soil_Dataset/image/P0061_20.15Kpa.jpg,364d427aebab702daf97f0781ddd4f7b,8,2,0,4,0,2,13.707052230834961,6.442947769165038
id0062,P0062_15.25Kpa.jpg,15.25,High,Bele,29/05/2026,16:00:00,Mango,Mature,,,,/kaggle/input/datasets/karimakanu/tensiometer-dataset/499_soil_Dataset/image/P0062_15.25Kpa.jpg,c5076e2b6b2b7f70a18de04cb6f39772,6,0,0,2,7,2,12.44525146484375,2.80474853515625
id0063,P0063_9.85Kpa.jpg,9.85,High,Doash,29/05/2026,16:00:00,Lechee,Mature,,,,/kaggle/input/datasets/karimakanu/tensiometer-dataset/499_soil_Dataset/image/P0063_9.85Kpa.jpg,4c75c5e3bda76939319a3dfce857f4d1,1,4,0,4,4,2,6.733451843261719,3.116548156738281
id0064,P0064_0Kpa.jpg,0.0,High,Bele,29/05/2026,16:00:00,Maize,Mature,,,,/kaggle/input/datasets/karimakanu/tensiometer-dataset/499_soil_Dataset/image/P0064_0Kpa.jpg,9837264a99b14505857e8cd783630763,0,0,0,2,6,2,6.499421119689941,6.499421119689941
id0065,P0065_0Kpa.jpg,0.0,Low,Poli,29/05/2026,16:00:00,Rich,Post-Harvest,,,,/kaggle/input/datasets/karimakanu/tensiometer-dataset/499_soil_Dataset/image/P0065_0Kpa.jpg,2b319ce49efe576fdd2e8982c9c04808,0,3,1,5,11,3,-0.2513943612575531,0.2513943612575531
id0066,P0066_0Kpa.jpg,0.0,Low,Poli,29/05/2026,16:00:00,Rich,Post-Harvest,,,,/kaggle/input/datasets/karimakanu/tensiometer-dataset/499_soil_Dataset/image/P0066_0Kpa.jpg,501892fa83b6113e5ec3c6eab1ca1a1f,0,1,1,5,11,3,-0.05663507431745529,0.05663507431745529
id0067,P0067_0Kpa.jpg,0.0,Low,Poli,29/05/2026,16:00:00,Rich,Post-Harvest,,,,/kaggle/input/datasets/karimakanu/tensiometer-dataset/499_soil_Dataset/image/P0067_0Kpa.jpg,95957f5fff6c13820da3b402a62968f9,0,0,1,5,11,3,0.1377343237400055,0.1377343237400055
id0068,P0068_0Kpa.jpg,0.0,Low,Poli,29/05/2026,16:00:00,Rich,Post-Harvest,,,,/kaggle/input/datasets/karimakanu/tensiometer-dataset/499_soil_Dataset/image/P0068_0Kpa.jpg,95604d9fc6ae7d6200c639434a51d5c6,0,4,1,5,11,3,2.2449190616607666,2.2449190616607666
id0069,P0069_0Kpa.jpg,0.0,Low,Poli,29/05/2026,16:00:00,Rich,Post-Harvest,,,,/kaggle/input/datasets/karimakanu/tensiometer-dataset/499_soil_Dataset/image/P0069_0Kpa.jpg,b1ca31aab1397ee7487fcd2f678abbe2,0,0,1,5,11,3,-0.21029552817344666,0.21029552817344666
id0070,P0070_0Kpa.jpg,0.0,Low,Poli,29/05/2026,16:00:00,Rich,Post-Harvest,,,,/kaggle/input/datasets/karimakanu/tensiometer-dataset/499_soil_Dataset/image/P0070_0Kpa.jpg,3cbfdd534de39b3f24f9003fad71f450,0,1,1,5,11,3,0.10251747816801071,0.10251747816801071
id0071,P0071_0Kpa.jpg,0.0,Low,Poli,29/05/2026,16:00:00,Rich,Post-Harvest,,,,/kaggle/input/datasets/karimakanu/tensiometer-dataset/499_soil_Dataset/image/P0071_0Kpa.jpg,c38bdeef5d41caafa24be2f8d3865cf4,0,0,1,5,11,3,1.714836597442627,1.714836597442627
id0072,P0072_0Kpa.jpg,0.0,Low,Poli,29/05/2026,16:00:00,Rich,Post-Harvest,,,,/kaggle/input/datasets/karimakanu/tensiometer-dataset/499_soil_Dataset/image/P0072_0Kpa.jpg,9a7b04147e4b0dd33503b990a7811aaa,0,3,1,5,11,3,-0.16460789740085602,0.16460789740085602
id0073,P0073_0Kpa.jpg,0.0,Low,Poli,29/05/2026,16:00:00,Rich,Post-Harvest,,,,/kaggle/input/datasets/karimakanu/tensiometer-dataset/499_soil_Dataset/image/P0073_0Kpa.jpg,5d4a9e926f630bdcaacca964552e1c21,0,2,1,5,11,3,-0.34044674038887024,0.34044674038887024
id0074,P0074_0Kpa.jpg,0.0,Low,Poli,29/05/2026,16:00:00,Rich,Post-Harvest,,,,/kaggle/input/datasets/karimakanu/tensiometer-dataset/499_soil_Dataset/image/P0074_0Kpa.jpg,ceb9d4f3434e9b4662b840d2c4047fc9,0,2,1,5,11,3,-0.17433491349220276,0.17433491349220276
id0075,P0075_0Kpa.jpg,0.0,Low,Poli,29/05/2026,16:00:00,Rich,Post-Harvest,,,,/kaggle/input/datasets/karimakanu/tensiometer-dataset/499_soil_Dataset/image/P0075_0Kpa.jpg,13aba8307172ea84aa17661445234ecb,0,2,1,5,11,3,-0.014594662934541702,0.014594662934541702
id0076,P0076_0Kpa.jpg,0.0,Low,Poli,29/05/2026,16:00:00,Rich,Post-Harvest,,,,/kaggle/input/datasets/karimakanu/tensiometer-dataset/499_soil_Dataset/image/P0076_0Kpa.jpg,aff74e6bd79d3c2228bb51303718e1c7,0,4,1,5,11,3,2.5254383087158203,2.5254383087158203
id0077,P0077_0Kpa.jpg,0.0,Low,Poli,29/05/2026,16:00:00,Rich,Post-Harvest,,,,/kaggle/input/datasets/karimakanu/tensiometer-dataset/499_soil_Dataset/image/P0077_0Kpa.jpg,4da480b6feeaa1d5416408dc6debefbc,0,3,1,5,11,3,-0.164190411567688,0.164190411567688
id0078,P0078_0Kpa.jpg,0.0,Low,Poli,29/05/2026,16:00:00,Rich,Post-Harvest,,,,/kaggle/input/datasets/karimakanu/tensiometer-dataset/499_soil_Dataset/image/P0078_0Kpa.jpg,0ba513a521c692f0b1906b2bc6446829,0,3,1,5,11,3,-0.15960025787353516,0.15960025787353516
id0079,P0079_0Kpa.jpg,0.0,Low,Poli,29/05/2026,16:00:00,Rich,Post-Harvest,,,,/kaggle/input/datasets/karimakanu/tensiometer-dataset/499_soil_Dataset/image/P0079_0Kpa.jpg,5edc083b2038116da94ee49b08c13044,0,1,1,5,11,3,-0.2904531955718994,0.2904531955718994
id0080,P0080_0Kpa.jpg,0.0,Low,Poli,29/05/2026,16:00:00,Rich,Post-Harvest,,,,/kaggle/input/datasets/karimakanu/tensiometer-dataset/499_soil_Dataset/image/P0080_0Kpa.jpg,194b5aca9d57c64f047167ccb9a9f190,0,4,1,5,11,3,-0.38975608348846436,0.38975608348846436
id0081,P0081_0Kpa.jpg,0.0,Low,Poli,29/05/2026,16:00:00,Rich,Post-Harvest,,,,/kaggle/input/datasets/karimakanu/tensiometer-dataset/499_soil_Dataset/image/P0081_0Kpa.jpg,b40bdf8d8c2591e148b7b90f7babc6f2,0,2,1,5,11,3,-0.8068763613700867,0.8068763613700867
id0082,P0082_0Kpa.jpg,0.0,Low,Poli,29/05/2026,16:00:00,Rich,Post-Harvest,,,,/kaggle/input/datasets/karimakanu/tensiometer-dataset/499_soil_Dataset/image/P0082_0Kpa.jpg,4d51cff130e861e0e0708407ea0e9a84,0,2,1,5,11,3,-0.46338871121406555,0.46338871121406555
id0083,P0083_0Kpa.jpg,0.0,Low,Poli,29/05/2026,16:00:00,Rich,Post-Harvest,,,,/kaggle/input/datasets/karimakanu/tensiometer-dataset/499_soil_Dataset/image/P0083_0Kpa.jpg,640d27ec1ca4dc1bd11874d3fba8f9eb,0,0,1,5,11,3,0.05187828093767166,0.05187828093767166
id0084,P0084_0Kpa.jpg,0.0,Low,Poli,29/05/2026,16:00:00,Rich,Post-Harvest,,,,/kaggle/input/datasets/karimakanu/tensiometer-dataset/499_soil_Dataset/image/P0084_0Kpa.jpg,b6a1c29ef6a102230a8f4c3dce5f1a08,0,1,1,5,11,3,-0.21191081404685974,0.21191081404685974
id0085,P0085_0Kpa.jpg,0.0,Low,Poli,29/05/2026,16:00:00,Rich,Post-Harvest,,,,/kaggle/input/datasets/karimakanu/tensiometer-dataset/499_soil_Dataset/image/P0085_0Kpa.jpg,936210950248d0133b6d7ef4eb6ef3c9,0,2,1,5,11,3,-0.3950437903404236,0.3950437903404236
id0086,P0086_0Kpa.jpg,0.0,Low,Poli,29/05/2026,16:00:00,Rich,Post-Harvest,,,,/kaggle/input/datasets/karimakanu/tensiometer-dataset/499_soil_Dataset/image/P0086_0Kpa.jpg,f974d2b4a1e06a46e70ebf9ad3e78653,0,1,1,5,11,3,-1.3664586544036865,1.3664586544036865
id0087,P0087_0Kpa.jpg,0.0,Low,Poli,29/05/2026,16:00:00,Rich,Post-Harvest,,,,/kaggle/input/datasets/karimakanu/tensiometer-dataset/499_soil_Dataset/image/P0087_0Kpa.jpg,a3aa230a7ffe84a2a88e445448ba59f2,0,0,1,5,11,3,-0.589231014251709,0.589231014251709
id0088,P0088_0Kpa.jpg,0.0,Low,Poli,29/05/2026,16:00:00,Rich,Post-Harvest,,,,/kaggle/input/datasets/karimakanu/tensiometer-dataset/499_soil_Dataset/image/P0088_0Kpa.jpg,44bf700e8eec27c5d7fa6826d6991691,0,4,1,5,11,3,-1.0174895524978638,1.0174895524978638
id0089,P0089_0Kpa.jpg,0.0,Low,Poli,29/05/2026,16:00:00,Rich,Post-Harvest,,,,/kaggle/input/datasets/karimakanu/tensiometer-dataset/499_soil_Dataset/image/P0089_0Kpa.jpg,730ff763b1218320aa0692c0205f93f0,0,0,1,5,11,3,-0.9000818133354187,0.9000818133354187
id0090,P0090_0Kpa.jpg,0.0,Low,Poli,29/05/2026,16:00:00,Rich,Post-Harvest,,,,/kaggle/input/datasets/karimakanu/tensiometer-dataset/499_soil_Dataset/image/P0090_0Kpa.jpg,4abb2362b91fe3e16005ca57ce2fc39d,0,2,1,5,11,3,-1.2805330753326416,1.2805330753326416
id0091,P0091_0Kpa.jpg,0.0,Low,Poli,29/05/2026,16:00:00,Rich,Post-Harvest,,,,/kaggle/input/datasets/karimakanu/tensiometer-dataset/499_soil_Dataset/image/P0091_0Kpa.jpg,5fd9493d018ec329097bedd9b9aea431,0,1,1,5,11,3,-1.5141172409057617,1.5141172409057617
id0092,P0092_0Kpa.jpg,0.0,Low,Poli,29/05/2026,16:00:00,Rich,Post-Harvest,,,,/kaggle/input/datasets/karimakanu/tensiometer-dataset/499_soil_Dataset/image/P0092_0Kpa.jpg,44a7e7fc6c6243b23f0f62fcc4033f56,0,2,1,5,11,3,-0.5757596492767334,0.5757596492767334
id0093,P0093_0Kpa.jpg,0.0,Low,Poli,29/05/2026,16:00:00,Rich,Post-Harvest,,,,/kaggle/input/datasets/karimakanu/tensiometer-dataset/499_soil_Dataset/image/P0093_0Kpa.jpg,1581b3ea6db4b224913e5f94753df2bf,0,2,1,5,11,3,-1.0013935565948486,1.0013935565948486
id0094,P0094_0Kpa.jpg,0.0,Low,Poli,29/05/2026,16:00:00,Rich,Post-Harvest,,,,/kaggle/input/datasets/karimakanu/tensiometer-dataset/499_soil_Dataset/image/P0094_0Kpa.jpg,0ee4102e656a47ab3e0283dec71e3fab,0,4,1,5,11,3,-1.2592265605926514,1.2592265605926514
id0095,P0095_0Kpa.jpg,0.0,Low,Poli,29/05/2026,16:00:00,Rich,Post-Harvest,,,,/kaggle/input/datasets/karimakanu/tensiometer-dataset/499_soil_Dataset/image/P0095_0Kpa.jpg,5f67d884f06b7c99b456e2164118fd59,0,0,1,5,11,3,-0.41399016976356506,0.41399016976356506
id0096,P0096_0Kpa.jpg,0.0,Low,Poli,29/05/2026,16:00:00,Rich,Post-Harvest,,,,/kaggle/input/datasets/karimakanu/tensiometer-dataset/499_soil_Dataset/image/P0096_0Kpa.jpg,165462f8ad8364a0fa1725fc61a4286b,0,3,1,5,11,3,0.891883134841919,0.891883134841919
id0097,P0097_0Kpa.jpg,0.0,Low,Poli,29/05/2026,16:00:00,Rich,Post-Harvest,,,,/kaggle/input/datasets/karimakanu/tensiometer-dataset/499_soil_Dataset/image/P0097_0Kpa.jpg,dffcc825acacbd3c1ae28d24f744c382,0,0,1,5,11,3,-0.4903077185153961,0.4903077185153961
id0098,P0098_0Kpa.jpg,0.0,Low,Poli,29/05/2026,16:00:00,Rich,Post-Harvest,,,,/kaggle/input/datasets/karimakanu/tensiometer-dataset/499_soil_Dataset/image/P0098_0Kpa.jpg,f52ceab8b551d1e48c6f3fc4fa921718,0,3,1,5,11,3,2.151585102081299,2.151585102081299
id0099,P0099_0Kpa.jpg,0.0,Low,Poli,29/05/2026,16:00:00,Rich,Post-Harvest,,,,/kaggle/input/datasets/karimakanu/tensiometer-dataset/499_soil_Dataset/image/P0099_0Kpa.jpg,fdcc43c660bcf3f91bec8b95d48cfefe,0,3,1,5,11,3,4.267390251159668,4.267390251159668
id0100,P0100_0Kpa.jpg,0.0,Low,Poli,29/05/2026,16:00:00,Rich,Post-Harvest,,,,/kaggle/input/datasets/karimakanu/tensiometer-dataset/499_soil_Dataset/image/P0100_0Kpa.jpg,ed98380c9eaef53abc7b37a517c0a287,0,1,1,5,11,3,7.358755588531494,7.358755588531494
id0101,P0101_0Kpa.jpg,0.0,Low,Poli,29/05/2026,16:00:00,Rich,Post-Harvest,,,,/kaggle/input/datasets/karimakanu/tensiometer-dataset/499_soil_Dataset/image/P0101_0Kpa.jpg,4805ca43e6ae186ac7151fed741786e7,0,4,1,5,11,3,-1.080003261566162,1.080003261566162
id0102,P0102_0Kpa.jpg,0.0,Low,Poli,29/05/2026,16:00:00,Rich,Post-Harvest,,,,/kaggle/input/datasets/karimakanu/tensiometer-dataset/499_soil_Dataset/image/P0102_0Kpa.jpg,e2ea8a67417b8117c5ed71175199dc40,0,1,1,5,11,3,5.403122425079346,5.403122425079346
id0103,P0103_0Kpa.jpg,0.0,Low,Poli,29/05/2026,16:00:00,Rich,Post-Harvest,,,,/kaggle/input/datasets/karimakanu/tensiometer-dataset/499_soil_Dataset/image/P0103_0Kpa.jpg,47ffa0951507147f08e48e12230f166f,0,3,1,5,11,3,3.2903902530670166,3.2903902530670166
id0104,P0104_0Kpa.jpg,0.0,Low,Poli,29/05/2026,16:00:00,Rich,Post-Harvest,,,,/kaggle/input/datasets/karimakanu/tensiometer-dataset/499_soil_Dataset/image/P0104_0Kpa.jpg,033892df41fd45584ebd8b22c0fa2a18,0,0,1,5,11,3,3.2592544555664062,3.2592544555664062
id0105,P0105_0Kpa.jpg,0.0,Low,Poli,29/05/2026,16:00:00,Rich,Post-Harvest,,,,/kaggle/input/datasets/karimakanu/tensiometer-dataset/499_soil_Dataset/image/P0105_0Kpa.jpg,cccd48fa0210439d889da6b3efd9ccea,0,3,1,5,11,3,2.454821825027466,2.454821825027466
id0106,P0106_0Kpa.jpg,0.0,Low,Poli,29/05/2026,16:00:00,Rich,Post-Harvest,,,,/kaggle/input/datasets/karimakanu/tensiometer-dataset/499_soil_Dataset/image/P0106_0Kpa.jpg,a6e11c1f6a0b31b961aca1bf4dfa7b94,0,0,1,5,11,3,4.383824348449707,4.383824348449707
id0107,P0107_0Kpa.jpg,0.0,Low,Poli,29/05/2026,16:00:00,Rich,Post-Harvest,,,,/kaggle/input/datasets/karimakanu/tensiometer-dataset/499_soil_Dataset/image/P0107_0Kpa.jpg,bec92bb0d57dc13295a2b8be20df66e2,0,1,1,5,11,3,0.5338777899742126,0.5338777899742126
id0108,P0108_0Kpa.jpg,0.0,Low,Poli,29/05/2026,16:00:00,Rich,Post-Harvest,,,,/kaggle/input/datasets/karimakanu/tensiometer-dataset/499_soil_Dataset/image/P0108_0Kpa.jpg,96046d5992d2793e5fe2b0d976677f59,0,2,1,5,11,3,4.183738708496094,4.183738708496094
id0109,P0109_0Kpa.jpg,0.0,Low,Poli,29/05/2026,16:00:00,Rich,Post-Harvest,,,,/kaggle/input/datasets/karimakanu/tensiometer-dataset/499_soil_Dataset/image/P0109_0Kpa.jpg,b9e79c6031c9f9ccdd21cc175d4b06da,0,0,1,5,11,3,3.1147258281707764,3.1147258281707764
id0110,P0110_0Kpa.jpg,0.0,Low,Poli,29/05/2026,16:00:00,Rich,Post-Harvest,,,,/kaggle/input/datasets/karimakanu/tensiometer-dataset/499_soil_Dataset/image/P0110_0Kpa.jpg,13eb3605d282fa79f459c4b500ec1a0a,0,3,1,5,11,3,3.97331166267395,3.97331166267395
id0111,P0111_9.85Kpa.jpg,9.85,Low,Poli,29/05/2026,16:00:00,Rich,Post-Harvest,,,,/kaggle/input/datasets/karimakanu/tensiometer-dataset/499_soil_Dataset/image/P0111_9.85Kpa.jpg,e8b06805e850b4003c59511310cebea9,1,3,1,5,11,3,7.841208457946777,2.0087915420532223
id0112,P0112_10.1Kpa.jpg,10.1,Low,Poli,29/05/2026,16:00:00,Rich,Post-Harvest,,,,/kaggle/input/datasets/karimakanu/tensiometer-dataset/499_soil_Dataset/image/P0112_10.1Kpa.jpg,8d490c8a7c4b3811cd8aad8bf5c93057,2,0,1,5,11,3,7.075242519378662,3.0247574806213375
id0113,P0113_9.5Kpa.jpg,9.5,Medium,Doash,29/05/2026,16:00:00,Jute,Seedling,,,,/kaggle/input/datasets/karimakanu/tensiometer-dataset/499_soil_Dataset/image/P0113_9.5Kpa.jpg,1a4a7ef43c8e4211b633df2b22be9158,1,0,2,4,3,7,7.205291748046875,2.294708251953125
id0114,P0114_10Kpa.jpg,10.0,Medium,Doash,29/05/2026,16:00:00,Jute,Seedling,,,,/kaggle/input/datasets/karimakanu/tensiometer-dataset/499_soil_Dataset/image/P0114_10Kpa.jpg,3eda87ecd863abc21282c714c547c5ff,1,0,2,4,3,7,8.312826156616211,1.687173843383789
id0115,P0115_10Kpa.jpg,10.0,Medium,Doash,29/05/2026,16:00:00,Jute,Seedling,,,,/kaggle/input/datasets/karimakanu/tensiometer-dataset/499_soil_Dataset/image/P0115_10Kpa.jpg,37b1698d8706e8025da62b81658a817d,1,2,2,4,3,7,8.733015060424805,1.2669849395751953
id0116,P0116_10Kpa.jpg,10.0,Medium,Doash,29/05/2026,16:00:00,Jute,Seedling,,,,/kaggle/input/datasets/karimakanu/tensiometer-dataset/499_soil_Dataset/image/P0116_10Kpa.jpg,e4e573a892c33f8a0335a92c9965752e,1,3,2,4,3,7,9.35274887084961,0.6472511291503906
id0117,P0117_10Kpa.jpg,10.0,Medium,Doash,29/05/2026,16:00:00,Jute,Seedling,,,,/kaggle/input/datasets/karimakanu/tensiometer-dataset/499_soil_Dataset/image/P0117_10Kpa.jpg,4f0fed36947434f61eea9a633414df0b,1,3,2,4,3,7,13.579121589660645,3.5791215896606445
id0118,P0118_10Kpa.jpg,10.0,Medium,Doash,29/05/2026,16:00:00,Jute,Seedling,,,,/kaggle/input/datasets/karimakanu/tensiometer-dataset/499_soil_Dataset/image/P0118_10Kpa.jpg,024ad0feca00c10a4b60b46d6dc65b7e,1,2,2,4,3,7,9.772549629211426,0.22745037078857422
id0119,P0119_10Kpa.jpg,10.0,Medium,Doash,29/05/2026,16:00:00,Jute,Seedling,,,,/kaggle/input/datasets/karimakanu/tensiometer-dataset/499_soil_Dataset/image/P0119_10Kpa.jpg,7e439d54da6cfabd6a2c24095dd252d5,1,1,2,4,3,7,9.250835418701172,0.7491645812988281
id0120,P0120_10Kpa.jpg,10.0,Medium,Doash,29/05/2026,16:00:00,Jute,Seedling,,,,/kaggle/input/datasets/karimakanu/tensiometer-dataset/499_soil_Dataset/image/P0120_10Kpa.jpg,3b36786d37dae25d4498e4d9dc6d2b8d,1,1,2,4,3,7,11.916132926940918,1.916132926940918
id0121,P0121_10Kpa.jpg,10.0,Medium,Doash,29/05/2026,16:00:00,Jute,Seedling,,,,/kaggle/input/datasets/karimakanu/tensiometer-dataset/499_soil_Dataset/image/P0121_10Kpa.jpg,db1073ccff56ebe8b80579497f2b83b2,1,4,2,4,3,7,10.144401550292969,0.14440155029296875
id0122,P0122_10Kpa.jpg,10.0,Medium,Doash,29/05/2026,16:00:00,Jute,Seedling,,,,/kaggle/input/datasets/karimakanu/tensiometer-dataset/499_soil_Dataset/image/P0122_10Kpa.jpg,81af676996c2041dc5278e3b68ab1364,1,1,2,4,3,7,14.822697639465332,4.822697639465332
id0123,P0123_10Kpa.jpg,10.0,Medium,Doash,29/05/2026,16:00:00,Jute,Seedling,,,,/kaggle/input/datasets/karimakanu/tensiometer-dataset/499_soil_Dataset/image/P0123_10Kpa.jpg,2c0a970ce95894d7d56e7a8e60d01848,1,4,2,4,3,7,13.762096405029297,3.762096405029297
id0125,P0125_10Kpa.jpg,10.0,Medium,Doash,29/05/2026,16:00:00,Jute,Seedling,,,,/kaggle/input/datasets/karimakanu/tensiometer-dataset/499_soil_Dataset/image/P0125_10Kpa.jpg,2b1d10e57714e6bfcb541ecc662f10a0,1,0,2,4,3,7,12.214629173278809,2.2146291732788086
id0126,P0126_10Kpa.jpg,10.0,Medium,Doash,29/05/2026,16:00:00,Jute,Seedling,,,,/kaggle/input/datasets/karimakanu/tensiometer-dataset/499_soil_Dataset/image/P0126_10Kpa.jpg,615a84d7c6e85158e030ddf7cebdc456,1,3,2,4,3,7,9.11685562133789,0.8831443786621094
id0127,P0127_10Kpa.jpg,10.0,Medium,Doash,29/05/2026,16:00:00,Jute,Seedling,,,,/kaggle/input/datasets/karimakanu/tensiometer-dataset/499_soil_Dataset/image/P0127_10Kpa.jpg,bd016643938671cd182e4c94133c38a2,1,4,2,4,3,7,6.772017478942871,3.227982521057129
id0128,P0128_10Kpa.jpg,10.0,Medium,Doash,29/05/2026,16:00:00,Jute,Seedling,,,,/kaggle/input/datasets/karimakanu/tensiometer-dataset/499_soil_Dataset/image/P0128_10Kpa.jpg,56eba3dd9cfba106f24dd9872bd63fae,1,2,2,4,3,7,6.766727447509766,3.2332725524902344
id0129,P0129_10Kpa.jpg,10.0,Medium,Doash,29/05/2026,16:00:00,Jute,Seedling,,,,/kaggle/input/datasets/karimakanu/tensiometer-dataset/499_soil_Dataset/image/P0129_10Kpa.jpg,b2084fd9687c39fe27b3cb5d7ae06807,1,4,2,4,3,7,8.155780792236328,1.8442192077636719
id0130,P0130_10Kpa.jpg,10.0,Medium,Doash,29/05/2026,16:00:00,Jute,Seedling,,,,/kaggle/input/datasets/karimakanu/tensiometer-dataset/499_soil_Dataset/image/P0130_10Kpa.jpg,474e4209687b14838c58126149cabab8,1,4,2,4,3,7,6.041946887969971,3.9580531120300293
id0131,P0131_10Kpa.jpg,10.0,Medium,Doash,29/05/2026,16:00:00,Jute,Seedling,,,,/kaggle/input/datasets/karimakanu/tensiometer-dataset/499_soil_Dataset/image/P0131_10Kpa.jpg,0f0d33b0466c23c3c6c88ca8aa4c0054,1,3,2,4,3,7,9.037601470947266,0.9623985290527344
id0132,P0132_10Kpa.jpg,10.0,Medium,Doash,29/05/2026,16:00:00,Jute,Seedling,,,,/kaggle/input/datasets/karimakanu/tensiometer-dataset/499_soil_Dataset/image/P0132_10Kpa.jpg,5078bac82647df9e8b1dd9b57c652ced,1,3,2,4,3,7,10.931398391723633,0.9313983917236328
id0133,P0133_10Kpa.jpg,10.0,Medium,Doash,29/05/2026,16:00:00,Jute,Seedling,,,,/kaggle/input/datasets/karimakanu/tensiometer-dataset/499_soil_Dataset/image/P0133_10Kpa.jpg,ca38ccee6ddad0e8bccd7ccaab4415d6,1,0,2,4,3,7,8.586803436279297,1.4131965637207031
id0134,P0134_10Kpa.jpg,10.0,Medium,Doash,29/05/2026,16:00:00,Jute,Seedling,,,,/kaggle/input/datasets/karimakanu/tensiometer-dataset/499_soil_Dataset/image/P0134_10Kpa.jpg,64b69460da32edda04668b8bd3cb4fee,1,2,2,4,3,7,6.49039363861084,3.50960636138916
id0135,P0135_10Kpa.jpg,10.0,Medium,Doash,29/05/2026,16:00:00,Jute,Seedling,,,,/kaggle/input/datasets/karimakanu/tensiometer-dataset/499_soil_Dataset/image/P0135_10Kpa.jpg,4daa313eaafd8b8ecf666607f4440437,1,1,2,4,3,7,10.337878227233887,0.3378782272338867
id0136,P0136_10Kpa.jpg,10.0,Medium,Doash,29/05/2026,16:00:00,Jute,Mature,,,,/kaggle/input/datasets/karimakanu/tensiometer-dataset/499_soil_Dataset/image/P0136_10Kpa.jpg,a6cf3ee9ba75f9dd88f7212efd6822bb,1,0,2,4,3,2,7.115911960601807,2.8840880393981934
id0137,P0137_10Kpa.jpg,10.0,Medium,Doash,29/05/2026,16:00:00,Jute,Mature,,,,/kaggle/input/datasets/karimakanu/tensiometer-dataset/499_soil_Dataset/image/P0137_10Kpa.jpg,eb49c6cdc6bf2bac2ba57fbc716c68af,1,2,2,4,3,2,16.78760528564453,6.787605285644531
id0138,P0138_10Kpa.jpg,10.0,Medium,Doash,29/05/2026,16:00:00,Jute,Mature,,,,/kaggle/input/datasets/karimakanu/tensiometer-dataset/499_soil_Dataset/image/P0138_10Kpa.jpg,b3aa031c661f9e982fcaaafceb8f953a,1,4,2,4,3,2,14.629178047180176,4.629178047180176
id0139,P0139_10Kpa.jpg,10.0,Medium,Doash,29/05/2026,16:00:00,Jute,Mature,,,,/kaggle/input/datasets/karimakanu/tensiometer-dataset/499_soil_Dataset/image/P0139_10Kpa.jpg,7cbba6398eab33fdec1d74f509a3fd03,1,3,2,4,3,2,5.004861354827881,4.995138645172119
id0140,P0140_10Kpa.jpg,10.0,Medium,Doash,29/05/2026,16:00:00,Jute,Mature,,,,/kaggle/input/datasets/karimakanu/tensiometer-dataset/499_soil_Dataset/image/P0140_10Kpa.jpg,c76ab3056754935bb1ce0da7b216d8f4,1,4,2,4,3,2,10.075740814208984,0.07574081420898438
id0141,P0141_10Kpa.jpg,10.0,Medium,Doash,29/05/2026,16:00:00,Jute,Mature,,,,/kaggle/input/datasets/karimakanu/tensiometer-dataset/499_soil_Dataset/image/P0141_10Kpa.jpg,4f64a88d13c6abbfe8ec8f45be197436,1,1,2,4,3,2,11.11223316192627,1.1122331619262695
id0143,P0143_10Kpa.jpg,10.0,Medium,Atel_Doash,29/05/2026,16:00:00,Jute,Seedling,,,,/kaggle/input/datasets/karimakanu/tensiometer-dataset/499_soil_Dataset/image/P0143_10Kpa.jpg,bfd729e2345d7bd3c05ebbf67abba17c,1,2,2,1,3,7,10.225142478942871,0.2251424789428711
id0144,P0144_10Kpa.jpg,10.0,Medium,Atel_Doash,29/05/2026,16:00:00,Jute,Seedling,,,,/kaggle/input/datasets/karimakanu/tensiometer-dataset/499_soil_Dataset/image/P0144_10Kpa.jpg,a2b48336be088abbef239749da67eba0,1,2,2,1,3,7,12.049601554870605,2.0496015548706055
id0145,P0145_10Kpa.jpg,10.0,Medium,Atel_Doash,29/05/2026,16:00:00,Jute,Seedling,,,,/kaggle/input/datasets/karimakanu/tensiometer-dataset/499_soil_Dataset/image/P0145_10Kpa.jpg,45c7fdc3bd8949582d0a893058967018,1,3,2,1,3,7,13.015207290649414,3.015207290649414
id0146,P0146_10Kpa.jpg,10.0,Medium,Atel_Doash,29/05/2026,16:00:00,Jute,Seedling,,,,/kaggle/input/datasets/karimakanu/tensiometer-dataset/499_soil_Dataset/image/P0146_10Kpa.jpg,c3d3012b69963a65445b76c01e65d9c8,1,0,2,1,3,7,11.113212585449219,1.1132125854492188
id0147,P0147_10Kpa.jpg,10.0,Medium,Atel_Doash,29/05/2026,16:00:00,Jute,Seedling,,,,/kaggle/input/datasets/karimakanu/tensiometer-dataset/499_soil_Dataset/image/P0147_10Kpa.jpg,2605b2729c7cb5a36f8d0101fcb71741,1,0,2,1,3,7,12.473581314086914,2.473581314086914
id0148,P0148_10Kpa.jpg,10.0,Medium,Atel_Doash,29/05/2026,16:00:00,Jute,Seedling,,,,/kaggle/input/datasets/karimakanu/tensiometer-dataset/499_soil_Dataset/image/P0148_10Kpa.jpg,d832bc9c30a03a8b7fc7c47b3712071b,1,0,2,1,3,7,6.9331512451171875,3.0668487548828125
id0149,P0149_10Kpa.jpg,10.0,Medium,Atel_Doash,29/05/2026,16:00:00,Jute,Seedling,,,,/kaggle/input/datasets/karimakanu/tensiometer-dataset/499_soil_Dataset/image/P0149_10Kpa.jpg,921025357493612fd45dcbbce911a880,1,1,2,1,3,7,14.724531173706055,4.724531173706055
id0151,P0151_10Kpa.jpg,10.0,Medium,Atel_Doash,29/05/2026,16:00:00,Jute,Seedling,,,,/kaggle/input/datasets/karimakanu/tensiometer-dataset/499_soil_Dataset/image/P0151_10Kpa.jpg,88db25ef6e3ee2307d29df5e4ce7e229,1,3,2,1,3,7,13.174729347229004,3.174729347229004
id0152,P0152_10Kpa.jpg,10.0,Medium,Atel_Doash,29/05/2026,16:00:00,Jute,Seedling,,,,/kaggle/input/datasets/karimakanu/tensiometer-dataset/499_soil_Dataset/image/P0152_10Kpa.jpg,c1c57ff77ba3818401a8cd7f78073f25,1,2,2,1,3,7,13.382452011108398,3.3824520111083984
id0153,P0153_10Kpa.jpg,10.0,Medium,Atel_Doash,29/05/2026,16:00:00,Jute,Seedling,,,,/kaggle/input/datasets/karimakanu/tensiometer-dataset/499_soil_Dataset/image/P0153_10Kpa.jpg,a38cbb3aecd616cea2bed78ce2dc30d0,1,1,2,1,3,7,17.691944122314453,7.691944122314453
id0154,P0154_10Kpa.jpg,10.0,Medium,Atel_Doash,29/05/2026,16:00:00,Jute,Seedling,,,,/kaggle/input/datasets/karimakanu/tensiometer-dataset/499_soil_Dataset/image/P0154_10Kpa.jpg,2ad137f6dafc9bc50bf5261fceaaff76,1,2,2,1,3,7,11.182787895202637,1.1827878952026367
id0155,P0155_10Kpa.jpg,10.0,Medium,Atel_Doash,29/05/2026,16:00:00,Jute,Seedling,,,,/kaggle/input/datasets/karimakanu/tensiometer-dataset/499_soil_Dataset/image/P0155_10Kpa.jpg,d6c792d1904232993a87a34e6cd5e2ea,1,4,2,1,3,7,15.002065658569336,5.002065658569336
id0156,P0156_10Kpa.jpg,10.0,Medium,Atel_Doash,29/05/2026,16:00:00,Jute,Seedling,,,,/kaggle/input/datasets/karimakanu/tensiometer-dataset/499_soil_Dataset/image/P0156_10Kpa.jpg,4c7fcf452356625d62b7e448bb8da86e,1,1,2,1,3,7,3.8057422637939453,6.194257736206055
id0157,P0157_10Kpa.jpg,10.0,Medium,Atel_Doash,29/05/2026,16:00:00,Jute,Seedling,,,,/kaggle/input/datasets/karimakanu/tensiometer-dataset/499_soil_Dataset/image/P0157_10Kpa.jpg,79fc6f9744a36a27f4b750216a25417b,1,1,2,1,3,7,10.924036026000977,0.9240360260009766
id0158,P0158_10Kpa.jpg,10.0,Medium,Atel_Doash,29/05/2026,16:00:00,Jute,Seedling,,,,/kaggle/input/datasets/karimakanu/tensiometer-dataset/499_soil_Dataset/image/P0158_10Kpa.jpg,86aad5f68e9154017461ed368ee57fd2,1,2,2,1,3,7,8.67503833770752,1.3249616622924805
id0159,P0159_10Kpa.jpg,10.0,Medium,Atel_Doash,29/05/2026,16:00:00,Jute,Seedling,,,,/kaggle/input/datasets/karimakanu/tensiometer-dataset/499_soil_Dataset/image/P0159_10Kpa.jpg,d2cb4c128862855e00e7278b073452a7,1,3,2,1,3,7,10.658210754394531,0.6582107543945312
id0160,P0160_10Kpa.jpg,10.0,Medium,Atel_Doash,29/05/2026,16:00:00,Jute,Seedling,,,,/kaggle/input/datasets/karimakanu/tensiometer-dataset/499_soil_Dataset/image/P0160_10Kpa.jpg,31e17f0e5bcdaccaee88386ebf1a99d6,1,4,2,1,3,7,9.436731338500977,0.5632686614990234
id0161,P0161_10Kpa.jpg,10.0,Medium,Atel_Doash,29/05/2026,16:00:00,Jute,Seedling,,,,/kaggle/input/datasets/karimakanu/tensiometer-dataset/499_soil_Dataset/image/P0161_10Kpa.jpg,aa53f9f39342244364e369eadb04d76e,1,3,2,1,3,7,9.562463760375977,0.43753623962402344
id0162,P0162_10Kpa.jpg,10.0,Medium,Atel_Doash,29/05/2026,16:00:00,Jute,Seedling,,,,/kaggle/input/datasets/karimakanu/tensiometer-dataset/499_soil_Dataset/image/P0162_10Kpa.jpg,2b5bbfeab8d6ea55f44b8f51dae54425,1,0,2,1,3,7,12.253693580627441,2.2536935806274414
id0163,P0163_10Kpa.jpg,10.0,Medium,Atel_Doash,29/05/2026,16:00:00,Jute,Seedling,,,,/kaggle/input/datasets/karimakanu/tensiometer-dataset/499_soil_Dataset/image/P0163_10Kpa.jpg,e4886c4d30d4ac2ca724582400182866,1,1,2,1,3,7,9.455821990966797,0.5441780090332031
id0164,P0164_10Kpa.jpg,10.0,Medium,Atel_Doash,29/05/2026,16:00:00,Jute,Seedling,,,,/kaggle/input/datasets/karimakanu/tensiometer-dataset/499_soil_Dataset/image/P0164_10Kpa.jpg,6f68752c86f6cbbf9290bfdc209c79df,1,3,2,1,3,7,14.158544540405273,4.158544540405273
id0166,P0166_10Kpa.jpg,10.0,Medium,Atel_Doash,29/05/2026,16:00:00,Jute,Seedling,,,,/kaggle/input/datasets/karimakanu/tensiometer-dataset/499_soil_Dataset/image/P0166_10Kpa.jpg,d9237bc06f46c993cc379bab9c4ae2e5,1,2,2,1,3,7,8.392533302307129,1.607466697692871
id0167,P0167_12Kpa.jpg,12.0,Medium,Atel_Doash,29/05/2026,16:00:00,Jute,Seedling,,,,/kaggle/input/datasets/karimakanu/tensiometer-dataset/499_soil_Dataset/image/P0167_12Kpa.jpg,a1b65af98a9d070b18391eb73ca31aed,2,0,2,1,3,7,13.384441375732422,1.3844413757324219
id0168,P0168_12Kpa.jpg,12.0,Medium,Atel_Doash,29/05/2026,16:00:00,Jute,Seedling,,,,/kaggle/input/datasets/karimakanu/tensiometer-dataset/499_soil_Dataset/image/P0168_12Kpa.jpg,d7331a9590dacda9c5060d3f57855e8f,2,0,2,1,3,7,6.98625373840332,5.01374626159668
id0169,P0169_12.5Kpa.jpg,12.5,Medium,Atel_Doash,29/05/2026,16:00:00,Jute,Seedling,,,,/kaggle/input/datasets/karimakanu/tensiometer-dataset/499_soil_Dataset/image/P0169_12.5Kpa.jpg,076485c3afe3462358975bcf6185a2f2,3,2,2,1,3,7,16.543954849243164,4.043954849243164
id0170,P0170_13Kpa.jpg,13.0,Medium,Atel_Doash,29/05/2026,16:00:00,Jute,Seedling,,,,/kaggle/input/datasets/karimakanu/tensiometer-dataset/499_soil_Dataset/image/P0170_13Kpa.jpg,6637efe500852346eac5b9888f801a94,3,3,2,1,3,7,17.054285049438477,4.054285049438477
id0171,P0171_12.6Kpa.jpg,12.6,Medium,Atel_Doash,29/05/2026,16:00:00,Jute,Seedling,,,,/kaggle/input/datasets/karimakanu/tensiometer-dataset/499_soil_Dataset/image/P0171_12.6Kpa.jpg,4d51505b5620ecaf0015b478cb6437c6,3,4,2,1,3,7,14.307427406311035,1.7074274063110355
id0172,P0172_12.5Kpa.jpg,12.5,Medium,Atel_Doash,29/05/2026,16:00:00,No,Land_Preparation,,,,/kaggle/input/datasets/karimakanu/tensiometer-dataset/499_soil_Dataset/image/P0172_12.5Kpa.jpg,973762bf79a16efa26ec5a2fadca9caa,3,4,2,1,9,1,15.991951942443848,3.4919519424438477
id0173,P0173_12.5Kpa.jpg,12.5,Medium,Atel_Doash,29/05/2026,16:00:00,No,Land_Preparation,,,,/kaggle/input/datasets/karimakanu/tensiometer-dataset/499_soil_Dataset/image/P0173_12.5Kpa.jpg,787e82be3e7a9039361ce1f1f4d74ac6,3,4,2,1,9,1,12.516680717468262,0.01668071746826172
id0174,P0174_12.5Kpa.jpg,12.5,Medium,Atel_Doash,29/05/2026,16:00:00,No,Land_Preparation,,,,/kaggle/input/datasets/karimakanu/tensiometer-dataset/499_soil_Dataset/image/P0174_12.5Kpa.jpg,f3cee3d8c5d062b23a0ff19b5aaf0054,3,1,2,1,9,1,8.925202369689941,3.5747976303100586
id0175,P0175_12.5Kpa.jpg,12.5,Medium,Atel_Doash,29/05/2026,16:00:00,No,Land_Preparation,,,,/kaggle/input/datasets/karimakanu/tensiometer-dataset/499_soil_Dataset/image/P0175_12.5Kpa.jpg,0f8a997df7ea313e734cf827fe0464de,3,3,2,1,9,1,12.848160743713379,0.3481607437133789
id0176,P0176_12Kpa.jpg,12.0,Medium,Atel_Doash,29/05/2026,16:00:00,No,Land_Preparation,,,,/kaggle/input/datasets/karimakanu/tensiometer-dataset/499_soil_Dataset/image/P0176_12Kpa.jpg,b6f2b86db6e5602c5bfb1dfad7bfe5cf,2,2,2,1,9,1,11.27033805847168,0.7296619415283203
id0177,P0177_12Kpa.jpg,12.0,Medium,Atel_Doash,29/05/2026,16:00:00,No,Land_Preparation,,,,/kaggle/input/datasets/karimakanu/tensiometer-dataset/499_soil_Dataset/image/P0177_12Kpa.jpg,1a8bfedf7122c5f89acd01524dfee0bc,2,4,2,1,9,1,10.930272102355957,1.069727897644043
id0178,P0178_12Kpa.jpg,12.0,Medium,Atel_Doash,29/05/2026,16:00:00,No,Land_Preparation,,,,/kaggle/input/datasets/karimakanu/tensiometer-dataset/499_soil_Dataset/image/P0178_12Kpa.jpg,b3572bbecdaa92e36a9a6631db82e590,2,2,2,1,9,1,6.168377876281738,5.831622123718262
id0179,P0179_12Kpa.jpg,12.0,Medium,Atel_Doash,29/05/2026,16:00:00,No,Land_Preparation,,,,/kaggle/input/datasets/karimakanu/tensiometer-dataset/499_soil_Dataset/image/P0179_12Kpa.jpg,c03fb7d091a7d185fa8087775a861030,2,3,2,1,9,1,12.982739448547363,0.9827394485473633
id0181,P0181_12Kpa.jpg,12.0,Medium,Atel_Doash,29/05/2026,16:00:00,No,Land_Preparation,,,,/kaggle/input/datasets/karimakanu/tensiometer-dataset/499_soil_Dataset/image/P0181_12Kpa.jpg,f91bca444eee68032897448517deac16,2,2,2,1,9,1,9.78955364227295,2.210446357727051
id0182,P0182_12Kpa.jpg,12.0,Medium,Atel_Doash,29/05/2026,16:00:00,No,Land_Preparation,,,,/kaggle/input/datasets/karimakanu/tensiometer-dataset/499_soil_Dataset/image/P0182_12Kpa.jpg,924b7e50c931d154fda32a169c378019,2,4,2,1,9,1,10.541361808776855,1.4586381912231445
id0183,P0183_12Kpa.jpg,12.0,Medium,Atel_Doash,29/05/2026,16:00:00,No,Land_Preparation,,,,/kaggle/input/datasets/karimakanu/tensiometer-dataset/499_soil_Dataset/image/P0183_12Kpa.jpg,1210eaf445f9563cb9f7f93b23415252,2,0,2,1,9,1,15.77236270904541,3.77236270904541
id0184,P0184_12.8Kpa.jpg,12.8,Medium,Atel_Doash,29/05/2026,16:00:00,No,Land_Preparation,,,,/kaggle/input/datasets/karimakanu/tensiometer-dataset/499_soil_Dataset/image/P0184_12.8Kpa.jpg,e15f6335aa77219d5e9dece27dfb72ef,3,3,2,1,9,1,14.852970123291016,2.052970123291015
id0185,P0185_12.5Kpa.jpg,12.5,Medium,Atel_Doash,29/05/2026,16:00:00,No,Land_Preparation,,,,/kaggle/input/datasets/karimakanu/tensiometer-dataset/499_soil_Dataset/image/P0185_12.5Kpa.jpg,f5e01d2b7a19253dfecb1f01770ac34a,3,2,2,1,9,1,11.130268096923828,1.3697319030761719
id0186,P0186_12.6Kpa.jpg,12.6,Medium,Atel_Doash,29/05/2026,16:00:00,No,Land_Preparation,,,,/kaggle/input/datasets/karimakanu/tensiometer-dataset/499_soil_Dataset/image/P0186_12.6Kpa.jpg,66f66a990facf4461cad918027d0afb5,3,4,2,1,9,1,14.22716236114502,1.6271623611450199
id0187,P0187_12Kpa.jpg,12.0,Medium,Atel_Doash,29/05/2026,16:00:00,No,Land_Preparation,,,,/kaggle/input/datasets/karimakanu/tensiometer-dataset/499_soil_Dataset/image/P0187_12Kpa.jpg,df2c8a45f5c78d7ab273d3b90ac04175,2,2,2,1,9,1,12.250289916992188,0.2502899169921875
id0188,P0188_12Kpa.jpg,12.0,Medium,Atel_Doash,29/05/2026,16:00:00,No,Land_Preparation,,,,/kaggle/input/datasets/karimakanu/tensiometer-dataset/499_soil_Dataset/image/P0188_12Kpa.jpg,92287987786c2ea64486744bca3ff8d7,2,0,2,1,9,1,13.170451164245605,1.1704511642456055
id0189,P0189_12Kpa.jpg,12.0,Medium,Atel_Doash,29/05/2026,16:00:00,No,Land_Preparation,,,,/kaggle/input/datasets/karimakanu/tensiometer-dataset/499_soil_Dataset/image/P0189_12Kpa.jpg,d5b21815c33cac46d635ad1b35b8a746,2,1,2,1,9,1,6.954181671142578,5.045818328857422
id0190,P0190_12.8Kpa.jpg,12.8,Medium,Atel_Doash,29/05/2026,16:00:00,No,Land_Preparation,,,,/kaggle/input/datasets/karimakanu/tensiometer-dataset/499_soil_Dataset/image/P0190_12.8Kpa.jpg,d2c62d985e371414cfc209f27da41fd8,3,1,2,1,9,1,14.334704399108887,1.534704399108886
id0191,P0191_12Kpa.jpg,12.0,Medium,Atel_Doash,29/05/2026,16:00:00,No,Land_Preparation,,,,/kaggle/input/datasets/karimakanu/tensiometer-dataset/499_soil_Dataset/image/P0191_12Kpa.jpg,830b0fb6603aa573607cb8bff1926cb7,2,4,2,1,9,1,19.00655174255371,7.006551742553711
id0192,P0192_12Kpa.jpg,12.0,Medium,Atel_Doash,29/05/2026,16:00:00,No,Land_Preparation,,,,/kaggle/input/datasets/karimakanu/tensiometer-dataset/499_soil_Dataset/image/P0192_12Kpa.jpg,dde0116d01c305c4f5114a522cc93839,2,1,2,1,9,1,11.737232208251953,0.2627677917480469
id0193,P0193_12.3Kpa.jpg,12.3,Medium,Atel_Doash,29/05/2026,16:00:00,No,Land_Preparation,,,,/kaggle/input/datasets/karimakanu/tensiometer-dataset/499_soil_Dataset/image/P0193_12.3Kpa.jpg,b04017cfe33e0630b1c528e727b8dbfb,3,0,2,1,9,1,11.833900451660156,0.46609954833984446
id0194,P0194_12.2Kpa.jpg,12.2,Medium,Atel_Doash,29/05/2026,16:00:00,No,Land_Preparation,,,,/kaggle/input/datasets/karimakanu/tensiometer-dataset/499_soil_Dataset/image/P0194_12.2Kpa.jpg,740d931b82d26712d7e2154b0761e8b5,3,4,2,1,9,1,6.952841758728027,5.247158241271972
id0195,P0195_12Kpa.jpg,12.0,Medium,Atel_Doash,29/05/2026,16:00:00,No,Land_Preparation,,,,/kaggle/input/datasets/karimakanu/tensiometer-dataset/499_soil_Dataset/image/P0195_12Kpa.jpg,172cdc06215c36f40d4b29c54b45b5da,2,1,2,1,9,1,14.070428848266602,2.0704288482666016
id0196,P0196_12Kpa.jpg,12.0,Medium,Atel_Doash,29/05/2026,16:00:00,No,Land_Preparation,,,,/kaggle/input/datasets/karimakanu/tensiometer-dataset/499_soil_Dataset/image/P0196_12Kpa.jpg,8c1c42dd64683401eb564c748e720db6,2,4,2,1,9,1,7.677115440368652,4.322884559631348
id0197,P0197_17Kpa.jpg,17.0,Medium,Atel_Doash,29/05/2026,16:00:00,No,Land_Preparation,,,,/kaggle/input/datasets/karimakanu/tensiometer-dataset/499_soil_Dataset/image/P0197_17Kpa.jpg,c85b581bb76c51513fd2f55345aad539,7,0,2,1,9,1,12.071334838867188,4.9286651611328125
id0198,P0198_17Kpa.jpg,17.0,Medium,Atel_Doash,29/05/2026,16:00:00,No,Land_Preparation,,,,/kaggle/input/datasets/karimakanu/tensiometer-dataset/499_soil_Dataset/image/P0198_17Kpa.jpg,5d514c4c99af8c069933c24a4305de37,7,1,2,1,9,1,8.331676483154297,8.668323516845703
id0199,P0199_17Kpa.jpg,17.0,Medium,Atel_Doash,29/05/2026,16:00:00,No,Land_Preparation,,,,/kaggle/input/datasets/karimakanu/tensiometer-dataset/499_soil_Dataset/image/P0199_17Kpa.jpg,743bfc5a4e78900d9843ab67159448e1,7,2,2,1,9,1,13.544672966003418,3.455327033996582
id0200,P0200_17Kpa.jpg,17.0,Medium,Atel,29/05/2026,16:00:00,Lemon,Fruiting,,,,/kaggle/input/datasets/karimakanu/tensiometer-dataset/499_soil_Dataset/image/P0200_17Kpa.jpg,6c384398680fedff529857e139282fda,7,2,2,0,5,0,13.625152587890625,3.374847412109375
id0201,P0201_17Kpa.jpg,17.0,Medium,Atel,29/05/2026,16:00:00,Lemon,Fruiting,,,,/kaggle/input/datasets/karimakanu/tensiometer-dataset/499_soil_Dataset/image/P0201_17Kpa.jpg,bc9c49b9efed1eff90f1cef7e4912fe3,7,0,2,0,5,0,14.505182266235352,2.4948177337646484
id0202,P0202_17Kpa.jpg,17.0,Medium,Atel,29/05/2026,16:00:00,Lemon,Fruiting,,,,/kaggle/input/datasets/karimakanu/tensiometer-dataset/499_soil_Dataset/image/P0202_17Kpa.jpg,6683ed74423441e61b6d0c0851cb03fc,7,2,2,0,5,0,9.793133735656738,7.206866264343262
id0203,P0203_17Kpa.jpg,17.0,Medium,Atel,29/05/2026,16:00:00,Lemon,Fruiting,,,,/kaggle/input/datasets/karimakanu/tensiometer-dataset/499_soil_Dataset/image/P0203_17Kpa.jpg,a6dcc545fc197aa94dcf06552eced161,7,0,2,0,5,0,11.69183349609375,5.30816650390625
id0204,P0204_17Kpa.jpg,17.0,Medium,Atel,29/05/2026,16:00:00,Lemon,Fruiting,,,,/kaggle/input/datasets/karimakanu/tensiometer-dataset/499_soil_Dataset/image/P0204_17Kpa.jpg,857f128fc9d8006313d6a35a89337b0a,7,4,2,0,5,0,11.760160446166992,5.239839553833008
id0205,P0205_17Kpa.jpg,17.0,Medium,Atel,29/05/2026,16:00:00,Lemon,Fruiting,,,,/kaggle/input/datasets/karimakanu/tensiometer-dataset/499_soil_Dataset/image/P0205_17Kpa.jpg,63929dace76d5bc1c9cd5ba9b0ce0e15,7,0,2,0,5,0,16.0203800201416,0.9796199798583984
id0206,P0206_17Kpa.jpg,17.0,Medium,Atel,29/05/2026,16:00:00,Lemon,Fruiting,,,,/kaggle/input/datasets/karimakanu/tensiometer-dataset/499_soil_Dataset/image/P0206_17Kpa.jpg,a9071f1829d33f68f28e8ad668fa2721,7,1,2,0,5,0,10.656607627868652,6.343392372131348
id0207,P0207_17Kpa.jpg,17.0,Medium,Atel,29/05/2026,16:00:00,Lemon,Fruiting,,,,/kaggle/input/datasets/karimakanu/tensiometer-dataset/499_soil_Dataset/image/P0207_17Kpa.jpg,b2c246cc91961dfce5717fff7be64da0,7,0,2,0,5,0,8.581507682800293,8.418492317199707
id0208,P0208_17Kpa.jpg,17.0,Medium,Atel,29/05/2026,16:00:00,Lemon,Fruiting,,,,/kaggle/input/datasets/karimakanu/tensiometer-dataset/499_soil_Dataset/image/P0208_17Kpa.jpg,c1428029f819ccc6df569a17e916f31b,7,4,2,0,5,0,16.134153366088867,0.8658466339111328
id0209,P0209_17Kpa.jpg,17.0,Medium,Atel,29/05/2026,16:00:00,Lemon,Fruiting,,,,/kaggle/input/datasets/karimakanu/tensiometer-dataset/499_soil_Dataset/image/P0209_17Kpa.jpg,62bb9a4208056b4ad9a92548c0fba3e0,7,3,2,0,5,0,12.466022491455078,4.533977508544922
id0210,P0210_17Kpa.jpg,17.0,Medium,Atel,29/05/2026,16:00:00,Lemon,Fruiting,,,,/kaggle/input/datasets/karimakanu/tensiometer-dataset/499_soil_Dataset/image/P0210_17Kpa.jpg,12ae058bb2e7530d451d84a762a0819d,7,4,2,0,5,0,19.082921981811523,2.0829219818115234
id0211,P0211_17Kpa.jpg,17.0,Medium,Atel,29/05/2026,16:00:00,Lemon,Fruiting,,,,/kaggle/input/datasets/karimakanu/tensiometer-dataset/499_soil_Dataset/image/P0211_17Kpa.jpg,9297607931ff052819fba11195fa505d,7,1,2,0,5,0,12.397527694702148,4.602472305297852
id0212,P0212_17Kpa.jpg,17.0,Medium,Atel,29/05/2026,16:00:00,Lemon,Fruiting,,,,/kaggle/input/datasets/karimakanu/tensiometer-dataset/499_soil_Dataset/image/P0212_17Kpa.jpg,48a1019142963b3b4bbdddaf4728a5aa,7,4,2,0,5,0,17.016271591186523,0.016271591186523438
id0213,P0213_17Kpa.jpg,17.0,Medium,Atel,29/05/2026,16:00:00,Lemon,Fruiting,,,,/kaggle/input/datasets/karimakanu/tensiometer-dataset/499_soil_Dataset/image/P0213_17Kpa.jpg,ea7b3f0d378559e84827deb7804148cb,7,2,2,0,5,0,8.13818645477295,8.86181354522705
id0214,P0214_17Kpa.jpg,17.0,Medium,Atel,29/05/2026,16:00:00,Lemon,Fruiting,,,,/kaggle/input/datasets/karimakanu/tensiometer-dataset/499_soil_Dataset/image/P0214_17Kpa.jpg,2bd073a63f11e12dc12482b542b2bb66,7,4,2,0,5,0,13.376197814941406,3.6238021850585938
id0215,P0215_17Kpa.jpg,17.0,Medium,Atel,29/05/2026,16:00:00,Lemon,Fruiting,,,,/kaggle/input/datasets/karimakanu/tensiometer-dataset/499_soil_Dataset/image/P0215_17Kpa.jpg,c652369eb510432fe9cd68db80a855b2,7,2,2,0,5,0,7.987548351287842,9.012451648712158
id0216,P0216_17Kpa.jpg,17.0,Medium,Atel,29/05/2026,16:00:00,Lemon,Fruiting,,,,/kaggle/input/datasets/karimakanu/tensiometer-dataset/499_soil_Dataset/image/P0216_17Kpa.jpg,1db62e6ca80c6de2258cbd8fc22cad8e,7,0,2,0,5,0,16.600881576538086,0.39911842346191406
id0217,P0217_17Kpa.jpg,17.0,Medium,Atel,29/05/2026,16:00:00,Lemon,Fruiting,,,,/kaggle/input/datasets/karimakanu/tensiometer-dataset/499_soil_Dataset/image/P0217_17Kpa.jpg,0e84a5ae59ee6089a9781882fa4bd55b,7,2,2,0,5,0,14.937914848327637,2.0620851516723633
id0219,P0219_17Kpa.jpg,17.0,Medium,Atel,29/05/2026,16:00:00,Lemon,Fruiting,,,,/kaggle/input/datasets/karimakanu/tensiometer-dataset/499_soil_Dataset/image/P0219_17Kpa.jpg,7e98ad07bca15fc2b38911d8c865690e,7,3,2,0,5,0,17.09766960144043,0.09766960144042969
id0220,P0220_17Kpa.jpg,17.0,Medium,Atel,29/05/2026,16:00:00,Lemon,Fruiting,,,,/kaggle/input/datasets/karimakanu/tensiometer-dataset/499_soil_Dataset/image/P0220_17Kpa.jpg,af657daa1edbf946a5eae454869be548,7,2,2,0,5,0,11.995645523071289,5.004354476928711
id0221,P0221_17Kpa.jpg,17.0,Medium,Atel,29/05/2026,16:00:00,Lemon,Fruiting,,,,/kaggle/input/datasets/karimakanu/tensiometer-dataset/499_soil_Dataset/image/P0221_17Kpa.jpg,8745a8fd6e4748664d112fc01bee93a6,7,1,2,0,5,0,8.917482376098633,8.082517623901367
id0222,P0222_17Kpa.jpg,17.0,Medium,Atel,29/05/2026,16:00:00,Lemon,Fruiting,,,,/kaggle/input/datasets/karimakanu/tensiometer-dataset/499_soil_Dataset/image/P0222_17Kpa.jpg,27e127f323056d43038ae4a135f9ad01,7,3,2,0,5,0,12.870504379272461,4.129495620727539
id0223,P0223_17Kpa.jpg,17.0,Medium,Atel,29/05/2026,16:00:00,Lemon,Fruiting,,,,/kaggle/input/datasets/karimakanu/tensiometer-dataset/499_soil_Dataset/image/P0223_17Kpa.jpg,f52899a34b788b84af6d0520d44d5178,7,3,2,0,5,0,12.175567626953125,4.824432373046875
id0224,P0224_17Kpa.jpg,17.0,Medium,Atel,29/05/2026,16:00:00,Lemon,Fruiting,,,,/kaggle/input/datasets/karimakanu/tensiometer-dataset/499_soil_Dataset/image/P0224_17Kpa.jpg,5bb3174536855cb83308e795852341fe,7,3,2,0,5,0,16.643896102905273,0.35610389709472656
id0225,P0225_17Kpa.jpg,17.0,Medium,Atel,29/05/2026,16:00:00,Lemon,Fruiting,,,,/kaggle/input/datasets/karimakanu/tensiometer-dataset/499_soil_Dataset/image/P0225_17Kpa.jpg,55574f181fbfb430f032de707ccc7e37,7,4,2,0,5,0,18.99370002746582,1.9937000274658203
id0226,P0226_17Kpa.jpg,17.0,Medium,Atel,29/05/2026,16:00:00,Lemon,Fruiting,,,,/kaggle/input/datasets/karimakanu/tensiometer-dataset/499_soil_Dataset/image/P0226_17Kpa.jpg,e7c3038262ddfb5c58d27802fa378e8a,7,0,2,0,5,0,9.695487976074219,7.304512023925781
id0227,P0227_17Kpa.jpg,17.0,Medium,Atel,29/05/2026,16:00:00,Lemon,Fruiting,,,,/kaggle/input/datasets/karimakanu/tensiometer-dataset/499_soil_Dataset/image/P0227_17Kpa.jpg,d66d96e570382c8390e0edfaefe9d737,7,1,2,0,5,0,13.919432640075684,3.0805673599243164
id0228,P0228_13.5Kpa.jpg,13.5,Medium,Atel,29/05/2026,16:00:00,Maize,Post_Harvest,,,,/kaggle/input/datasets/karimakanu/tensiometer-dataset/499_soil_Dataset/image/P0228_13.5Kpa.jpg,aeb6270ec470d6c4f807b64714bbe10d,3,4,2,0,6,4,15.116172790527344,1.6161727905273438
id0229,P0229_13.5Kpa.jpg,13.5,Medium,Atel,29/05/2026,16:00:00,Maize,Post_Harvest,,,,/kaggle/input/datasets/karimakanu/tensiometer-dataset/499_soil_Dataset/image/P0229_13.5Kpa.jpg,02f919510621e6a930a88c3dfd83a3b6,3,3,2,0,6,4,11.286767959594727,2.2132320404052734
id0230,P0230_13Kpa.jpg,13.0,Medium,Atel,29/05/2026,16:00:00,Maize,Post_Harvest,,,,/kaggle/input/datasets/karimakanu/tensiometer-dataset/499_soil_Dataset/image/P0230_13Kpa.jpg,84e929f86599436054116f818724f263,3,4,2,0,6,4,14.505487442016602,1.5054874420166016
id0231,P0231_13Kpa.jpg,13.0,Medium,Atel,29/05/2026,16:00:00,Maize,Post_Harvest,,,,/kaggle/input/datasets/karimakanu/tensiometer-dataset/499_soil_Dataset/image/P0231_13Kpa.jpg,698105d7f0e8f16bc116538d6055ceee,3,4,2,0,6,4,16.957748413085938,3.9577484130859375
id0232,P0232_13.5Kpa.jpg,13.5,Medium,Atel,29/05/2026,16:00:00,Maize,Post_Harvest,,,,/kaggle/input/datasets/karimakanu/tensiometer-dataset/499_soil_Dataset/image/P0232_13.5Kpa.jpg,c9f5632e555c4e705323c971d64cbe91,3,4,2,0,6,4,16.763099670410156,3.2630996704101562
id0233,P0233_13Kpa.jpg,13.0,Medium,Atel,29/05/2026,16:00:00,Maize,Post_Harvest,,,,/kaggle/input/datasets/karimakanu/tensiometer-dataset/499_soil_Dataset/image/P0233_13Kpa.jpg,31b0d22d7f44fa32dbe5b61a2931c3fa,3,0,2,0,6,4,12.43250846862793,0.5674915313720703
id0234,P0234_13.5Kpa.jpg,13.5,Medium,Atel,29/05/2026,16:00:00,Maize,Post_Harvest,,,,/kaggle/input/datasets/karimakanu/tensiometer-dataset/499_soil_Dataset/image/P0234_13.5Kpa.jpg,49e939e9e7498ab40fe5d6fba55f6c78,3,0,2,0,6,4,15.124994277954102,1.6249942779541016
id0235,P0235_13.5Kpa.jpg,13.5,Medium,Atel,29/05/2026,16:00:00,Maize,Post_Harvest,,,,/kaggle/input/datasets/karimakanu/tensiometer-dataset/499_soil_Dataset/image/P0235_13.5Kpa.jpg,74d50ae7a3e7518d4d4bd3f09bd0eaea,3,4,2,0,6,4,14.201109886169434,0.7011098861694336
id0236,P0236_13.5Kpa.jpg,13.5,Medium,Atel,29/05/2026,16:00:00,Maize,Post_Harvest,,,,/kaggle/input/datasets/karimakanu/tensiometer-dataset/499_soil_Dataset/image/P0236_13.5Kpa.jpg,d5f631fc89eb0035753e7ad5fdbe8a61,3,0,2,0,6,4,0.5562570095062256,12.943742990493774
id0237,P0237_13.5Kpa.jpg,13.5,Medium,Atel,29/05/2026,16:00:00,Maize,Post_Harvest,,,,/kaggle/input/datasets/karimakanu/tensiometer-dataset/499_soil_Dataset/image/P0237_13.5Kpa.jpg,b99a029b652ad006951cd96e694e4161,3,0,2,0,6,4,9.244160652160645,4.2558393478393555
id0238,P0238_13.5Kpa.jpg,13.5,Medium,Atel,29/05/2026,16:00:00,Maize,Post_Harvest,,,,/kaggle/input/datasets/karimakanu/tensiometer-dataset/499_soil_Dataset/image/P0238_13.5Kpa.jpg,ee3708ccfe3d5ff12e6cea2de0e898be,3,1,2,0,6,4,10.766454696655273,2.7335453033447266
id0239,P0239_13.5Kpa.jpg,13.5,Medium,Atel,29/05/2026,16:00:00,Maize,Post_Harvest,,,,/kaggle/input/datasets/karimakanu/tensiometer-dataset/499_soil_Dataset/image/P0239_13.5Kpa.jpg,2d99a0c3c25d8dea0064fc81e3edaef9,3,3,2,0,6,4,11.981369972229004,1.518630027770996
id0240,P0240_13.5Kpa.jpg,13.5,Medium,Atel,29/05/2026,16:00:00,Maize,Post_Harvest,,,,/kaggle/input/datasets/karimakanu/tensiometer-dataset/499_soil_Dataset/image/P0240_13.5Kpa.jpg,05f2a36fa52ca9c75ac0cb5c61ec33ff,3,1,2,0,6,4,11.544957160949707,1.955042839050293
id0241,P0241_13.5Kpa.jpg,13.5,Medium,Atel,29/05/2026,16:00:00,Maize,Post_Harvest,,,,/kaggle/input/datasets/karimakanu/tensiometer-dataset/499_soil_Dataset/image/P0241_13.5Kpa.jpg,e7be329fbbd3eed64713939b026ca9fc,3,3,2,0,6,4,9.533977508544922,3.966022491455078
id0242,P0242_13.5Kpa.jpg,13.5,Medium,Atel,29/05/2026,16:00:00,Maize,Post_Harvest,,,,/kaggle/input/datasets/karimakanu/tensiometer-dataset/499_soil_Dataset/image/P0242_13.5Kpa.jpg,78a05ffc3307d570d1ae7e59ebc82b7b,3,2,2,0,6,4,9.293106079101562,4.2068939208984375
id0243,P0243_13.5Kpa.jpg,13.5,Medium,Atel,29/05/2026,16:00:00,Maize,Post_Harvest,,,,/kaggle/input/datasets/karimakanu/tensiometer-dataset/499_soil_Dataset/image/P0243_13.5Kpa.jpg,bd6de02055c1116b84df70dd02569aaa,3,1,2,0,6,4,8.335906982421875,5.164093017578125
id0244,P0244_13.5Kpa.jpg,13.5,Medium,Atel,29/05/2026,16:00:00,Maize,Post_Harvest,,,,/kaggle/input/datasets/karimakanu/tensiometer-dataset/499_soil_Dataset/image/P0244_13.5Kpa.jpg,5967c179be428b570ec0a4f0545b2a51,3,2,2,0,6,4,8.096076965332031,5.403923034667969
id0245,P0245_13.5Kpa.jpg,13.5,Medium,Atel,29/05/2026,16:00:00,Maize,Post_Harvest,,,,/kaggle/input/datasets/karimakanu/tensiometer-dataset/499_soil_Dataset/image/P0245_13.5Kpa.jpg,2032188358ca659d0cf2f1217304e878,3,1,2,0,6,4,11.14957332611084,2.35042667388916
id0246,P0246_13.5Kpa.jpg,13.5,Medium,Atel,29/05/2026,16:00:00,Maize,Post_Harvest,,,,/kaggle/input/datasets/karimakanu/tensiometer-dataset/499_soil_Dataset/image/P0246_13.5Kpa.jpg,04c107da2379861eba248c4237643b77,3,4,2,0,6,4,10.294332504272461,3.205667495727539
id0247,P0247_13.5Kpa.jpg,13.5,Medium,Atel,29/05/2026,16:00:00,Maize,Post_Harvest,,,,/kaggle/input/datasets/karimakanu/tensiometer-dataset/499_soil_Dataset/image/P0247_13.5Kpa.jpg,02971b7c6cf11c67791c3f3e1ae10b7c,3,3,2,0,6,4,11.842987060546875,1.657012939453125
id0248,P0248_12.5Kpa.jpg,12.5,Medium,Atel,29/05/2026,16:00:00,Maize,Post_Harvest,,,,/kaggle/input/datasets/karimakanu/tensiometer-dataset/499_soil_Dataset/image/P0248_12.5Kpa.jpg,4fe7269ccc17814e11c34c8098f367bf,3,3,2,0,6,4,10.235123634338379,2.264876365661621
id0249,P0249_12.5Kpa.jpg,12.5,Medium,Atel,29/05/2026,16:00:00,Maize,Post_Harvest,,,,/kaggle/input/datasets/karimakanu/tensiometer-dataset/499_soil_Dataset/image/P0249_12.5Kpa.jpg,c8565d64ec4e535a8a6f25b9feaf78ba,3,4,2,0,6,4,11.651144981384277,0.8488550186157227
id0250,P0250_13.5Kpa.jpg,13.5,Medium,Atel,29/05/2026,16:00:00,Maize,Post_Harvest,,,,/kaggle/input/datasets/karimakanu/tensiometer-dataset/499_soil_Dataset/image/P0250_13.5Kpa.jpg,7e9f22b83318a0f1d71991704c650d97,3,2,2,0,6,4,12.13814926147461,1.3618507385253906
id0251,P0251_13.5Kpa.jpg,13.5,Medium,Atel,29/05/2026,16:00:00,Maize,Post_Harvest,,,,/kaggle/input/datasets/karimakanu/tensiometer-dataset/499_soil_Dataset/image/P0251_13.5Kpa.jpg,74c613a83264cf65ae1d1680e769faf6,3,1,2,0,6,4,11.670381546020508,1.8296184539794922
id0252,P0252_13Kpa.jpg,13.0,Medium,Atel,29/05/2026,16:00:00,Maize,Post_Harvest,,,,/kaggle/input/datasets/karimakanu/tensiometer-dataset/499_soil_Dataset/image/P0252_13Kpa.jpg,def295f386c2f24076da5dbfd81cab5a,3,2,2,0,6,4,7.522826671600342,5.477173328399658
id0253,P0253_13Kpa.jpg,13.0,Medium,Atel,29/05/2026,16:00:00,Maize,Post_Harvest,,,,/kaggle/input/datasets/karimakanu/tensiometer-dataset/499_soil_Dataset/image/P0253_13Kpa.jpg,adc04c7186ca815e3043be656932901e,3,0,2,0,6,4,10.92473030090332,2.0752696990966797
id0254,P0254_12.5Kpa.jpg,12.5,Medium,Atel,29/05/2026,16:00:00,Maize,Post_Harvest,,,,/kaggle/input/datasets/karimakanu/tensiometer-dataset/499_soil_Dataset/image/P0254_12.5Kpa.jpg,26de6125ae84bcf1d7cf624cc88193ea,3,4,2,0,6,4,16.64798927307129,4.147989273071289
id0255,P0255_13Kpa.jpg,13.0,Medium,Atel,29/05/2026,16:00:00,Maize,Post_Harvest,,,,/kaggle/input/datasets/karimakanu/tensiometer-dataset/499_soil_Dataset/image/P0255_13Kpa.jpg,df4f7a37605c2241361d8754fc28a6a8,3,2,2,0,6,4,14.009236335754395,1.0092363357543945
id0256,P0256_13Kpa.jpg,13.0,Medium,Atel,29/05/2026,16:00:00,Maize,Post_Harvest,,,,/kaggle/input/datasets/karimakanu/tensiometer-dataset/499_soil_Dataset/image/P0256_13Kpa.jpg,e93ae8cd48cd0b3369ce271958662b88,3,1,2,0,6,4,13.287328720092773,0.28732872009277344
id0257,P0257_13Kpa.jpg,13.0,Medium,Atel,29/05/2026,16:00:00,Maize,Post_Harvest,,,,/kaggle/input/datasets/karimakanu/tensiometer-dataset/499_soil_Dataset/image/P0257_13Kpa.jpg,f3b3b243c43e586e524630ccfd20d709,3,0,2,0,6,4,13.824697494506836,0.8246974945068359
id0258,P0258_20Kpa.jpg,20.0,Medium,Atel,29/05/2026,16:00:00,Meheguni,Mature,,,,/kaggle/input/datasets/karimakanu/tensiometer-dataset/499_soil_Dataset/image/P0258_20Kpa.jpg,345d7b844c2c31b9400f14a3129c998d,8,0,2,0,8,2,15.669452667236328,4.330547332763672
id0259,P0259_20Kpa.jpg,20.0,Medium,Atel,29/05/2026,16:00:00,Meheguni,Mature,,,,/kaggle/input/datasets/karimakanu/tensiometer-dataset/499_soil_Dataset/image/P0259_20Kpa.jpg,b361e166e2e6fb1cabd439a4442f1933,8,3,2,0,8,2,20.276033401489258,0.2760334014892578
id0260,P0260_20Kpa.jpg,20.0,Medium,Atel,29/05/2026,16:00:00,Meheguni,Mature,,,,/kaggle/input/datasets/karimakanu/tensiometer-dataset/499_soil_Dataset/image/P0260_20Kpa.jpg,33c6ff45c391597324d024f8c9431d91,8,3,2,0,8,2,20.1189022064209,0.11890220642089844
id0261,P0261_20Kpa.jpg,20.0,Medium,Atel,29/05/2026,16:00:00,Meheguni,Mature,,,,/kaggle/input/datasets/karimakanu/tensiometer-dataset/499_soil_Dataset/image/P0261_20Kpa.jpg,4474fbe058588a1104de6296122130f1,8,2,2,0,8,2,21.704389572143555,1.7043895721435547
id0262,P0262_20Kpa.jpg,20.0,Medium,Atel,29/05/2026,16:00:00,Meheguni,Mature,,,,/kaggle/input/datasets/karimakanu/tensiometer-dataset/499_soil_Dataset/image/P0262_20Kpa.jpg,109276f32f32808e4314e44047f7806c,8,3,2,0,8,2,13.947347640991211,6.052652359008789
id0263,P0263_20Kpa.jpg,20.0,Medium,Atel,29/05/2026,16:00:00,Meheguni,Mature,,,,/kaggle/input/datasets/karimakanu/tensiometer-dataset/499_soil_Dataset/image/P0263_20Kpa.jpg,dfa9791e8132d3591cc6a62c2dd76bf9,8,1,2,0,8,2,16.689945220947266,3.3100547790527344
id0264,P0264_20Kpa.jpg,20.0,Medium,Atel,29/05/2026,16:00:00,Meheguni,Mature,,,,/kaggle/input/datasets/karimakanu/tensiometer-dataset/499_soil_Dataset/image/P0264_20Kpa.jpg,0c44f5f2fa1bc89b8f3230aaa76a7461,8,2,2,0,8,2,15.629773139953613,4.370226860046387
id0265,P0265_20Kpa.jpg,20.0,Medium,Atel,29/05/2026,16:00:00,Meheguni,Mature,,,,/kaggle/input/datasets/karimakanu/tensiometer-dataset/499_soil_Dataset/image/P0265_20Kpa.jpg,32b8b1f2a79c80ff8dba30f8140e0d30,8,0,2,0,8,2,16.494403839111328,3.505596160888672
id0266,P0266_20Kpa.jpg,20.0,Medium,Atel,29/05/2026,16:00:00,Meheguni,Mature,,,,/kaggle/input/datasets/karimakanu/tensiometer-dataset/499_soil_Dataset/image/P0266_20Kpa.jpg,383fd264ebded6d48bd27bd2e4e70658,8,0,2,0,8,2,20.420883178710938,0.4208831787109375
id0267,P0267_20Kpa.jpg,20.0,Medium,Atel,29/05/2026,16:00:00,Meheguni,Mature,,,,/kaggle/input/datasets/karimakanu/tensiometer-dataset/499_soil_Dataset/image/P0267_20Kpa.jpg,c41feb0877fe061c57ba334db41a337f,8,3,2,0,8,2,17.230018615722656,2.7699813842773438
id0268,P0268_19.8Kpa.jpg,19.8,Medium,Atel,29/05/2026,16:00:00,Meheguni,Mature,,,,/kaggle/input/datasets/karimakanu/tensiometer-dataset/499_soil_Dataset/image/P0268_19.8Kpa.jpg,a8119d4fc5101efd526571c646bed7d9,8,3,2,0,8,2,21.329505920410156,1.5295059204101555
id0269,P0269_19.5Kpa.jpg,19.5,Medium,Atel,29/05/2026,16:00:00,Meheguni,Mature,,,,/kaggle/input/datasets/karimakanu/tensiometer-dataset/499_soil_Dataset/image/P0269_19.5Kpa.jpg,e017399693ffc19ece44a05d59f8196a,8,0,2,0,8,2,20.786767959594727,1.2867679595947266
id0270,P0270_19.6Kpa.jpg,19.6,Medium,Atel,29/05/2026,16:00:00,Meheguni,Mature,,,,/kaggle/input/datasets/karimakanu/tensiometer-dataset/499_soil_Dataset/image/P0270_19.6Kpa.jpg,a5219cbd7846e8d299d52ff34852fb71,8,3,2,0,8,2,14.063858985900879,5.5361410140991225
id0271,P0271_19.7Kpa.jpg,19.7,Medium,Atel,29/05/2026,16:00:00,Meheguni,Mature,,,,/kaggle/input/datasets/karimakanu/tensiometer-dataset/499_soil_Dataset/image/P0271_19.7Kpa.jpg,f1b5817d7f222609622ba85f73e05e33,8,3,2,0,8,2,16.90079116821289,2.7992088317871087
id0272,P0272_21Kpa.jpg,21.0,Medium,Atel,29/05/2026,16:00:00,Meheguni,Mature,,,,/kaggle/input/datasets/karimakanu/tensiometer-dataset/499_soil_Dataset/image/P0272_21Kpa.jpg,03b9512554ce1cce274994b6569162f4,9,3,2,0,8,2,21.502639770507812,0.5026397705078125
id0273,P0273_21.1Kpa.jpg,21.1,Medium,Atel,29/05/2026,16:00:00,Meheguni,Mature,,,,/kaggle/input/datasets/karimakanu/tensiometer-dataset/499_soil_Dataset/image/P0273_21.1Kpa.jpg,7eee5d907c696feee236c2d7ada157f7,9,3,2,0,8,2,20.553024291992188,0.5469757080078139
id0274,P0274_21.2Kpa.jpg,21.2,Medium,Atel,29/05/2026,16:00:00,Meheguni,Mature,,,,/kaggle/input/datasets/karimakanu/tensiometer-dataset/499_soil_Dataset/image/P0274_21.2Kpa.jpg,ff8e2e99a7e908f6e49215639edee486,9,2,2,0,8,2,11.577164649963379,9.62283535003662
id0275,P0275_21Kpa.jpg,21.0,Medium,Atel,29/05/2026,16:00:00,Meheguni,Mature,,,,/kaggle/input/datasets/karimakanu/tensiometer-dataset/499_soil_Dataset/image/P0275_21Kpa.jpg,0da03322b3482c5b03f3188104dbab9f,9,3,2,0,8,2,21.479551315307617,0.4795513153076172
id0276,P0276_21.3Kpa.jpg,21.3,Medium,Atel,29/05/2026,16:00:00,Meheguni,Mature,,,,/kaggle/input/datasets/karimakanu/tensiometer-dataset/499_soil_Dataset/image/P0276_21.3Kpa.jpg,1039174d5ba112e52e2b84c5a36cbbfc,9,2,2,0,8,2,18.049131393432617,3.2508686065673835
id0277,P0277_21.4Kpa.jpg,21.4,Medium,Atel,29/05/2026,16:00:00,Meheguni,Mature,,,,/kaggle/input/datasets/karimakanu/tensiometer-dataset/499_soil_Dataset/image/P0277_21.4Kpa.jpg,d040cde71375a64efe40ae46ff9aa29f,9,0,2,0,8,2,23.69978141784668,2.299781417846681
id0278,P0278_21.5Kpa.jpg,21.5,Medium,Atel,29/05/2026,16:00:00,Meheguni,Mature,,,,/kaggle/input/datasets/karimakanu/tensiometer-dataset/499_soil_Dataset/image/P0278_21.5Kpa.jpg,5d347fd2e80bc1bdf82a82f79ac7e19c,9,4,2,0,8,2,17.147493362426758,4.352506637573242
id0279,P0279_20Kpa.jpg,20.0,Medium,Atel,29/05/2026,16:00:00,Meheguni,Mature,,,,/kaggle/input/datasets/karimakanu/tensiometer-dataset/499_soil_Dataset/image/P0279_20Kpa.jpg,3b8b5d61a8cce6293f3d7b33167f6c7a,8,2,2,0,8,2,19.466259002685547,0.5337409973144531
id0280,P0280_20Kpa.jpg,20.0,Medium,Atel,29/05/2026,16:00:00,Meheguni,Mature,,,,/kaggle/input/datasets/karimakanu/tensiometer-dataset/499_soil_Dataset/image/P0280_20Kpa.jpg,406d6e41168c10de7916845f555ca477,8,4,2,0,8,2,15.451454162597656,4.548545837402344
id0281,P0281_20Kpa.jpg,20.0,Medium,Atel,29/05/2026,16:00:00,Meheguni,Mature,,,,/kaggle/input/datasets/karimakanu/tensiometer-dataset/499_soil_Dataset/image/P0281_20Kpa.jpg,c0a451d98476d977c08bdc3d28131875,8,4,2,0,8,2,24.4520206451416,4.452020645141602
id0282,P0282_20Kpa.jpg,20.0,Medium,Atel,29/05/2026,16:00:00,Meheguni,Mature,,,,/kaggle/input/datasets/karimakanu/tensiometer-dataset/499_soil_Dataset/image/P0282_20Kpa.jpg,adc054595e3324f4dcd4dc748dd32c5b,8,1,2,0,8,2,22.509252548217773,2.5092525482177734
id0283,P0283_20Kpa.jpg,20.0,Medium,Atel,29/05/2026,16:00:00,Meheguni,Mature,,,,/kaggle/input/datasets/karimakanu/tensiometer-dataset/499_soil_Dataset/image/P0283_20Kpa.jpg,51ac1db5ca0835533b25b5a2a4427e7b,8,0,2,0,8,2,18.006675720214844,1.9933242797851562
id0284,P0284_20Kpa.jpg,20.0,Medium,Atel,29/05/2026,16:00:00,Meheguni,Mature,,,,/kaggle/input/datasets/karimakanu/tensiometer-dataset/499_soil_Dataset/image/P0284_20Kpa.jpg,bddeda09d75a41c3c44645bf879a0270,8,2,2,0,8,2,16.0897159576416,3.9102840423583984
id0285,P0285_20Kpa.jpg,20.0,Medium,Atel,29/05/2026,16:00:00,Meheguni,Mature,,,,/kaggle/input/datasets/karimakanu/tensiometer-dataset/499_soil_Dataset/image/P0285_20Kpa.jpg,445945889cf5b01639eec0b99d320b7b,8,3,2,0,8,2,17.601686477661133,2.398313522338867
id0286,P0286_20Kpa.jpg,20.0,Medium,Atel,29/05/2026,16:00:00,Meheguni,Mature,,,,/kaggle/input/datasets/karimakanu/tensiometer-dataset/499_soil_Dataset/image/P0286_20Kpa.jpg,6a668f5a0d88de92111742deaeb0065b,8,4,2,0,8,2,17.763517379760742,2.236482620239258
id0287,P0287_20Kpa.jpg,20.0,Medium,Atel,29/05/2026,16:00:00,Meheguni,Mature,,,,/kaggle/input/datasets/karimakanu/tensiometer-dataset/499_soil_Dataset/image/P0287_20Kpa.jpg,7790134f12d51285e4b9f8c26df4729f,8,0,2,0,8,2,19.95789337158203,0.04210662841796875
id0288,P0288_20Kpa.jpg,20.0,Medium,Atel,29/05/2026,16:00:00,Meheguni,Mature,,,,/kaggle/input/datasets/karimakanu/tensiometer-dataset/499_soil_Dataset/image/P0288_20Kpa.jpg,e47cbb200b43d34c3376f8cc44b93f5d,8,2,2,0,8,2,11.426742553710938,8.573257446289062
id0289,P0289_20Kpa.jpg,20.0,Medium,Atel,29/05/2026,16:00:00,Meheguni,Mature,,,,/kaggle/input/datasets/karimakanu/tensiometer-dataset/499_soil_Dataset/image/P0289_20Kpa.jpg,0fbf15d83f8500534ad8190f111c629e,8,1,2,0,8,2,17.610044479370117,2.389955520629883
id0290,P0290_20Kpa.jpg,20.0,Medium,Atel,29/05/2026,16:00:00,Meheguni,Mature,,,,/kaggle/input/datasets/karimakanu/tensiometer-dataset/499_soil_Dataset/image/P0290_20Kpa.jpg,1db709d5f4f671b518498cc3d2313497,8,4,2,0,8,2,22.52698516845703,2.5269851684570312
id0291,P0291_20Kpa.jpg,20.0,Medium,Atel,29/05/2026,16:00:00,Meheguni,Mature,,,,/kaggle/input/datasets/karimakanu/tensiometer-dataset/499_soil_Dataset/image/P0291_20Kpa.jpg,7cb6879661eb505ec7838d2ce6ec64ce,8,1,2,0,8,2,22.610530853271484,2.6105308532714844
id0292,P0292_20Kpa.jpg,20.0,Medium,Atel,29/05/2026,16:00:00,Meheguni,Mature,,,,/kaggle/input/datasets/karimakanu/tensiometer-dataset/499_soil_Dataset/image/P0292_20Kpa.jpg,62c9c0df61abc15965cfa34ecf3890ed,8,4,2,0,8,2,18.734905242919922,1.2650947570800781
id0293,P0293_20Kpa.jpg,20.0,Medium,Atel,29/05/2026,16:00:00,Meheguni,Mature,,,,/kaggle/input/datasets/karimakanu/tensiometer-dataset/499_soil_Dataset/image/P0293_20Kpa.jpg,d81959ee6bbb40a4caa4b95e1f875cfe,8,2,2,0,8,2,21.29196548461914,1.2919654846191406
id0294,P0294_20Kpa.jpg,20.0,Medium,Atel,29/05/2026,16:00:00,Meheguni,Mature,,,,/kaggle/input/datasets/karimakanu/tensiometer-dataset/499_soil_Dataset/image/P0294_20Kpa.jpg,543ad9d0ecce24dd5c3173f91d23421b,8,0,2,0,8,2,19.125308990478516,0.8746910095214844
id0295,P0295_20Kpa.jpg,20.0,Medium,Atel,29/05/2026,16:00:00,Meheguni,Mature,,,,/kaggle/input/datasets/karimakanu/tensiometer-dataset/499_soil_Dataset/image/P0295_20Kpa.jpg,0ba45890105b5c7c7cc9960fee75714b,8,1,2,0,8,2,15.405125617980957,4.594874382019043
id0296,P0296_20Kpa.jpg,20.0,Medium,Atel,29/05/2026,16:00:00,Meheguni,Mature,,,,/kaggle/input/datasets/karimakanu/tensiometer-dataset/499_soil_Dataset/image/P0296_20Kpa.jpg,5a6dd46aa9b63b2ad5aa376def626937,8,3,2,0,8,2,20.38177490234375,0.38177490234375
id0297,P0297_20Kpa.jpg,20.0,Medium,Atel,29/05/2026,16:00:00,Meheguni,Mature,,,,/kaggle/input/datasets/karimakanu/tensiometer-dataset/499_soil_Dataset/image/P0297_20Kpa.jpg,aaf9d828c8489830da068a9fc27d0245,8,1,2,0,8,2,20.779327392578125,0.779327392578125
id0298,P0298_20Kpa.jpg,20.0,Medium,Atel,29/05/2026,16:00:00,Meheguni,Mature,,,,/kaggle/input/datasets/karimakanu/tensiometer-dataset/499_soil_Dataset/image/P0298_20Kpa.jpg,540eb860a6676bf2dd594217acaa590f,8,0,2,0,8,2,16.885143280029297,3.114856719970703
id0299,P0299_20Kpa.jpg,20.0,Medium,Atel,29/05/2026,16:00:00,Meheguni,Mature,,,,/kaggle/input/datasets/karimakanu/tensiometer-dataset/499_soil_Dataset/image/P0299_20Kpa.jpg,e9b74d503fc143ea76ef5519a37aeab5,8,0,2,0,8,2,13.755234718322754,6.244765281677246
id0300,P0300_20Kpa.jpg,20.0,Medium,Atel,29/05/2026,16:00:00,Meheguni,Mature,,,,/kaggle/input/datasets/karimakanu/tensiometer-dataset/499_soil_Dataset/image/P0300_20Kpa.jpg,e7530c39d6e9b5e987d30917cf04f4c9,8,4,2,0,8,2,13.198563575744629,6.801436424255371
id0301,P0301_20Kpa.jpg,20.0,Medium,Atel,29/05/2026,16:00:00,Meheguni,Mature,,,,/kaggle/input/datasets/karimakanu/tensiometer-dataset/499_soil_Dataset/image/P0301_20Kpa.jpg,62b7c8dba4f074a05d74b9986ff978b9,8,0,2,0,8,2,13.630191802978516,6.369808197021484
id0303,P0303_20Kpa.jpg,20.0,Medium,Atel,29/05/2026,16:00:00,Meheguni,Mature,,,,/kaggle/input/datasets/karimakanu/tensiometer-dataset/499_soil_Dataset/image/P0303_20Kpa.jpg,e230011ef6d46ef9edd1909d61ea6211,8,2,2,0,8,2,14.51719856262207,5.48280143737793
id0304,P0304_15Kpa.jpg,15.0,Low,Poli,29/05/2026,16:00:00,Rich,Seed_Sowing,,,,/kaggle/input/datasets/karimakanu/tensiometer-dataset/499_soil_Dataset/image/P0304_15Kpa.jpg,25e24a3dac777965fff689ff6a01d8b7,5,3,1,5,11,6,11.601574897766113,3.3984251022338867
id0305,P0305_15Kpa.jpg,15.0,Low,Poli,29/05/2026,16:00:00,Rich,Seed_Sowing,,,,/kaggle/input/datasets/karimakanu/tensiometer-dataset/499_soil_Dataset/image/P0305_15Kpa.jpg,3e111d1762341fbc60339d2f2e127e02,5,1,1,5,11,6,14.697933197021484,0.3020668029785156
id0306,P0306_15Kpa.jpg,15.0,Low,Poli,29/05/2026,16:00:00,Rich,Seed_Sowing,,,,/kaggle/input/datasets/karimakanu/tensiometer-dataset/499_soil_Dataset/image/P0306_15Kpa.jpg,fc43e7e0e1940762da74458b71577cc3,5,1,1,5,11,6,8.247359275817871,6.752640724182129
id0307,P0307_15Kpa.jpg,15.0,Low,Poli,29/05/2026,16:00:00,Rich,Seed_Sowing,,,,/kaggle/input/datasets/karimakanu/tensiometer-dataset/499_soil_Dataset/image/P0307_15Kpa.jpg,02ed088c9e67ade9c52c3ec862596aeb,5,3,1,5,11,6,13.089271545410156,1.9107284545898438
id0308,P0308_15Kpa.jpg,15.0,Low,Poli,29/05/2026,16:00:00,Rich,Seed_Sowing,,,,/kaggle/input/datasets/karimakanu/tensiometer-dataset/499_soil_Dataset/image/P0308_15Kpa.jpg,c444cf6c00220168198523526c8a0100,5,0,1,5,11,6,4.348906993865967,10.651093006134033
id0309,P0309_15Kpa.jpg,15.0,Low,Poli,29/05/2026,16:00:00,Rich,Seed_Sowing,,,,/kaggle/input/datasets/karimakanu/tensiometer-dataset/499_soil_Dataset/image/P0309_15Kpa.jpg,0557f20995bf12d17ee2c35427608e63,5,2,1,5,11,6,6.397883415222168,8.602116584777832
id0310,P0310_15Kpa.jpg,15.0,Low,Poli,29/05/2026,16:00:00,Rich,Seed_Sowing,,,,/kaggle/input/datasets/karimakanu/tensiometer-dataset/499_soil_Dataset/image/P0310_15Kpa.jpg,b41fd30e98e9e009f2b6b404175c5e0d,5,4,1,5,11,6,8.436822891235352,6.563177108764648
id0311,P0311_15Kpa.jpg,15.0,Low,Poli,29/05/2026,16:00:00,Rich,Seed_Sowing,,,,/kaggle/input/datasets/karimakanu/tensiometer-dataset/499_soil_Dataset/image/P0311_15Kpa.jpg,e8fa8dd42626bc5a924b9cb58864a143,5,0,1,5,11,6,13.195979118347168,1.804020881652832
id0312,P0312_15Kpa.jpg,15.0,Low,Poli,29/05/2026,16:00:00,Rich,Seed_Sowing,,,,/kaggle/input/datasets/karimakanu/tensiometer-dataset/499_soil_Dataset/image/P0312_15Kpa.jpg,ae2b0596b02108348777121c8afbbde2,5,4,1,5,11,6,14.956619262695312,0.0433807373046875
id0313,P0313_15Kpa.jpg,15.0,Low,Poli,29/05/2026,16:00:00,Rich,Seed_Sowing,,,,/kaggle/input/datasets/karimakanu/tensiometer-dataset/499_soil_Dataset/image/P0313_15Kpa.jpg,3d359937055f9467f7761d6154f9cde4,5,4,1,5,11,6,16.670291900634766,1.6702919006347656
id0314,P0314_15Kpa.jpg,15.0,Low,Poli,29/05/2026,16:00:00,Rich,Seed_Sowing,,,,/kaggle/input/datasets/karimakanu/tensiometer-dataset/499_soil_Dataset/image/P0314_15Kpa.jpg,2170118a047455c95f269aa011b6f1be,5,0,1,5,11,6,9.238572120666504,5.761427879333496
id0315,P0315_15Kpa.jpg,15.0,Low,Poli,29/05/2026,16:00:00,Rich,Seed_Sowing,,,,/kaggle/input/datasets/karimakanu/tensiometer-dataset/499_soil_Dataset/image/P0315_15Kpa.jpg,6aef2f833f546f7308373f82bfa3c3bf,5,4,1,5,11,6,10.138862609863281,4.861137390136719
id0316,P0316_15Kpa.jpg,15.0,Low,Poli,29/05/2026,16:00:00,Rich,Seed_Sowing,,,,/kaggle/input/datasets/karimakanu/tensiometer-dataset/499_soil_Dataset/image/P0316_15Kpa.jpg,11fefef609eb4bfcb22ec969eaa1986a,5,1,1,5,11,6,15.360426902770996,0.3604269027709961
id0317,P0317_15Kpa.jpg,15.0,Low,Poli,29/05/2026,16:00:00,Rich,Seed_Sowing,,,,/kaggle/input/datasets/karimakanu/tensiometer-dataset/499_soil_Dataset/image/P0317_15Kpa.jpg,f75226c8a65ae7298e69fbb2adafbd17,5,3,1,5,11,6,6.5386528968811035,8.461347103118896
id0318,P0318_15Kpa.jpg,15.0,Low,Poli,29/05/2026,16:00:00,Rich,Seed_Sowing,,,,/kaggle/input/datasets/karimakanu/tensiometer-dataset/499_soil_Dataset/image/P0318_15Kpa.jpg,02ee347b3e6ecf027449ddba81258a21,5,3,1,5,11,6,6.677521705627441,8.322478294372559
id0319,P0319_15Kpa.jpg,15.0,Low,Poli,29/05/2026,16:00:00,Rich,Seed_Sowing,,,,/kaggle/input/datasets/karimakanu/tensiometer-dataset/499_soil_Dataset/image/P0319_15Kpa.jpg,9a9a1c5bc6dc5b52cfd14c0a36fa5aa3,5,2,1,5,11,6,8.839617729187012,6.160382270812988
id0320,P0320_15Kpa.jpg,15.0,Low,Poli,29/05/2026,16:00:00,Rich,Seed_Sowing,,,,/kaggle/input/datasets/karimakanu/tensiometer-dataset/499_soil_Dataset/image/P0320_15Kpa.jpg,69c2e7e76f59f8361a41511fc76b1f8d,5,3,1,5,11,6,14.484496116638184,0.5155038833618164
id0321,P0321_15Kpa.jpg,15.0,Low,Poli,29/05/2026,16:00:00,Rich,Seed_Sowing,,,,/kaggle/input/datasets/karimakanu/tensiometer-dataset/499_soil_Dataset/image/P0321_15Kpa.jpg,3986db4a9e55cdc9e0dc4525f00a2d37,5,0,1,5,11,6,7.859677314758301,7.140322685241699
id0322,P0322_15Kpa.jpg,15.0,Low,Poli,29/05/2026,16:00:00,Rich,Seed_Sowing,,,,/kaggle/input/datasets/karimakanu/tensiometer-dataset/499_soil_Dataset/image/P0322_15Kpa.jpg,7170bb662569f38945812e23e3c6aee3,5,2,1,5,11,6,6.447877883911133,8.552122116088867
id0323,P0323_15Kpa.jpg,15.0,Low,Poli,29/05/2026,16:00:00,Rich,Seed_Sowing,,,,/kaggle/input/datasets/karimakanu/tensiometer-dataset/499_soil_Dataset/image/P0323_15Kpa.jpg,8338186fa7afd3201a1ffabba616364e,5,4,1,5,11,6,18.649375915527344,3.6493759155273438
id0324,P0324_15Kpa.jpg,15.0,Low,Poli,29/05/2026,16:00:00,Rich,Seed_Sowing,,,,/kaggle/input/datasets/karimakanu/tensiometer-dataset/499_soil_Dataset/image/P0324_15Kpa.jpg,3d94cd06c08ecd60b33201929ef8323c,5,3,1,5,11,6,10.825559616088867,4.174440383911133
id0325,P0325_15Kpa.jpg,15.0,Low,Poli,29/05/2026,16:00:00,Rich,Seed_Sowing,,,,/kaggle/input/datasets/karimakanu/tensiometer-dataset/499_soil_Dataset/image/P0325_15Kpa.jpg,a630733ff71dfbc3fce058e486533427,5,1,1,5,11,6,10.835175514221191,4.164824485778809
id0326,P0326_15Kpa.jpg,15.0,Low,Poli,29/05/2026,16:00:00,Rich,Seed_Sowing,,,,/kaggle/input/datasets/karimakanu/tensiometer-dataset/499_soil_Dataset/image/P0326_15Kpa.jpg,754402ac88ee430fbed5866db43cbe25,5,2,1,5,11,6,10.041901588439941,4.958098411560059
id0327,P0327_15Kpa.jpg,15.0,Low,Poli,29/05/2026,16:00:00,Rich,Seed_Sowing,,,,/kaggle/input/datasets/karimakanu/tensiometer-dataset/499_soil_Dataset/image/P0327_15Kpa.jpg,2b45a59ebe6f4099150bef684eaf6f5c,5,3,1,5,11,6,16.805095672607422,1.8050956726074219
id0328,P0328_15Kpa.jpg,15.0,Low,Poli,29/05/2026,16:00:00,Rich,Seed_Sowing,,,,/kaggle/input/datasets/karimakanu/tensiometer-dataset/499_soil_Dataset/image/P0328_15Kpa.jpg,9fd23e7c4f28448c1b7752683be5af43,5,1,1,5,11,6,10.280451774597168,4.719548225402832
id0329,P0329_15Kpa.jpg,15.0,Low,Poli,29/05/2026,16:00:00,Rich,Seed_Sowing,,,,/kaggle/input/datasets/karimakanu/tensiometer-dataset/499_soil_Dataset/image/P0329_15Kpa.jpg,8b8c0cf7dd3a8f4245e37cf95b77e07c,5,0,1,5,11,6,16.868003845214844,1.8680038452148438
id0330,P0330_15Kpa.jpg,15.0,Low,Poli,29/05/2026,16:00:00,Rich,Seed_Sowing,,,,/kaggle/input/datasets/karimakanu/tensiometer-dataset/499_soil_Dataset/image/P0330_15Kpa.jpg,125f72d986854d56f4ab9e01097024f9,5,4,1,5,11,6,12.446558952331543,2.553441047668457
id0331,P0331_17Kpa.jpg,17.0,High,Doash,29/05/2026,16:00:00,Okra,Seed_Sowing,,,,/kaggle/input/datasets/karimakanu/tensiometer-dataset/499_soil_Dataset/image/P0331_17Kpa.jpg,7503d3da78767fc0dd5094b26f79cee8,7,4,0,4,10,6,14.310773849487305,2.6892261505126953
id0332,P0332_14Kpa.jpg,14.0,High,Doash,29/05/2026,16:00:00,Okra,Seed_Sowing,,,,/kaggle/input/datasets/karimakanu/tensiometer-dataset/499_soil_Dataset/image/P0332_14Kpa.jpg,2eee3712ab2370bea1c710a21d6ce2eb,3,1,0,4,10,6,13.89970874786377,0.10029125213623047
id0333,P0333_13Kpa.jpg,13.0,High,Doash,29/05/2026,16:00:00,Okra,Seed_Sowing,,,,/kaggle/input/datasets/karimakanu/tensiometer-dataset/499_soil_Dataset/image/P0333_13Kpa.jpg,ab5f3d243d0ba97815dabbb55c7800b8,3,3,0,4,10,6,15.97866153717041,2.97866153717041
id0334,P0334_13Kpa.jpg,13.0,High,Doash,29/05/2026,16:00:00,Okra,Seed_Sowing,,,,/kaggle/input/datasets/karimakanu/tensiometer-dataset/499_soil_Dataset/image/P0334_13Kpa.jpg,84488a6cc7359f6add79cbde820aa060,3,0,0,4,10,6,12.224751472473145,0.7752485275268555
id0335,P0335_13Kpa.jpg,13.0,High,Doash,29/05/2026,16:00:00,Okra,Seed_Sowing,,,,/kaggle/input/datasets/karimakanu/tensiometer-dataset/499_soil_Dataset/image/P0335_13Kpa.jpg,989824e40e06d9fcd39fe7b07e5314f8,3,4,0,4,10,6,16.454166412353516,3.4541664123535156
id0336,P0336_13Kpa.jpg,13.0,High,Doash,29/05/2026,16:00:00,Okra,Seed_Sowing,,,,/kaggle/input/datasets/karimakanu/tensiometer-dataset/499_soil_Dataset/image/P0336_13Kpa.jpg,3b1962d9109e74a8099e900ef7e832ec,3,1,0,4,10,6,10.019603729248047,2.980396270751953
id0337,P0337_13Kpa.jpg,13.0,High,Doash,29/05/2026,16:00:00,Okra,Seed_Sowing,,,,/kaggle/input/datasets/karimakanu/tensiometer-dataset/499_soil_Dataset/image/P0337_13Kpa.jpg,135e93e04f15b2d77e3078bddab87bd6,3,2,0,4,10,6,8.923003196716309,4.076996803283691
id0338,P0338_13Kpa.jpg,13.0,High,Doash,29/05/2026,16:00:00,Okra,Seed_Sowing,,,,/kaggle/input/datasets/karimakanu/tensiometer-dataset/499_soil_Dataset/image/P0338_13Kpa.jpg,ec40d379c3c14ef0f9c0dedb35330f11,3,3,0,4,10,6,14.432235717773438,1.4322357177734375
id0339,P0339_13Kpa.jpg,13.0,High,Doash,29/05/2026,16:00:00,Okra,Seed_Sowing,,,,/kaggle/input/datasets/karimakanu/tensiometer-dataset/499_soil_Dataset/image/P0339_13Kpa.jpg,53211369528072bfaca5c06eae01cf47,3,2,0,4,10,6,11.737571716308594,1.2624282836914062
id0340,P0340_10Kpa.jpg,10.0,High,Doash,29/05/2026,16:00:00,Okra,Seed_Sowing,,,,/kaggle/input/datasets/karimakanu/tensiometer-dataset/499_soil_Dataset/image/P0340_10Kpa.jpg,cb9474786408a130f4d59d32165b5af4,1,4,0,4,10,6,15.498385429382324,5.498385429382324
id0341,P0341_13Kpa.jpg,13.0,High,Doash,29/05/2026,16:00:00,Okra,Seed_Sowing,,,,/kaggle/input/datasets/karimakanu/tensiometer-dataset/499_soil_Dataset/image/P0341_13Kpa.jpg,30b40a31fd4b8ecbcd2530a40f8570ea,3,2,0,4,10,6,10.953514099121094,2.0464859008789062
id0342,P0342_13Kpa.jpg,13.0,High,Doash,29/05/2026,16:00:00,Okra,Seed_Sowing,,,,/kaggle/input/datasets/karimakanu/tensiometer-dataset/499_soil_Dataset/image/P0342_13Kpa.jpg,fd7fb49f261ae2044f56b0db4b5ba854,3,0,0,4,10,6,14.63294506072998,1.6329450607299805
id0343,P0343_13Kpa.jpg,13.0,High,Doash,29/05/2026,16:00:00,Okra,Seed_Sowing,,,,/kaggle/input/datasets/karimakanu/tensiometer-dataset/499_soil_Dataset/image/P0343_13Kpa.jpg,2a0ddfad1e7201f8a5b9196a14c8c696,3,2,0,4,10,6,12.146166801452637,0.8538331985473633
id0344,P0344_20Kpa.jpg,20.0,High,Doash,29/05/2026,16:00:00,Mango,Mature,,,,/kaggle/input/datasets/karimakanu/tensiometer-dataset/499_soil_Dataset/image/P0344_20Kpa.jpg,6b62989e7ff1e89ae9c7d1b7b14e6ed6,8,2,0,4,7,2,15.367883682250977,4.632116317749023
id0345,P0345_20Kpa.jpg,20.0,High,Doash,29/05/2026,16:00:00,Mango,Mature,,,,/kaggle/input/datasets/karimakanu/tensiometer-dataset/499_soil_Dataset/image/P0345_20Kpa.jpg,f4ae6abd1f063887a8d1711a79573850,8,3,0,4,7,2,17.367856979370117,2.632143020629883
id0346,P0346_20Kpa.jpg,20.0,High,Doash,29/05/2026,16:00:00,Mango,Mature,,,,/kaggle/input/datasets/karimakanu/tensiometer-dataset/499_soil_Dataset/image/P0346_20Kpa.jpg,14d7282708333b667a0f43bce7b3ef8f,8,4,0,4,7,2,15.114582061767578,4.885417938232422
id0347,P0347_21Kpa.jpg,21.0,High,Doash,29/05/2026,16:00:00,Mango,Mature,,,,/kaggle/input/datasets/karimakanu/tensiometer-dataset/499_soil_Dataset/image/P0347_21Kpa.jpg,1a983876b4d19b43bf8ab9bc8b05b3e4,9,1,0,4,7,2,7.622447490692139,13.377552509307861
id0348,P0348_20Kpa.jpg,20.0,High,Doash,29/05/2026,16:00:00,Mango,Mature,,,,/kaggle/input/datasets/karimakanu/tensiometer-dataset/499_soil_Dataset/image/P0348_20Kpa.jpg,fc12ba7fda06095d3f2fa5c915708fc3,8,0,0,4,7,2,12.175131797790527,7.824868202209473
id0349,P0349_21Kpa.jpg,21.0,High,Doash,29/05/2026,16:00:00,Mango,Mature,,,,/kaggle/input/datasets/karimakanu/tensiometer-dataset/499_soil_Dataset/image/P0349_21Kpa.jpg,498400870ae96f707a92d04a0797b877,9,2,0,4,7,2,21.770761489868164,0.7707614898681641
id0350,P0350_21Kpa.jpg,21.0,High,Doash,29/05/2026,16:00:00,Mango,Mature,,,,/kaggle/input/datasets/karimakanu/tensiometer-dataset/499_soil_Dataset/image/P0350_21Kpa.jpg,162bcc9893c68980c1b5b8af353654bb,9,4,0,4,7,2,15.592320442199707,5.407679557800293
id0351,P0351_21Kpa.jpg,21.0,High,Doash,29/05/2026,16:00:00,Mango,Mature,,,,/kaggle/input/datasets/karimakanu/tensiometer-dataset/499_soil_Dataset/image/P0351_21Kpa.jpg,1878384dcdaff6d89250ba8a843aa1d4,9,3,0,4,7,2,15.24537467956543,5.75462532043457
id0352,P0352_21Kpa.jpg,21.0,High,Doash,29/05/2026,16:00:00,Mango,Mature,,,,/kaggle/input/datasets/karimakanu/tensiometer-dataset/499_soil_Dataset/image/P0352_21Kpa.jpg,77252f63212d08e1d451940de88e06a6,9,0,0,4,7,2,21.615882873535156,0.6158828735351562
id0353,P0353_21Kpa.jpg,21.0,High,Doash,29/05/2026,16:00:00,Mango,Mature,,,,/kaggle/input/datasets/karimakanu/tensiometer-dataset/499_soil_Dataset/image/P0353_21Kpa.jpg,f40748d735d3d4dfa49cf65eb2965399,9,2,0,4,7,2,16.63150978088379,4.368490219116211
id0354,P0354_21Kpa.jpg,21.0,High,Doash,29/05/2026,16:00:00,Mango,Mature,,,,/kaggle/input/datasets/karimakanu/tensiometer-dataset/499_soil_Dataset/image/P0354_21Kpa.jpg,0d6395fb835dc3805c6276054b59fab3,9,0,0,4,7,2,26.155616760253906,5.155616760253906
id0355,P0355_21Kpa.jpg,21.0,High,Doash,29/05/2026,16:00:00,Mango,Mature,,,,/kaggle/input/datasets/karimakanu/tensiometer-dataset/499_soil_Dataset/image/P0355_21Kpa.jpg,42388adf2a8585275c7790c44cb228a4,9,1,0,4,7,2,18.275453567504883,2.724546432495117
id0356,P0356_20Kpa.jpg,20.0,High,Doash,29/05/2026,16:00:00,Mango,Mature,,,,/kaggle/input/datasets/karimakanu/tensiometer-dataset/499_soil_Dataset/image/P0356_20Kpa.jpg,18cf0cbfc39f39be73d9c332a7a19c34,8,1,0,4,7,2,16.81668472290039,3.1833152770996094
id0357,P0357_21Kpa.jpg,21.0,High,Doash,29/05/2026,16:00:00,Mango,Mature,,,,/kaggle/input/datasets/karimakanu/tensiometer-dataset/499_soil_Dataset/image/P0357_21Kpa.jpg,dbfde18d2252036bb623ab5da26801e4,9,3,0,4,7,2,16.19637107849121,4.803628921508789
id0358,P0358_21Kpa.jpg,21.0,High,Doash,29/05/2026,16:00:00,Mango,Mature,,,,/kaggle/input/datasets/karimakanu/tensiometer-dataset/499_soil_Dataset/image/P0358_21Kpa.jpg,6890aa527f221fb53cbd87a49c1f9020,9,0,0,4,7,2,26.71908950805664,5.719089508056641
id0359,P0359_21Kpa.jpg,21.0,High,Doash,29/05/2026,16:00:00,Mango,Mature,,,,/kaggle/input/datasets/karimakanu/tensiometer-dataset/499_soil_Dataset/image/P0359_21Kpa.jpg,c8925815da025437ac35104ec8ae672d,9,0,0,4,7,2,21.826688766479492,0.8266887664794922
id0360,P0360_21Kpa.jpg,21.0,High,Doash,29/05/2026,16:00:00,Mango,Mature,,,,/kaggle/input/datasets/karimakanu/tensiometer-dataset/499_soil_Dataset/image/P0360_21Kpa.jpg,4e7638b8ba16c30e29ba8acd5185e2b9,9,4,0,4,7,2,23.888343811035156,2.8883438110351562
id0361,P0361_21Kpa.jpg,21.0,High,Doash,29/05/2026,16:00:00,Mango,Mature,,,,/kaggle/input/datasets/karimakanu/tensiometer-dataset/499_soil_Dataset/image/P0361_21Kpa.jpg,d3535e8045a25efbe10e0f2d25ef4c6b,9,4,0,4,7,2,18.568519592285156,2.4314804077148438
id0362,P0362_21Kpa.jpg,21.0,High,Doash,29/05/2026,16:00:00,Mango,Mature,,,,/kaggle/input/datasets/karimakanu/tensiometer-dataset/499_soil_Dataset/image/P0362_21Kpa.jpg,cd30373c67dd8fcbfcb3bcb043c77a73,9,4,0,4,7,2,10.017606735229492,10.982393264770508
id0363,P0363_21Kpa.jpg,21.0,High,Doash,29/05/2026,16:00:00,Mango,Mature,,,,/kaggle/input/datasets/karimakanu/tensiometer-dataset/499_soil_Dataset/image/P0363_21Kpa.jpg,093f1885c0e897b24bf0504d1a8669a0,9,3,0,4,7,2,14.763069152832031,6.236930847167969
id0364,P0364_21Kpa.jpg,21.0,High,Doash,29/05/2026,16:00:00,Mango,Mature,,,,/kaggle/input/datasets/karimakanu/tensiometer-dataset/499_soil_Dataset/image/P0364_21Kpa.jpg,8daa71c68748b7b8fb1358794b79b1d4,9,3,0,4,7,2,12.575782775878906,8.424217224121094
id0365,P0365_21Kpa.jpg,21.0,High,Doash,29/05/2026,16:00:00,Mango,Mature,,,,/kaggle/input/datasets/karimakanu/tensiometer-dataset/499_soil_Dataset/image/P0365_21Kpa.jpg,f1aea1a2fcac9f4db5f9950910a944ee,9,1,0,4,7,2,17.559541702270508,3.440458297729492
id0366,P0366_21Kpa.jpg,21.0,High,Doash,29/05/2026,16:00:00,Mango,Mature,,,,/kaggle/input/datasets/karimakanu/tensiometer-dataset/499_soil_Dataset/image/P0366_21Kpa.jpg,e3ea701cbed1a966dd57dbe8cf2acba6,9,4,0,4,7,2,25.912694931030273,4.912694931030273
id0367,P0367_21Kpa.jpg,21.0,High,Doash,29/05/2026,16:00:00,Mango,Mature,,,,/kaggle/input/datasets/karimakanu/tensiometer-dataset/499_soil_Dataset/image/P0367_21Kpa.jpg,95eef92d8d15544e92753de3a6c6c39c,9,1,0,4,7,2,20.691852569580078,0.3081474304199219
id0368,P0368_20.8Kpa.jpg,20.8,High,Doash,29/05/2026,16:00:00,Mango,Mature,,,,/kaggle/input/datasets/karimakanu/tensiometer-dataset/499_soil_Dataset/image/P0368_20.8Kpa.jpg,d9e0cba8d4b95efc94c18d57bcb7cfec,9,0,0,4,7,2,26.90167999267578,6.1016799926757805
id0369,P0369_20.5Kpa.jpg,20.5,High,Doash,29/05/2026,16:00:00,Mango,Mature,,,,/kaggle/input/datasets/karimakanu/tensiometer-dataset/499_soil_Dataset/image/P0369_20.5Kpa.jpg,7b549c203caa9610c295dfb20890e795,9,2,0,4,7,2,16.658063888549805,3.8419361114501953
id0370,P0370_20.5Kpa.jpg,20.5,High,Doash,29/05/2026,16:00:00,Mango,Mature,,,,/kaggle/input/datasets/karimakanu/tensiometer-dataset/499_soil_Dataset/image/P0370_20.5Kpa.jpg,cd603bb0392e0bb4ebf94336f8e58d47,9,1,0,4,7,2,10.193424224853516,10.306575775146484
id0371,P0371_20.5Kpa.jpg,20.5,High,Doash,29/05/2026,16:00:00,Mango,Mature,,,,/kaggle/input/datasets/karimakanu/tensiometer-dataset/499_soil_Dataset/image/P0371_20.5Kpa.jpg,75d34a568d911428dd35287f54285695,9,1,0,4,7,2,15.5249662399292,4.975033760070801
id0372,P0372_20.5Kpa.jpg,20.5,High,Doash,29/05/2026,16:00:00,Mango,Mature,,,,/kaggle/input/datasets/karimakanu/tensiometer-dataset/499_soil_Dataset/image/P0372_20.5Kpa.jpg,42dc39bd8d140e2a4b1ce4ef8b79f290,9,0,0,4,7,2,17.279571533203125,3.220428466796875
id0373,P0373_20.5Kpa.jpg,20.5,High,Doash,29/05/2026,16:00:00,Mango,Mature,,,,/kaggle/input/datasets/karimakanu/tensiometer-dataset/499_soil_Dataset/image/P0373_20.5Kpa.jpg,38dd650e77caeb7cd1c5283a604b0627,9,0,0,4,7,2,17.312610626220703,3.187389373779297
id0374,P0374_20.5Kpa.jpg,20.5,High,Doash,29/05/2026,16:00:00,Mango,Mature,,,,/kaggle/input/datasets/karimakanu/tensiometer-dataset/499_soil_Dataset/image/P0374_20.5Kpa.jpg,65f64c9c34c192d5622e182b61daae9f,9,1,0,4,7,2,14.02603530883789,6.473964691162109
id0375,P0375_20.5Kpa.jpg,20.5,High,Doash,29/05/2026,16:00:00,Mango,Mature,,,,/kaggle/input/datasets/karimakanu/tensiometer-dataset/499_soil_Dataset/image/P0375_20.5Kpa.jpg,4e24eb98deaef5b92b1b98cf8656825e,9,0,0,4,7,2,13.668366432189941,6.831633567810059
id0376,P0376_20.5Kpa.jpg,20.5,High,Doash,29/05/2026,16:00:00,Mango,Mature,,,,/kaggle/input/datasets/karimakanu/tensiometer-dataset/499_soil_Dataset/image/P0376_20.5Kpa.jpg,a2eb71e5be7828b1b28bda521af8b40c,9,1,0,4,7,2,21.015289306640625,0.515289306640625
id0377,P0377_20.5Kpa.jpg,20.5,High,Doash,29/05/2026,16:00:00,Mango,Mature,,,,/kaggle/input/datasets/karimakanu/tensiometer-dataset/499_soil_Dataset/image/P0377_20.5Kpa.jpg,b89289ac985f7a5a654828953a870ac8,9,4,0,4,7,2,21.95879364013672,1.4587936401367188
id0378,P0378_20.5Kpa.jpg,20.5,High,Doash,29/05/2026,16:00:00,Mango,Mature,,,,/kaggle/input/datasets/karimakanu/tensiometer-dataset/499_soil_Dataset/image/P0378_20.5Kpa.jpg,8ac4d358eaa14bae20f0449bc43ed5d2,9,2,0,4,7,2,19.782527923583984,0.7174720764160156
id0379,P0379_20.5Kpa.jpg,20.5,High,Doash,29/05/2026,16:00:00,Mango,Mature,,,,/kaggle/input/datasets/karimakanu/tensiometer-dataset/499_soil_Dataset/image/P0379_20.5Kpa.jpg,83d193ed678323e91ee9fbd5e1468c3d,9,2,0,4,7,2,16.228038787841797,4.271961212158203
id0380,P0380_20.5Kpa.jpg,20.5,High,Doash,29/05/2026,16:00:00,Mango,Mature,,,,/kaggle/input/datasets/karimakanu/tensiometer-dataset/499_soil_Dataset/image/P0380_20.5Kpa.jpg,c1e148333645722190467816f24e2c04,9,4,0,4,7,2,27.523441314697266,7.023441314697266
id0381,P0381_20.5Kpa.jpg,20.5,High,Doash,29/05/2026,16:00:00,Mango,Mature,,,,/kaggle/input/datasets/karimakanu/tensiometer-dataset/499_soil_Dataset/image/P0381_20.5Kpa.jpg,059199b0bc13cc0c042d6cc5a40515c3,9,2,0,4,7,2,15.361085891723633,5.138914108276367
id0382,P0382_20.5Kpa.jpg,20.5,High,Doash,29/05/2026,16:00:00,Mango,Mature,,,,/kaggle/input/datasets/karimakanu/tensiometer-dataset/499_soil_Dataset/image/P0382_20.5Kpa.jpg,5319d25bdb0c1d22ef74129b4be77207,9,3,0,4,7,2,23.00111198425293,2.5011119842529297
id0384,P0384_20.5Kpa.jpg,20.5,High,Doash,29/05/2026,16:00:00,Mango,Mature,,,,/kaggle/input/datasets/karimakanu/tensiometer-dataset/499_soil_Dataset/image/P0384_20.5Kpa.jpg,d5f84f154e2d476f7bbd08532894e8d0,9,0,0,4,7,2,21.497867584228516,0.9978675842285156
id0385,P0385_20.5Kpa.jpg,20.5,High,Doash,29/05/2026,16:00:00,Mango,Mature,,,,/kaggle/input/datasets/karimakanu/tensiometer-dataset/499_soil_Dataset/image/P0385_20.5Kpa.jpg,a8e5945e40b6a8ff743266d3458f957f,9,2,0,4,7,2,14.087950706481934,6.412049293518066
id0386,P0386_20.5Kpa.jpg,20.5,High,Doash,29/05/2026,16:00:00,Mango,Mature,,,,/kaggle/input/datasets/karimakanu/tensiometer-dataset/499_soil_Dataset/image/P0386_20.5Kpa.jpg,f9ca28b45e032eacbd8be3c415779d96,9,4,0,4,7,2,16.22937774658203,4.270622253417969
id0387,P0387_20.5Kpa.jpg,20.5,High,Doash,29/05/2026,16:00:00,Mango,Mature,,,,/kaggle/input/datasets/karimakanu/tensiometer-dataset/499_soil_Dataset/image/P0387_20.5Kpa.jpg,60d2f114368c3e67eed7c19d219aebba,9,1,0,4,7,2,12.18901538848877,8.31098461151123
id0388,P0388_20.5Kpa.jpg,20.5,High,Doash,29/05/2026,16:00:00,Mango,Mature,,,,/kaggle/input/datasets/karimakanu/tensiometer-dataset/499_soil_Dataset/image/P0388_20.5Kpa.jpg,607f31808f4d81ee7d9e3cefdb2c81cb,9,2,0,4,7,2,14.95422077178955,5.545779228210449
id0389,P0389_20.5Kpa.jpg,20.5,High,Doash,29/05/2026,16:00:00,Mango,Mature,,,,/kaggle/input/datasets/karimakanu/tensiometer-dataset/499_soil_Dataset/image/P0389_20.5Kpa.jpg,c22ee6f4c5591fa48e2aec07d63acaad,9,4,0,4,7,2,18.63828468322754,1.861715316772461
id0390,P0390_20.5Kpa.jpg,20.5,High,Doash,29/05/2026,16:00:00,Mango,Mature,,,,/kaggle/input/datasets/karimakanu/tensiometer-dataset/499_soil_Dataset/image/P0390_20.5Kpa.jpg,08e3c9868edf0d73bbe7d9a0dbe4fd95,9,3,0,4,7,2,17.51705551147461,2.9829444885253906
id0391,P0391_20.5Kpa.jpg,20.5,High,Doash,29/05/2026,16:00:00,Mango,Mature,,,,/kaggle/input/datasets/karimakanu/tensiometer-dataset/499_soil_Dataset/image/P0391_20.5Kpa.jpg,8a08b449be853409c90d96fe8aefca01,9,2,0,4,7,2,22.69336700439453,2.1933670043945312
id0392,P0392_20.5Kpa.jpg,20.5,High,Doash,29/05/2026,16:00:00,Mango,Mature,,,,/kaggle/input/datasets/karimakanu/tensiometer-dataset/499_soil_Dataset/image/P0392_20.5Kpa.jpg,5b4c927a6dbd6398c057982f5fd5cfbc,9,0,0,4,7,2,18.827848434448242,1.6721515655517578
id0393,P0393_20.5Kpa.jpg,20.5,High,Doash,29/05/2026,16:00:00,Mango,Mature,,,,/kaggle/input/datasets/karimakanu/tensiometer-dataset/499_soil_Dataset/image/P0393_20.5Kpa.jpg,fec42cc57b1e0a0de63f188bcd4a40d1,9,1,0,4,7,2,17.361663818359375,3.138336181640625
id0394,P0394_20.5Kpa.jpg,20.5,High,Doash,29/05/2026,16:00:00,Mango,Mature,,,,/kaggle/input/datasets/karimakanu/tensiometer-dataset/499_soil_Dataset/image/P0394_20.5Kpa.jpg,988835e5cc5b6567c07955f344dbc18a,9,1,0,4,7,2,22.04652214050293,1.5465221405029297
id0395,P0395_20.5Kpa.jpg,20.5,High,Doash,29/05/2026,16:00:00,Mango,Mature,,,,/kaggle/input/datasets/karimakanu/tensiometer-dataset/499_soil_Dataset/image/P0395_20.5Kpa.jpg,e9f982c3d28afbdf616569efe4d99d22,9,3,0,4,7,2,17.19434928894043,3.3056507110595703
id0396,P0396_20.5Kpa.jpg,20.5,High,Doash,29/05/2026,16:00:00,Mango,Mature,,,,/kaggle/input/datasets/karimakanu/tensiometer-dataset/499_soil_Dataset/image/P0396_20.5Kpa.jpg,1c6cfab3fbbf342a69eeea8c4191156e,9,2,0,4,7,2,18.049667358398438,2.4503326416015625
id0397,P0397_21.5Kpa.jpg,21.5,High,Doash,29/05/2026,16:00:00,Mango,Mature,,,,/kaggle/input/datasets/karimakanu/tensiometer-dataset/499_soil_Dataset/image/P0397_21.5Kpa.jpg,5868f3742165ff0f2e42c12a255cff27,9,4,0,4,7,2,20.587200164794922,0.9127998352050781
id0398,P0398_21.5Kpa.jpg,21.5,High,Doash,29/05/2026,16:00:00,Mango,Mature,,,,/kaggle/input/datasets/karimakanu/tensiometer-dataset/499_soil_Dataset/image/P0398_21.5Kpa.jpg,7ccd286530aee3b29c33f52ca2103de6,9,1,0,4,7,2,18.35331916809082,3.1466808319091797
id0399,P0399_21.5Kpa.jpg,21.5,High,Doash,29/05/2026,16:00:00,Mango,Mature,,,,/kaggle/input/datasets/karimakanu/tensiometer-dataset/499_soil_Dataset/image/P0399_21.5Kpa.jpg,1fcf2bde7ec46a6485a80a7328761acd,9,3,0,4,7,2,15.656765937805176,5.843234062194824
id0400,P0400_21.5Kpa.jpg,21.5,High,Doash,29/05/2026,16:00:00,Mango,Mature,,,,/kaggle/input/datasets/karimakanu/tensiometer-dataset/499_soil_Dataset/image/P0400_21.5Kpa.jpg,af941fb8d31de855e66fff7270d57b69,9,3,0,4,7,2,19.838153839111328,1.6618461608886719
id0401,P0401_21.5Kpa.jpg,21.5,High,Atel,29/05/2026,16:00:00,Grass,Mature,,,,/kaggle/input/datasets/karimakanu/tensiometer-dataset/499_soil_Dataset/image/P0401_21.5Kpa.jpg,4d58f4d822b437c2c337ff1fb9ff9065,9,0,0,0,2,2,17.11248207092285,4.387517929077148
id0402,P0402_16.5Kpa.jpg,16.5,High,Atel,29/05/2026,16:00:00,Grass,Mature,,,,/kaggle/input/datasets/karimakanu/tensiometer-dataset/499_soil_Dataset/image/P0402_16.5Kpa.jpg,56f1c3ae796cf241a7209db30d3a5266,6,0,0,0,2,2,17.198158264160156,0.6981582641601562
id0403,P0403_16.5Kpa.jpg,16.5,High,Atel,29/05/2026,16:00:00,Grass,Mature,,,,/kaggle/input/datasets/karimakanu/tensiometer-dataset/499_soil_Dataset/image/P0403_16.5Kpa.jpg,cde5186ce806fd49703d3c2bcb403aa5,6,1,0,0,2,2,17.56853675842285,1.0685367584228516
id0404,P0404_16.5Kpa.jpg,16.5,High,Atel,29/05/2026,16:00:00,Grass,Mature,,,,/kaggle/input/datasets/karimakanu/tensiometer-dataset/499_soil_Dataset/image/P0404_16.5Kpa.jpg,5383d2a0769a00f7eabba1c7d2e5cd04,6,2,0,0,2,2,14.740583419799805,1.7594165802001953
id0405,P0405_16.5Kpa.jpg,16.5,High,Atel,29/05/2026,16:00:00,Grass,Mature,,,,/kaggle/input/datasets/karimakanu/tensiometer-dataset/499_soil_Dataset/image/P0405_16.5Kpa.jpg,61eb45468dc5878847b2469ded533ce8,6,0,0,0,2,2,15.544617652893066,0.9553823471069336
id0406,P0406_16.5Kpa.jpg,16.5,High,Atel,29/05/2026,16:00:00,Grass,Mature,,,,/kaggle/input/datasets/karimakanu/tensiometer-dataset/499_soil_Dataset/image/P0406_16.5Kpa.jpg,aa4831be1e89658116324e0d2c13ab27,6,3,0,0,2,2,17.743427276611328,1.2434272766113281
id0407,P0407_16.5Kpa.jpg,16.5,High,Atel,29/05/2026,16:00:00,Grass,Mature,,,,/kaggle/input/datasets/karimakanu/tensiometer-dataset/499_soil_Dataset/image/P0407_16.5Kpa.jpg,fce698de56f4c86cb768d69b636a6b56,6,0,0,0,2,2,15.61302661895752,0.8869733810424805
id0408,P0408_16.5Kpa.jpg,16.5,High,Atel,29/05/2026,16:00:00,Grass,Mature,,,,/kaggle/input/datasets/karimakanu/tensiometer-dataset/499_soil_Dataset/image/P0408_16.5Kpa.jpg,e1586582d4a5bd5294e3726252c37266,6,3,0,0,2,2,13.647231101989746,2.852768898010254
id0409,P0409_15.5Kpa.jpg,15.5,High,Atel,29/05/2026,16:00:00,Grass,Mature,,,,/kaggle/input/datasets/karimakanu/tensiometer-dataset/499_soil_Dataset/image/P0409_15.5Kpa.jpg,b2dc8fe450eab157fbc557125f2b6918,6,0,0,0,2,2,17.011306762695312,1.5113067626953125
id0410,P0410_15.6Kpa.jpg,15.6,High,Atel,29/05/2026,16:00:00,Grass,Mature,,,,/kaggle/input/datasets/karimakanu/tensiometer-dataset/499_soil_Dataset/image/P0410_15.6Kpa.jpg,9484bc6ede2f4f38b56e9cd425024820,6,3,0,0,2,2,15.241401672363281,0.3585983276367184
id0411,P0411_15.6Kpa.jpg,15.6,High,Atel,29/05/2026,16:00:00,Grass,Mature,,,,/kaggle/input/datasets/karimakanu/tensiometer-dataset/499_soil_Dataset/image/P0411_15.6Kpa.jpg,36458ba0480d43449dba1ae48808fd0a,6,0,0,0,2,2,15.087207794189453,0.5127922058105465
id0412,P0412_15.6Kpa.jpg,15.6,High,Atel,29/05/2026,16:00:00,Grass,Mature,,,,/kaggle/input/datasets/karimakanu/tensiometer-dataset/499_soil_Dataset/image/P0412_15.6Kpa.jpg,9fa929915cdfaf5832a2e31ce55b42bb,6,4,0,0,2,2,17.713272094726562,2.113272094726563
id0413,P0413_15.6Kpa.jpg,15.6,High,Atel,29/05/2026,16:00:00,Grass,Mature,,,,/kaggle/input/datasets/karimakanu/tensiometer-dataset/499_soil_Dataset/image/P0413_15.6Kpa.jpg,1ea0b8962f263137aeed0f1a845a5ecb,6,1,0,0,2,2,11.706937789916992,3.8930622100830075
id0414,P0414_15.6Kpa.jpg,15.6,High,Atel,29/05/2026,16:00:00,Grass,Mature,,,,/kaggle/input/datasets/karimakanu/tensiometer-dataset/499_soil_Dataset/image/P0414_15.6Kpa.jpg,f2b4bc667f0a23ca66bfea021f4a42eb,6,0,0,0,2,2,13.526975631713867,2.0730243682861325
id0415,P0415_15.6Kpa.jpg,15.6,High,Atel,29/05/2026,16:00:00,Grass,Mature,,,,/kaggle/input/datasets/karimakanu/tensiometer-dataset/499_soil_Dataset/image/P0415_15.6Kpa.jpg,3935cdbb23af5ff63a001ce646fca01c,6,2,0,0,2,2,10.007282257080078,5.5927177429199215
id0416,P0416_15.6Kpa.jpg,15.6,High,Atel,29/05/2026,16:00:00,Grass,Mature,,,,/kaggle/input/datasets/karimakanu/tensiometer-dataset/499_soil_Dataset/image/P0416_15.6Kpa.jpg,d4216c724d53d814d12486fb07a174c6,6,2,0,0,2,2,11.626907348632812,3.973092651367187
id0417,P0417_15.6Kpa.jpg,15.6,High,Atel,29/05/2026,16:00:00,Grass,Mature,,,,/kaggle/input/datasets/karimakanu/tensiometer-dataset/499_soil_Dataset/image/P0417_15.6Kpa.jpg,101c5c9573f0689f61d618591803e0c4,6,1,0,0,2,2,16.835933685302734,1.2359336853027347
id0418,P0418_15.6Kpa.jpg,15.6,High,Atel,29/05/2026,16:00:00,Grass,Mature,,,,/kaggle/input/datasets/karimakanu/tensiometer-dataset/499_soil_Dataset/image/P0418_15.6Kpa.jpg,006b64ee1f50a1b82986aed926f824de,6,3,0,0,2,2,12.459714889526367,3.1402851104736325
id0419,P0419_15.6Kpa.jpg,15.6,High,Atel,29/05/2026,16:00:00,Grass,Mature,,,,/kaggle/input/datasets/karimakanu/tensiometer-dataset/499_soil_Dataset/image/P0419_15.6Kpa.jpg,2735a349a987ab1fb857a6f7081a3326,6,0,0,0,2,2,12.359944343566895,3.240055656433105
id0420,P0420_15.6Kpa.jpg,15.6,High,Atel,29/05/2026,16:00:00,Grass,Mature,,,,/kaggle/input/datasets/karimakanu/tensiometer-dataset/499_soil_Dataset/image/P0420_15.6Kpa.jpg,be2c512111df1d8d0907bd75fd6c523c,6,2,0,0,2,2,12.846423149108887,2.753576850891113
id0421,P0421_15.6Kpa.jpg,15.6,High,Atel,29/05/2026,16:00:00,Grass,Mature,,,,/kaggle/input/datasets/karimakanu/tensiometer-dataset/499_soil_Dataset/image/P0421_15.6Kpa.jpg,bcb06a4804a4c6d03644e4e2ce2e8172,6,1,0,0,2,2,11.575041770935059,4.024958229064941
id0422,P0422_15.6Kpa.jpg,15.6,High,Atel,29/05/2026,16:00:00,Grass,Mature,,,,/kaggle/input/datasets/karimakanu/tensiometer-dataset/499_soil_Dataset/image/P0422_15.6Kpa.jpg,56afa12cb47888a3db5bc0113bfd3928,6,3,0,0,2,2,7.389772891998291,8.210227108001709
id0423,P0423_15.6Kpa.jpg,15.6,High,Atel,29/05/2026,16:00:00,Grass,Mature,,,,/kaggle/input/datasets/karimakanu/tensiometer-dataset/499_soil_Dataset/image/P0423_15.6Kpa.jpg,79df70b3e226b628af968c5d7ac602c4,6,3,0,0,2,2,13.926396369934082,1.6736036300659176
id0424,P0424_15.6Kpa.jpg,15.6,High,Atel,29/05/2026,16:00:00,Grass,Mature,,,,/kaggle/input/datasets/karimakanu/tensiometer-dataset/499_soil_Dataset/image/P0424_15.6Kpa.jpg,ebb1e4e97737cff4819b3a24095662cc,6,4,0,0,2,2,9.923762321472168,5.676237678527832
id0426,P0426_15.6Kpa.jpg,15.6,High,Atel,29/05/2026,16:00:00,Grass,Mature,,,,/kaggle/input/datasets/karimakanu/tensiometer-dataset/499_soil_Dataset/image/P0426_15.6Kpa.jpg,0f0267fd0345656c2964ec5e649e93b2,6,4,0,0,2,2,14.153430938720703,1.4465690612792965
id0427,P0427_15.6Kpa.jpg,15.6,High,Atel,29/05/2026,16:00:00,Grass,Mature,,,,/kaggle/input/datasets/karimakanu/tensiometer-dataset/499_soil_Dataset/image/P0427_15.6Kpa.jpg,de60117757d8a4a446e85a4851051da5,6,0,0,0,2,2,10.952085494995117,4.6479145050048825
id0428,P0428_15.6Kpa.jpg,15.6,High,Atel,29/05/2026,16:00:00,Grass,Mature,,,,/kaggle/input/datasets/karimakanu/tensiometer-dataset/499_soil_Dataset/image/P0428_15.6Kpa.jpg,ce7a29c117d04338cc2fe41ac910861f,6,3,0,0,2,2,15.13992691040039,0.460073089599609
id0429,P0429_15.6Kpa.jpg,15.6,High,Atel,29/05/2026,16:00:00,Grass,Mature,,,,/kaggle/input/datasets/karimakanu/tensiometer-dataset/499_soil_Dataset/image/P0429_15.6Kpa.jpg,75f60017898ad196a7cde5fbce2ef260,6,3,0,0,2,2,15.229826927185059,0.37017307281494105
id0430,P0430_15.6Kpa.jpg,15.6,High,Atel,29/05/2026,16:00:00,Grass,Mature,,,,/kaggle/input/datasets/karimakanu/tensiometer-dataset/499_soil_Dataset/image/P0430_15.6Kpa.jpg,ef9c3ccf90b7ca2d5ec3f7519b871eac,6,0,0,0,2,2,15.898037910461426,0.29803791046142614
id0431,P0431_15.6Kpa.jpg,15.6,High,Atel,29/05/2026,16:00:00,Grass,Mature,,,,/kaggle/input/datasets/karimakanu/tensiometer-dataset/499_soil_Dataset/image/P0431_15.6Kpa.jpg,30001662b9609d81bb0483a589c3f0ad,6,2,0,0,2,2,14.308990478515625,1.2910095214843746
id0432,P0432_15.6Kpa.jpg,15.6,High,Atel,29/05/2026,16:00:00,Grass,Mature,,,,/kaggle/input/datasets/karimakanu/tensiometer-dataset/499_soil_Dataset/image/P0432_15.6Kpa.jpg,2fd2df9572e59be1a32f11b18ea4578f,6,1,0,0,2,2,15.972386360168457,0.3723863601684574
id0433,P0433_15.6Kpa.jpg,15.6,High,Atel,29/05/2026,16:00:00,Grass,Mature,,,,/kaggle/input/datasets/karimakanu/tensiometer-dataset/499_soil_Dataset/image/P0433_15.6Kpa.jpg,ea2d1e617ad124aea9ed284a3b2bcdf2,6,3,0,0,2,2,11.376445770263672,4.223554229736328
id0434,P0434_15.6Kpa.jpg,15.6,High,Atel,29/05/2026,16:00:00,Grass,Mature,,,,/kaggle/input/datasets/karimakanu/tensiometer-dataset/499_soil_Dataset/image/P0434_15.6Kpa.jpg,e202a788a101e5784adc8c77e2bfc114,6,4,0,0,2,2,15.08731746673584,0.5126825332641598
id0435,P0435_15.6Kpa.jpg,15.6,High,Atel,29/05/2026,16:00:00,Grass,Mature,,,,/kaggle/input/datasets/karimakanu/tensiometer-dataset/499_soil_Dataset/image/P0435_15.6Kpa.jpg,a0980c15f7e8dcf29d4e0e88cdf3e693,6,0,0,0,2,2,12.60051155090332,2.9994884490966793
id0436,P0436_15.6Kpa.jpg,15.6,High,Atel,29/05/2026,16:00:00,Grass,Mature,,,,/kaggle/input/datasets/karimakanu/tensiometer-dataset/499_soil_Dataset/image/P0436_15.6Kpa.jpg,6a72cd989bdbe0f078dc86d027abe5e9,6,2,0,0,2,2,12.120019912719727,3.479980087280273
id0437,P0437_15.6Kpa.jpg,15.6,High,Atel,29/05/2026,16:00:00,Grass,Mature,,,,/kaggle/input/datasets/karimakanu/tensiometer-dataset/499_soil_Dataset/image/P0437_15.6Kpa.jpg,eafd9127760e0f7382c01287c24fc0b3,6,0,0,0,2,2,14.368020057678223,1.231979942321777
id0438,P0438_15.6Kpa.jpg,15.6,High,Atel,29/05/2026,16:00:00,Grass,Mature,,,,/kaggle/input/datasets/karimakanu/tensiometer-dataset/499_soil_Dataset/image/P0438_15.6Kpa.jpg,8a48005caf26f43357f1a6b9168a0b6d,6,2,0,0,2,2,9.686494827270508,5.913505172729492
id0439,P0439_15.6Kpa.jpg,15.6,High,Atel,29/05/2026,16:00:00,Grass,Mature,,,,/kaggle/input/datasets/karimakanu/tensiometer-dataset/499_soil_Dataset/image/P0439_15.6Kpa.jpg,7cf96a4a9d2cf15d865b8730335dadff,6,2,0,0,2,2,11.24371337890625,4.35628662109375
id0440,P0440_15.6Kpa.jpg,15.6,High,Atel,29/05/2026,16:00:00,Grass,Mature,,,,/kaggle/input/datasets/karimakanu/tensiometer-dataset/499_soil_Dataset/image/P0440_15.6Kpa.jpg,2f60cd87a5824ae1b9bb019f3f9618a2,6,3,0,0,2,2,11.300874710083008,4.299125289916992
id0441,P0441_15.6Kpa.jpg,15.6,High,Atel,29/05/2026,16:00:00,Grass,Mature,,,,/kaggle/input/datasets/karimakanu/tensiometer-dataset/499_soil_Dataset/image/P0441_15.6Kpa.jpg,395b98b481e14d4752f6c32ffbe6c149,6,1,0,0,2,2,17.968454360961914,2.3684543609619144
id0442,P0442_14.85Kpa.jpg,14.85,High,Atel,29/05/2026,16:00:00,Grass,Mature,,,,/kaggle/input/datasets/karimakanu/tensiometer-dataset/499_soil_Dataset/image/P0442_14.85Kpa.jpg,50e1eb1cb2d296d00a584d24660ca47a,4,0,0,0,2,2,13.48198413848877,1.3680158615112301
id0443,P0443_15Kpa.jpg,15.0,High,Atel,29/05/2026,16:00:00,Grass,Mature,,,,/kaggle/input/datasets/karimakanu/tensiometer-dataset/499_soil_Dataset/image/P0443_15Kpa.jpg,77211570ab4a56f85c18e32d99adff74,5,0,0,0,2,2,14.874950408935547,0.12504959106445312
id0444,P0444_14.75Kpa.jpg,14.75,High,Atel,29/05/2026,16:00:00,Grass,Mature,,,,/kaggle/input/datasets/karimakanu/tensiometer-dataset/499_soil_Dataset/image/P0444_14.75Kpa.jpg,8967981326b7f563eb799e2c79ffa555,4,1,0,0,2,2,12.358025550842285,2.391974449157715
id0445,P0445_14.85Kpa.jpg,14.85,High,Atel,29/05/2026,16:00:00,Grass,Mature,,,,/kaggle/input/datasets/karimakanu/tensiometer-dataset/499_soil_Dataset/image/P0445_14.85Kpa.jpg,5a9f53d788f845e4a0dd8db00fa5c86d,4,2,0,0,2,2,11.488948822021484,3.3610511779785153
id0446,P0446_15Kpa.jpg,15.0,High,Atel,29/05/2026,16:00:00,Grass,Mature,,,,/kaggle/input/datasets/karimakanu/tensiometer-dataset/499_soil_Dataset/image/P0446_15Kpa.jpg,f697d364f1d28cfda7c060097b0b748a,5,0,0,0,2,2,12.694707870483398,2.3052921295166016
id0447,P0447_14.75Kpa.jpg,14.75,High,Atel,29/05/2026,16:00:00,Grass,Mature,,,,/kaggle/input/datasets/karimakanu/tensiometer-dataset/499_soil_Dataset/image/P0447_14.75Kpa.jpg,e60855eb110ac734135918c1963f4d38,4,4,0,0,2,2,19.719520568847656,4.969520568847656
id0448,P0448_15Kpa.jpg,15.0,High,Atel,29/05/2026,16:00:00,Grass,Mature,,,,/kaggle/input/datasets/karimakanu/tensiometer-dataset/499_soil_Dataset/image/P0448_15Kpa.jpg,2d34dd51fd5109dc3075c056e896d033,5,1,0,0,2,2,14.07176399230957,0.9282360076904297
id0449,P0449_15Kpa.jpg,15.0,High,Atel,29/05/2026,16:00:00,Grass,Mature,,,,/kaggle/input/datasets/karimakanu/tensiometer-dataset/499_soil_Dataset/image/P0449_15Kpa.jpg,9ecb5924c925723c65fe8cf2807f47c8,5,2,0,0,2,2,13.627942085266113,1.3720579147338867
id0450,P0450_15Kpa.jpg,15.0,High,Atel,29/05/2026,16:00:00,Grass,Mature,,,,/kaggle/input/datasets/karimakanu/tensiometer-dataset/499_soil_Dataset/image/P0450_15Kpa.jpg,dd278efe814e64a069c260fca74af0c6,5,3,0,0,2,2,11.075051307678223,3.9249486923217773
id0451,P0451_15Kpa.jpg,15.0,High,Atel,29/05/2026,16:00:00,Grass,Mature,,,,/kaggle/input/datasets/karimakanu/tensiometer-dataset/499_soil_Dataset/image/P0451_15Kpa.jpg,f440dd720d924799d1c49d0881d966d8,5,3,0,0,2,2,14.344024658203125,0.655975341796875
id0452,P0452_15Kpa.jpg,15.0,High,Atel,29/05/2026,16:00:00,Grass,Mature,,,,/kaggle/input/datasets/karimakanu/tensiometer-dataset/499_soil_Dataset/image/P0452_15Kpa.jpg,39f66801696b735ce6e7ee91f6ede93d,5,0,0,0,2,2,12.682646751403809,2.3173532485961914
id0453,P0453_15Kpa.jpg,15.0,High,Atel_Doash,29/05/2026,16:00:00,Eggplant,Fruiting,,,,/kaggle/input/datasets/karimakanu/tensiometer-dataset/499_soil_Dataset/image/P0453_15Kpa.jpg,874ac8fe4f70a53c65d7f18e9676dfa8,5,2,0,1,1,0,17.681718826293945,2.6817188262939453
id0454,P0454_15Kpa.jpg,15.0,High,Atel_Doash,29/05/2026,16:00:00,Eggplant,Fruiting,,,,/kaggle/input/datasets/karimakanu/tensiometer-dataset/499_soil_Dataset/image/P0454_15Kpa.jpg,9ad9366d64f5294786873d5062529073,5,1,0,1,1,0,10.307145118713379,4.692854881286621
id0455,P0455_15Kpa.jpg,15.0,High,Atel_Doash,29/05/2026,16:00:00,Eggplant,Fruiting,,,,/kaggle/input/datasets/karimakanu/tensiometer-dataset/499_soil_Dataset/image/P0455_15Kpa.jpg,4915d04ab864106b2fd9c76651e64733,5,1,0,1,1,0,13.868391036987305,1.1316089630126953
id0456,P0456_15Kpa.jpg,15.0,High,Atel_Doash,29/05/2026,16:00:00,Eggplant,Fruiting,,,,/kaggle/input/datasets/karimakanu/tensiometer-dataset/499_soil_Dataset/image/P0456_15Kpa.jpg,287abcf57f7b2277db75088c0cd6019d,5,2,0,1,1,0,18.265195846557617,3.265195846557617
id0457,P0457_15Kpa.jpg,15.0,High,Atel_Doash,29/05/2026,16:00:00,Eggplant,Fruiting,,,,/kaggle/input/datasets/karimakanu/tensiometer-dataset/499_soil_Dataset/image/P0457_15Kpa.jpg,79611cf64149e7b242f8f3a3895ceb05,5,0,0,1,1,0,12.075224876403809,2.9247751235961914
id0458,P0458_15Kpa.jpg,15.0,High,Atel_Doash,29/05/2026,16:00:00,Eggplant,Fruiting,,,,/kaggle/input/datasets/karimakanu/tensiometer-dataset/499_soil_Dataset/image/P0458_15Kpa.jpg,48e1071a27a939d2ddbcc14f85b61979,5,4,0,1,1,0,16.854801177978516,1.8548011779785156
id0459,P0459_15Kpa.jpg,15.0,High,Atel_Doash,29/05/2026,16:00:00,Eggplant,Fruiting,,,,/kaggle/input/datasets/karimakanu/tensiometer-dataset/499_soil_Dataset/image/P0459_15Kpa.jpg,67bd2d14d70256c376d020ae410f85d2,5,2,0,1,1,0,6.298430442810059,8.701569557189941
id0460,P0460_15Kpa.jpg,15.0,High,Atel_Doash,29/05/2026,16:00:00,Eggplant,Fruiting,,,,/kaggle/input/datasets/karimakanu/tensiometer-dataset/499_soil_Dataset/image/P0460_15Kpa.jpg,ba24d0340130a3fac2b8180dbcbc30b6,5,1,0,1,1,0,11.377050399780273,3.6229496002197266
id0461,P0461_15Kpa.jpg,15.0,High,Atel_Doash,29/05/2026,16:00:00,Eggplant,Fruiting,,,,/kaggle/input/datasets/karimakanu/tensiometer-dataset/499_soil_Dataset/image/P0461_15Kpa.jpg,7bcb6fb314c24e883399c7f46bbd183d,5,3,0,1,1,0,10.621881484985352,4.378118515014648
id0462,P0462_15Kpa.jpg,15.0,High,Atel_Doash,29/05/2026,16:00:00,Eggplant,Fruiting,,,,/kaggle/input/datasets/karimakanu/tensiometer-dataset/499_soil_Dataset/image/P0462_15Kpa.jpg,1fcfe2d5efec910f45fec047aa545900,5,4,0,1,1,0,17.078712463378906,2.0787124633789062
id0463,P0463_15Kpa.jpg,15.0,High,Atel_Doash,29/05/2026,16:00:00,Eggplant,Fruiting,,,,/kaggle/input/datasets/karimakanu/tensiometer-dataset/499_soil_Dataset/image/P0463_15Kpa.jpg,1b7edacc1bcda1ff14dfdf61ba1ccffc,5,3,0,1,1,0,15.578352928161621,0.5783529281616211
id0464,P0464_15Kpa.jpg,15.0,High,Atel_Doash,29/05/2026,16:00:00,Eggplant,Fruiting,,,,/kaggle/input/datasets/karimakanu/tensiometer-dataset/499_soil_Dataset/image/P0464_15Kpa.jpg,bd3473b10d078f59879292eb72489b3d,5,0,0,1,1,0,21.10779571533203,6.107795715332031
id0465,P0465_15Kpa.jpg,15.0,High,Atel_Doash,29/05/2026,16:00:00,Eggplant,Fruiting,,,,/kaggle/input/datasets/karimakanu/tensiometer-dataset/499_soil_Dataset/image/P0465_15Kpa.jpg,f6e9806ced3b46603e8a61b83a1f71b3,5,3,0,1,1,0,11.253484725952148,3.7465152740478516
id0466,P0466_15Kpa.jpg,15.0,High,Atel_Doash,29/05/2026,16:00:00,Eggplant,Fruiting,,,,/kaggle/input/datasets/karimakanu/tensiometer-dataset/499_soil_Dataset/image/P0466_15Kpa.jpg,37c8059c4b6f9aaacef77cc011d7d3b8,5,2,0,1,1,0,17.69610595703125,2.69610595703125
id0467,P0467_15Kpa.jpg,15.0,High,Atel_Doash,29/05/2026,16:00:00,Eggplant,Fruiting,,,,/kaggle/input/datasets/karimakanu/tensiometer-dataset/499_soil_Dataset/image/P0467_15Kpa.jpg,6686cd40d8c1327190e1e988974b8618,5,4,0,1,1,0,22.134920120239258,7.134920120239258
id0468,P0468_15Kpa.jpg,15.0,High,Atel_Doash,29/05/2026,16:00:00,Eggplant,Fruiting,,,,/kaggle/input/datasets/karimakanu/tensiometer-dataset/499_soil_Dataset/image/P0468_15Kpa.jpg,41dc4f397cfb82f7c97736cc13ac1a72,5,3,0,1,1,0,13.79375171661377,1.2062482833862305
id0469,P0469_15Kpa.jpg,15.0,High,Atel_Doash,29/05/2026,16:00:00,Eggplant,Fruiting,,,,/kaggle/input/datasets/karimakanu/tensiometer-dataset/499_soil_Dataset/image/P0469_15Kpa.jpg,84747f620d92b4be6b69faa2e75057b4,5,1,0,1,1,0,14.947310447692871,0.052689552307128906
id0470,P0470_15Kpa.jpg,15.0,High,Atel_Doash,29/05/2026,16:00:00,Eggplant,Fruiting,,,,/kaggle/input/datasets/karimakanu/tensiometer-dataset/499_soil_Dataset/image/P0470_15Kpa.jpg,dddeb98d14ebf6336818a84c9ff54bbf,5,1,0,1,1,0,18.918563842773438,3.9185638427734375
id0471,P0471_15Kpa.jpg,15.0,High,Atel_Doash,29/05/2026,16:00:00,Eggplant,Fruiting,,,,/kaggle/input/datasets/karimakanu/tensiometer-dataset/499_soil_Dataset/image/P0471_15Kpa.jpg,f2be7516a9d7953273cd66c774cde505,5,3,0,1,1,0,10.803675651550293,4.196324348449707
id0472,P0472_15Kpa.jpg,15.0,High,Atel_Doash,29/05/2026,16:00:00,Eggplant,Fruiting,,,,/kaggle/input/datasets/karimakanu/tensiometer-dataset/499_soil_Dataset/image/P0472_15Kpa.jpg,2e2e932c787932ae8cb2dc5cad9f304d,5,0,0,1,1,0,16.830720901489258,1.8307209014892578
id0473,P0473_15Kpa.jpg,15.0,High,Atel_Doash,29/05/2026,16:00:00,Eggplant,Fruiting,,,,/kaggle/input/datasets/karimakanu/tensiometer-dataset/499_soil_Dataset/image/P0473_15Kpa.jpg,f499b4c8c9032017eab9c822c3f7c858,5,4,0,1,1,0,16.47919464111328,1.4791946411132812
id0474,P0474_15Kpa.jpg,15.0,High,Atel_Doash,29/05/2026,16:00:00,Eggplant,Fruiting,,,,/kaggle/input/datasets/karimakanu/tensiometer-dataset/499_soil_Dataset/image/P0474_15Kpa.jpg,30140113f286292a68c8b5786baa0697,5,0,0,1,1,0,17.753690719604492,2.753690719604492
id0475,P0475_15Kpa.jpg,15.0,High,Atel_Doash,29/05/2026,16:00:00,Eggplant,Fruiting,,,,/kaggle/input/datasets/karimakanu/tensiometer-dataset/499_soil_Dataset/image/P0475_15Kpa.jpg,1868bcd4bab5e54f8b0366c7dce1de8d,5,4,0,1,1,0,12.711684226989746,2.288315773010254
id0476,P0476_15Kpa.jpg,15.0,High,Atel_Doash,29/05/2026,16:00:00,Eggplant,Fruiting,,,,/kaggle/input/datasets/karimakanu/tensiometer-dataset/499_soil_Dataset/image/P0476_15Kpa.jpg,3ccfd7afa5f252a04ab71359e3d34927,5,4,0,1,1,0,13.4802827835083,1.5197172164916992
id0477,P0477_15Kpa.jpg,15.0,High,Atel_Doash,29/05/2026,16:00:00,Eggplant,Fruiting,,,,/kaggle/input/datasets/karimakanu/tensiometer-dataset/499_soil_Dataset/image/P0477_15Kpa.jpg,db7e2e3c88b607dd102144f540ff4cfc,5,1,0,1,1,0,12.116758346557617,2.883241653442383
id0478,P0478_15Kpa.jpg,15.0,High,Atel_Doash,29/05/2026,16:00:00,Eggplant,Fruiting,,,,/kaggle/input/datasets/karimakanu/tensiometer-dataset/499_soil_Dataset/image/P0478_15Kpa.jpg,9eb0f35fb308950b7d441bf8a7bd9e84,5,0,0,1,1,0,19.895761489868164,4.895761489868164
id0479,P0479_15Kpa.jpg,15.0,High,Atel_Doash,29/05/2026,16:00:00,Eggplant,Fruiting,,,,/kaggle/input/datasets/karimakanu/tensiometer-dataset/499_soil_Dataset/image/P0479_15Kpa.jpg,6e856c20175db6560e436e927b116255,5,1,0,1,1,0,21.378856658935547,6.378856658935547
id0480,P0480_15Kpa.jpg,15.0,High,Atel_Doash,29/05/2026,16:00:00,Eggplant,Fruiting,,,,/kaggle/input/datasets/karimakanu/tensiometer-dataset/499_soil_Dataset/image/P0480_15Kpa.jpg,f0aa50577f9183e95061af9c6424332f,5,2,0,1,1,0,12.61019515991211,2.3898048400878906
id0481,P0481_15Kpa.jpg,15.0,High,Atel_Doash,29/05/2026,16:00:00,Eggplant,Fruiting,,,,/kaggle/input/datasets/karimakanu/tensiometer-dataset/499_soil_Dataset/image/P0481_15Kpa.jpg,73d35dc4a1bb9e5cb2a9d73288c30062,5,3,0,1,1,0,13.926905632019043,1.073094367980957
id0482,P0482_15Kpa.jpg,15.0,High,Atel_Doash,29/05/2026,16:00:00,Eggplant,Fruiting,,,,/kaggle/input/datasets/karimakanu/tensiometer-dataset/499_soil_Dataset/image/P0482_15Kpa.jpg,d11f1e02778c9405d34ceace2203f545,5,2,0,1,1,0,13.2826509475708,1.7173490524291992
id0483,P0483_15Kpa.jpg,15.0,High,Atel_Doash,29/05/2026,16:00:00,Eggplant,Fruiting,,,,/kaggle/input/datasets/karimakanu/tensiometer-dataset/499_soil_Dataset/image/P0483_15Kpa.jpg,fd205e6d4da10e60f5a23f92c1b31ad9,5,4,0,1,1,0,10.823224067687988,4.176775932312012
id0484,P0484_15Kpa.jpg,15.0,High,Atel_Doash,29/05/2026,16:00:00,Eggplant,Fruiting,,,,/kaggle/input/datasets/karimakanu/tensiometer-dataset/499_soil_Dataset/image/P0484_15Kpa.jpg,3e42c92244f39733ed81db61f3b5d4b9,5,1,0,1,1,0,16.33214569091797,1.3321456909179688
id0497,P0497_15Kpa.jpg,15.0,Low,Poli,29/05/2026,16:00:00,Rich,Seed_Sowing,,,,/kaggle/input/datasets/karimakanu/tensiometer-dataset/499_soil_Dataset/image/P0497_15Kpa.jpg,371f24098829a2dcae99765d7da22347,5,2,1,5,11,6,8.087471961975098,6.912528038024902
id0498,P0498_14.85Kpa.jpg,14.85,Low,Poli,29/05/2026,16:00:00,Rich,Seed_Sowing,,,,/kaggle/input/datasets/karimakanu/tensiometer-dataset/499_soil_Dataset/image/P0498_14.85Kpa.jpg,7e4e4d20f06d0adbebbe9c9ba2b8b33c,4,3,1,5,11,6,8.52230167388916,6.3276983261108395
id0499,P0499_14.95Kpa.jpg,14.95,Low,Poli,29/05/2026,16:00:00,Rich,Seed_Sowing,,,,/kaggle/input/datasets/karimakanu/tensiometer-dataset/499_soil_Dataset/image/P0499_14.95Kpa.jpg,ba9c5453f75ec4050b5357e303f28fe5,5,2,1,5,11,6,10.035140991210938,4.914859008789062
id0500,P0500_14.95Kpa.jpg,14.95,Low,Poli,29/05/2026,16:00:00,Rich,Seed_Sowing,,,,/kaggle/input/datasets/karimakanu/tensiometer-dataset/499_soil_Dataset/image/P0500_14.95Kpa.jpg,21989c509abba9ac2dd74785ed1c7e3b,5,0,1,5,11,6,3.491314172744751,11.458685827255248
id0501,P0501_14.95Kpa.jpg,14.95,Low,Poli,29/05/2026,16:00:00,Rich,Seed_Sowing,,,,/kaggle/input/datasets/karimakanu/tensiometer-dataset/499_soil_Dataset/image/P0501_14.95Kpa.jpg,a431e48c6cdc14bb797d7daa55020010,5,2,1,5,11,6,5.174168586730957,9.775831413269042
id0502,P0502_14.95Kpa.jpg,14.95,Low,Poli,29/05/2026,16:00:00,Rich,Seed_Sowing,,,,/kaggle/input/datasets/karimakanu/tensiometer-dataset/499_soil_Dataset/image/P0502_14.95Kpa.jpg,9721e266cfe521ffd6d2632986f98ee3,5,4,1,5,11,6,5.803534507751465,9.146465492248534
id0503,P0503_14.95Kpa.jpg,14.95,Low,Poli,29/05/2026,16:00:00,Rich,Seed_Sowing,,,,/kaggle/input/datasets/karimakanu/tensiometer-dataset/499_soil_Dataset/image/P0503_14.95Kpa.jpg,7e631e2b7dd41d4f576a5e34e8e7d295,5,1,1,5,11,6,13.870631217956543,1.0793687820434563
id0504,P0504_14.95Kpa.jpg,14.95,Low,Poli,29/05/2026,16:00:00,Rich,Seed_Sowing,,,,/kaggle/input/datasets/karimakanu/tensiometer-dataset/499_soil_Dataset/image/P0504_14.95Kpa.jpg,f8ce1012b8011464a92cbce3cc94bb4d,5,4,1,5,11,6,4.759219169616699,10.1907808303833
id0505,P0505_14.95Kpa.jpg,14.95,Low,Poli,29/05/2026,16:00:00,Rich,Seed_Sowing,,,,/kaggle/input/datasets/karimakanu/tensiometer-dataset/499_soil_Dataset/image/P0505_14.95Kpa.jpg,9f864200b0cd0e071706111f82cb7744,5,0,1,5,11,6,12.98236083984375,1.9676391601562493
id0506,P0506_14.95Kpa.jpg,14.95,Low,Poli,29/05/2026,16:00:00,Rich,Seed_Sowing,,,,/kaggle/input/datasets/karimakanu/tensiometer-dataset/499_soil_Dataset/image/P0506_14.95Kpa.jpg,a0109998bb3c0c8115e7ba83c7430524,5,2,1,5,11,6,12.411853790283203,2.538146209716796
id0507,P0507_11Kpa.jpg,11.0,High,Doash,29/05/2026,16:00:00,Sponge Gourd,Seedling,,,,/kaggle/input/datasets/karimakanu/tensiometer-dataset/499_soil_Dataset/image/P0507_11Kpa.jpg,ef3810aee5093b1147f66676e4c49746,2,3,0,4,12,7,4.808521270751953,6.191478729248047
id0508,P0508_11Kpa.jpg,11.0,High,Doash,29/05/2026,16:00:00,Sponge Gourd,Seedling,,,,/kaggle/input/datasets/karimakanu/tensiometer-dataset/499_soil_Dataset/image/P0508_11Kpa.jpg,6b7ca24220c2f9256fe71f81bb91e922,2,2,0,4,12,7,8.730148315429688,2.2698516845703125
id0509,P0509_11Kpa.jpg,11.0,High,Doash,29/05/2026,16:00:00,Sponge Gourd,Seedling,,,,/kaggle/input/datasets/karimakanu/tensiometer-dataset/499_soil_Dataset/image/P0509_11Kpa.jpg,37add15bf096137a4fca3eee4c2857ce,2,3,0,4,12,7,14.040489196777344,3.0404891967773438
id0510,P0510_11Kpa.jpg,11.0,High,Doash,29/05/2026,16:00:00,Sponge Gourd,Seedling,,,,/kaggle/input/datasets/karimakanu/tensiometer-dataset/499_soil_Dataset/image/P0510_11Kpa.jpg,ce510c635ba5f7c92b22b9a614d42785,2,2,0,4,12,7,8.460062026977539,2.539937973022461
id0511,P0511_11Kpa.jpg,11.0,High,Doash,29/05/2026,16:00:00,Sponge Gourd,Seedling,,,,/kaggle/input/datasets/karimakanu/tensiometer-dataset/499_soil_Dataset/image/P0511_11Kpa.jpg,3c82ad87f292ca40ee172952d4afbb59,2,1,0,4,12,7,7.523528099060059,3.4764719009399414
id0512,P0512_11Kpa.jpg,11.0,High,Doash,29/05/2026,16:00:00,Sponge Gourd,Seedling,,,,/kaggle/input/datasets/karimakanu/tensiometer-dataset/499_soil_Dataset/image/P0512_11Kpa.jpg,e3934835a48d02f9b613f74b285bf753,2,4,0,4,12,7,12.520700454711914,1.520700454711914
id0513,P0513_11Kpa.jpg,11.0,High,Doash,29/05/2026,16:00:00,Sponge Gourd,Seedling,,,,/kaggle/input/datasets/karimakanu/tensiometer-dataset/499_soil_Dataset/image/P0513_11Kpa.jpg,072b616bce5eed41a3c5e1b6130de377,2,2,0,4,12,7,7.0691609382629395,3.9308390617370605
id0514,P0514_11Kpa.jpg,11.0,High,Doash,29/05/2026,16:00:00,Sponge Gourd,Seedling,,,,/kaggle/input/datasets/karimakanu/tensiometer-dataset/499_soil_Dataset/image/P0514_11Kpa.jpg,9b6fd6bb01c043218dfa2682ca6533fa,2,0,0,4,12,7,15.112338066101074,4.112338066101074
id0515,P0515_11Kpa.jpg,11.0,High,Doash,29/05/2026,16:00:00,Sponge Gourd,Seedling,,,,/kaggle/input/datasets/karimakanu/tensiometer-dataset/499_soil_Dataset/image/P0515_11Kpa.jpg,31eb96cb164e2822019c55c74516dc93,2,3,0,4,12,7,13.755949974060059,2.7559499740600586
id0516,P0516_11Kpa.jpg,11.0,High,Doash,29/05/2026,16:00:00,Sponge Gourd,Seedling,,,,/kaggle/input/datasets/karimakanu/tensiometer-dataset/499_soil_Dataset/image/P0516_11Kpa.jpg,fd2eb986753f92f1194a33569f359328,2,3,0,4,12,7,9.992199897766113,1.0078001022338867
id0517,P0517_11Kpa.jpg,11.0,High,Doash,29/05/2026,16:00:00,Sponge Gourd,Seedling,,,,/kaggle/input/datasets/karimakanu/tensiometer-dataset/499_soil_Dataset/image/P0517_11Kpa.jpg,c84846f9c1142a199f29b25e0314702d,2,2,0,4,12,7,8.22884750366211,2.7711524963378906
id0518,P0518_11Kpa.jpg,11.0,High,Doash,29/05/2026,16:00:00,Sponge Gourd,Seedling,,,,/kaggle/input/datasets/karimakanu/tensiometer-dataset/499_soil_Dataset/image/P0518_11Kpa.jpg,7c66e060acd724bdc7641f695c4140c1,2,1,0,4,12,7,7.760341644287109,3.2396583557128906
id0519,P0519_11Kpa.jpg,11.0,High,Doash,29/05/2026,16:00:00,Sponge Gourd,Seedling,,,,/kaggle/input/datasets/karimakanu/tensiometer-dataset/499_soil_Dataset/image/P0519_11Kpa.jpg,4d94e8047d138f67d030814377787f76,2,1,0,4,12,7,9.708477020263672,1.2915229797363281
id0520,P0520_11Kpa.jpg,11.0,High,Doash,29/05/2026,16:00:00,Sponge Gourd,Seedling,,,,/kaggle/input/datasets/karimakanu/tensiometer-dataset/499_soil_Dataset/image/P0520_11Kpa.jpg,9435fae51bb49f267406bd7e10898ad6,2,3,0,4,12,7,9.536056518554688,1.4639434814453125
id0521,P0521_11Kpa.jpg,11.0,High,Doash,29/05/2026,16:00:00,Sponge Gourd,Seedling,,,,/kaggle/input/datasets/karimakanu/tensiometer-dataset/499_soil_Dataset/image/P0521_11Kpa.jpg,47b6693be08f29a7fedd085159014d43,2,0,0,4,12,7,10.241924285888672,0.7580757141113281
id0522,P0522_11Kpa.jpg,11.0,High,Doash,29/05/2026,16:00:00,Sponge Gourd,Seedling,,,,/kaggle/input/datasets/karimakanu/tensiometer-dataset/499_soil_Dataset/image/P0522_11Kpa.jpg,d4d820942ae402099ef495c127fbd4d9,2,3,0,4,12,7,8.892359733581543,2.107640266418457
id0524,P0524_11Kpa.jpg,11.0,High,Doash,29/05/2026,16:00:00,Sponge Gourd,Seedling,,,,/kaggle/input/datasets/karimakanu/tensiometer-dataset/499_soil_Dataset/image/P0524_11Kpa.jpg,e4b43f3da86a58a50c2db25eb93f701b,2,4,0,4,12,7,12.783705711364746,1.783705711364746
id0525,P0525_11Kpa.jpg,11.0,High,Doash,29/05/2026,16:00:00,Sponge Gourd,Seedling,,,,/kaggle/input/datasets/karimakanu/tensiometer-dataset/499_soil_Dataset/image/P0525_11Kpa.jpg,f848377901e6c4c3688a8a229f24ff2b,2,4,0,4,12,7,17.54390525817871,6.543905258178711
id0526,P0526_11Kpa.jpg,11.0,High,Doash,29/05/2026,16:00:00,Sponge Gourd,Seedling,,,,/kaggle/input/datasets/karimakanu/tensiometer-dataset/499_soil_Dataset/image/P0526_11Kpa.jpg,032ecf291363224658c1716eef2af429,2,2,0,4,12,7,17.376859664916992,6.376859664916992
id0527,P0527_11Kpa.jpg,11.0,High,Doash,29/05/2026,16:00:00,Sponge Gourd,Seedling,,,,/kaggle/input/datasets/karimakanu/tensiometer-dataset/499_soil_Dataset/image/P0527_11Kpa.jpg,c47f35906fcad6c23a1c11765429b6f0,2,0,0,4,12,7,10.082859992980957,0.917140007019043
id0528,P0528_11Kpa.jpg,11.0,High,Doash,29/05/2026,16:00:00,Sponge Gourd,Seedling,,,,/kaggle/input/datasets/karimakanu/tensiometer-dataset/499_soil_Dataset/image/P0528_11Kpa.jpg,455333fd70809983c11f4976c4ff9d8d,2,2,0,4,12,7,9.861831665039062,1.1381683349609375
id0529,P0529_11Kpa.jpg,11.0,High,Doash,29/05/2026,16:00:00,Sponge Gourd,Seedling,,,,/kaggle/input/datasets/karimakanu/tensiometer-dataset/499_soil_Dataset/image/P0529_11Kpa.jpg,cbfd8c27e0be335a2bb0ce7dcea0a6ad,2,3,0,4,12,7,5.917999267578125,5.082000732421875
id0530,P0530_11Kpa.jpg,11.0,High,Doash,29/05/2026,16:00:00,Sponge Gourd,Seedling,,,,/kaggle/input/datasets/karimakanu/tensiometer-dataset/499_soil_Dataset/image/P0530_11Kpa.jpg,a16e42dde7b3175646122b05b1acf174,2,2,0,4,12,7,16.73016357421875,5.73016357421875
id0531,P0531_11Kpa.jpg,11.0,High,Doash,29/05/2026,16:00:00,Sponge Gourd,Seedling,,,,/kaggle/input/datasets/karimakanu/tensiometer-dataset/499_soil_Dataset/image/P0531_11Kpa.jpg,5910f6e2a81e18d30633ff0af95289aa,2,3,0,4,12,7,12.533761978149414,1.533761978149414
id0532,P0532_11Kpa.jpg,11.0,High,Doash,29/05/2026,16:00:00,Sponge Gourd,Seedling,,,,/kaggle/input/datasets/karimakanu/tensiometer-dataset/499_soil_Dataset/image/P0532_11Kpa.jpg,7d0b6096e6354a6040bd400471e3b2db,2,1,0,4,12,7,9.445993423461914,1.554006576538086
id0533,P0533_11Kpa.jpg,11.0,High,Doash,29/05/2026,16:00:00,Sponge Gourd,Seedling,,,,/kaggle/input/datasets/karimakanu/tensiometer-dataset/499_soil_Dataset/image/P0533_11Kpa.jpg,f36e7af87228d1330465cd7ea2101490,2,0,0,4,12,7,9.720151901245117,1.2798480987548828
id0534,P0534_11Kpa.jpg,11.0,High,Doash,29/05/2026,16:00:00,Sponge Gourd,Seedling,,,,/kaggle/input/datasets/karimakanu/tensiometer-dataset/499_soil_Dataset/image/P0534_11Kpa.jpg,ee53ce4f83eb7ee0938cd233bde57c1a,2,4,0,4,12,7,11.840206146240234,0.8402061462402344
id0535,P0535_11Kpa.jpg,11.0,High,Doash,29/05/2026,16:00:00,Sponge Gourd,Seedling,,,,/kaggle/input/datasets/karimakanu/tensiometer-dataset/499_soil_Dataset/image/P0535_11Kpa.jpg,c52171cec22797385a961b41f38f085a,2,0,0,4,12,7,15.914591789245605,4.9145917892456055
id0536,P0536_11Kpa.jpg,11.0,High,Doash,29/05/2026,16:00:00,Sponge Gourd,Seedling,,,,/kaggle/input/datasets/karimakanu/tensiometer-dataset/499_soil_Dataset/image/P0536_11Kpa.jpg,d744f1b32d0fe4e8840db82e16e7cafb,2,3,0,4,12,7,18.068994522094727,7.068994522094727
id0537,P0537_11Kpa.jpg,11.0,High,Doash,29/05/2026,16:00:00,Sponge Gourd,Seedling,,,,/kaggle/input/datasets/karimakanu/tensiometer-dataset/499_soil_Dataset/image/P0537_11Kpa.jpg,fdc97e1b338534641dff85a209a2cc64,2,4,0,4,12,7,14.110665321350098,3.1106653213500977
id0538,P0538_11Kpa.jpg,11.0,High,Doash,29/05/2026,16:00:00,Sponge Gourd,Seedling,,,,/kaggle/input/datasets/karimakanu/tensiometer-dataset/499_soil_Dataset/image/P0538_11Kpa.jpg,eedd9d6ca0924c8275a40926b5cd7ec3,2,1,0,4,12,7,11.718392372131348,0.7183923721313477
id0539,P0539_11Kpa.jpg,11.0,High,Doash,29/05/2026,16:00:00,Sponge Gourd,Seedling,,,,/kaggle/input/datasets/karimakanu/tensiometer-dataset/499_soil_Dataset/image/P0539_11Kpa.jpg,0b7c9d14de30efecc3036f7c65f4a1a9,2,0,0,4,12,7,7.424755573272705,3.575244426727295
id0540,P0540_11Kpa.jpg,11.0,High,Doash,29/05/2026,16:00:00,Sponge Gourd,Seedling,,,,/kaggle/input/datasets/karimakanu/tensiometer-dataset/499_soil_Dataset/image/P0540_11Kpa.jpg,c589a136ce9391717523f306142caa99,2,0,0,4,12,7,9.337533950805664,1.662466049194336
id0541,P0541_11Kpa.jpg,11.0,High,Doash,29/05/2026,16:00:00,Sponge Gourd,Seedling,,,,/kaggle/input/datasets/karimakanu/tensiometer-dataset/499_soil_Dataset/image/P0541_11Kpa.jpg,d8e62c87b3a1fb72e64d70835887c096,2,1,0,4,12,7,24.061349868774414,13.061349868774414
id0542,P0542_11Kpa.jpg,11.0,High,Doash,29/05/2026,16:00:00,Sponge Gourd,Seedling,,,,/kaggle/input/datasets/karimakanu/tensiometer-dataset/499_soil_Dataset/image/P0542_11Kpa.jpg,b80f0456ba5bdccdba7fa87aa6292a25,2,0,0,4,12,7,8.4351224899292,2.564877510070801
id0544,P0544_11Kpa.jpg,11.0,High,Doash,29/05/2026,16:00:00,Sponge Gourd,Seedling,,,,/kaggle/input/datasets/karimakanu/tensiometer-dataset/499_soil_Dataset/image/P0544_11Kpa.jpg,aaa457221e215f7df795d747054f0caa,2,4,0,4,12,7,15.816001892089844,4.816001892089844
id0546,P0546_11Kpa.jpg,11.0,High,Doash,29/05/2026,16:00:00,Sponge Gourd,Seedling,,,,/kaggle/input/datasets/karimakanu/tensiometer-dataset/499_soil_Dataset/image/P0546_11Kpa.jpg,df0d0aef676a81e944890f08e6bd7b48,2,1,0,4,12,7,13.636157035827637,2.6361570358276367
id0547,P0547_11Kpa.jpg,11.0,High,Doash,29/05/2026,16:00:00,Sponge Gourd,Seedling,,,,/kaggle/input/datasets/karimakanu/tensiometer-dataset/499_soil_Dataset/image/P0547_11Kpa.jpg,f5013ef0b6d2321701e3a0e15440cc7d,2,2,0,4,12,7,11.17408561706543,0.1740856170654297
id0549,P0549_11Kpa.jpg,11.0,High,Doash,29/05/2026,16:00:00,Sponge Gourd,Seedling,,,,/kaggle/input/datasets/karimakanu/tensiometer-dataset/499_soil_Dataset/image/P0549_11Kpa.jpg,b98e7efa7fbf99f52eaad9ba4fbf15ac,2,3,0,4,12,7,9.83802604675293,1.1619739532470703
id0550,P0550_11Kpa.jpg,11.0,High,Doash,29/05/2026,16:00:00,Sponge Gourd,Seedling,,,,/kaggle/input/datasets/karimakanu/tensiometer-dataset/499_soil_Dataset/image/P0550_11Kpa.jpg,4632823b356b947351429944134e2f48,2,3,0,4,12,7,9.111035346984863,1.8889646530151367
id0551,P0551_11Kpa.jpg,11.0,High,Doash,29/05/2026,16:00:00,Sponge Gourd,Seedling,,,,/kaggle/input/datasets/karimakanu/tensiometer-dataset/499_soil_Dataset/image/P0551_11Kpa.jpg,f39f0ea95bb5103e8f36db30088b09ab,2,4,0,4,12,7,13.625463485717773,2.6254634857177734
id0552,P0552_11Kpa.jpg,11.0,High,Doash,29/05/2026,16:00:00,Sponge Gourd,Seedling,,,,/kaggle/input/datasets/karimakanu/tensiometer-dataset/499_soil_Dataset/image/P0552_11Kpa.jpg,f5f92514fde53a080446feddcebdd986,2,4,0,4,12,7,12.440093994140625,1.440093994140625
id0553,P0553_11Kpa.jpg,11.0,High,Doash,29/05/2026,16:00:00,Sponge Gourd,Seedling,,,,/kaggle/input/datasets/karimakanu/tensiometer-dataset/499_soil_Dataset/image/P0553_11Kpa.jpg,28f338bb70ae83ba02ccf2e0c8261299,2,4,0,4,12,7,11.749197006225586,0.7491970062255859
id0555,P0555_18Kpa.jpg,18.0,High,Atel_Doash,29/05/2026,16:00:00,Jute,Mature,,,,/kaggle/input/datasets/karimakanu/tensiometer-dataset/499_soil_Dataset/image/P0555_18Kpa.jpg,c42107c33c92b974beabd09ae8e101e4,7,0,0,1,3,2,20.647754669189453,2.647754669189453
id0556,P0556_19Kpa.jpg,19.0,High,Atel_Doash,29/05/2026,16:00:00,Jute,Mature,,,,/kaggle/input/datasets/karimakanu/tensiometer-dataset/499_soil_Dataset/image/P0556_19Kpa.jpg,ba1585ef5d5de91519e6c8ccb4270cbe,7,3,0,1,3,2,16.141843795776367,2.858156204223633
id0557,P0557_19Kpa.jpg,19.0,High,Atel_Doash,29/05/2026,16:00:00,Jute,Mature,,,,/kaggle/input/datasets/karimakanu/tensiometer-dataset/499_soil_Dataset/image/P0557_19Kpa.jpg,6d89bbd221ec72e3ddd229591ac9a174,7,1,0,1,3,2,17.903627395629883,1.0963726043701172
id0558,P0558_19Kpa.jpg,19.0,High,Atel_Doash,29/05/2026,16:00:00,Jute,Mature,,,,/kaggle/input/datasets/karimakanu/tensiometer-dataset/499_soil_Dataset/image/P0558_19Kpa.jpg,e7b749ef14fc4640f37824a13567cfb5,7,3,0,1,3,2,13.557726860046387,5.442273139953613
id0559,P0559_19Kpa.jpg,19.0,High,Atel_Doash,29/05/2026,16:00:00,Jute,Mature,,,,/kaggle/input/datasets/karimakanu/tensiometer-dataset/499_soil_Dataset/image/P0559_19Kpa.jpg,65f03980ba093f4cd56e5aa1416134d4,7,2,0,1,3,2,20.067564010620117,1.0675640106201172
id0560,P0560_19Kpa.jpg,19.0,High,Atel_Doash,29/05/2026,16:00:00,Jute,Mature,,,,/kaggle/input/datasets/karimakanu/tensiometer-dataset/499_soil_Dataset/image/P0560_19Kpa.jpg,95e38dbd680c472832555c9c22b2a5a3,7,3,0,1,3,2,11.712925910949707,7.287074089050293
id0561,P0561_19Kpa.jpg,19.0,High,Atel_Doash,29/05/2026,16:00:00,Jute,Mature,,,,/kaggle/input/datasets/karimakanu/tensiometer-dataset/499_soil_Dataset/image/P0561_19Kpa.jpg,0788f3a89e10a2251c8bc6993af495de,7,2,0,1,3,2,21.633569717407227,2.6335697174072266
id0562,P0562_19Kpa.jpg,19.0,High,Atel_Doash,29/05/2026,16:00:00,Jute,Mature,,,,/kaggle/input/datasets/karimakanu/tensiometer-dataset/499_soil_Dataset/image/P0562_19Kpa.jpg,2d42d743a308a3e5732db2074e4feea8,7,3,0,1,3,2,11.3107271194458,7.689272880554199
id0563,P0563_19Kpa.jpg,19.0,High,Atel_Doash,29/05/2026,16:00:00,Jute,Mature,,,,/kaggle/input/datasets/karimakanu/tensiometer-dataset/499_soil_Dataset/image/P0563_19Kpa.jpg,52e71c709a2d076a8199d449ffcc5861,7,1,0,1,3,2,12.176825523376465,6.823174476623535
id0564,P0564_19Kpa.jpg,19.0,High,Atel_Doash,29/05/2026,16:00:00,Jute,Mature,,,,/kaggle/input/datasets/karimakanu/tensiometer-dataset/499_soil_Dataset/image/P0564_19Kpa.jpg,1f0229f0ee712370b3a07e91e9e75e74,7,3,0,1,3,2,7.260602951049805,11.739397048950195
id0565,P0565_19Kpa.jpg,19.0,High,Atel_Doash,29/05/2026,16:00:00,Jute,Mature,,,,/kaggle/input/datasets/karimakanu/tensiometer-dataset/499_soil_Dataset/image/P0565_19Kpa.jpg,fc81c264cf06553612e9b69c466d6552,7,2,0,1,3,2,19.80769920349121,0.8076992034912109
id0566,P0566_19Kpa.jpg,19.0,High,Atel_Doash,29/05/2026,16:00:00,Jute,Mature,,,,/kaggle/input/datasets/karimakanu/tensiometer-dataset/499_soil_Dataset/image/P0566_19Kpa.jpg,5b6daaf0e3f4186997f9f02ecd7db1a1,7,4,0,1,3,2,19.5009822845459,0.5009822845458984
id0567,P0567_19Kpa.jpg,19.0,High,Atel_Doash,29/05/2026,16:00:00,Jute,Mature,,,,/kaggle/input/datasets/karimakanu/tensiometer-dataset/499_soil_Dataset/image/P0567_19Kpa.jpg,52d4f578ce402d7f757bc1f9c3a6d4fc,7,1,0,1,3,2,17.90406608581543,1.0959339141845703
id0568,P0568_19Kpa.jpg,19.0,High,Atel_Doash,29/05/2026,16:00:00,Jute,Mature,,,,/kaggle/input/datasets/karimakanu/tensiometer-dataset/499_soil_Dataset/image/P0568_19Kpa.jpg,5ffd95455b3341fbcc5f932305a231c9,7,2,0,1,3,2,21.088790893554688,2.0887908935546875
id0569,P0569_19Kpa.jpg,19.0,High,Atel_Doash,29/05/2026,16:00:00,Jute,Mature,,,,/kaggle/input/datasets/karimakanu/tensiometer-dataset/499_soil_Dataset/image/P0569_19Kpa.jpg,9b20974cf00cfd2826fbc08ba7b0136f,7,3,0,1,3,2,13.200174331665039,5.799825668334961
id0570,P0570_19Kpa.jpg,19.0,High,Atel_Doash,29/05/2026,16:00:00,Jute,Mature,,,,/kaggle/input/datasets/karimakanu/tensiometer-dataset/499_soil_Dataset/image/P0570_19Kpa.jpg,4bff63edd96327994f7ab8151855ff29,7,1,0,1,3,2,11.317792892456055,7.682207107543945
id0571,P0571_19Kpa.jpg,19.0,High,Atel_Doash,29/05/2026,16:00:00,Jute,Mature,,,,/kaggle/input/datasets/karimakanu/tensiometer-dataset/499_soil_Dataset/image/P0571_19Kpa.jpg,e83b4d732bed0fe96ed3a6a3dad91d13,7,0,0,1,3,2,20.407182693481445,1.4071826934814453
id0572,P0572_19Kpa.jpg,19.0,High,Atel_Doash,29/05/2026,16:00:00,Jute,Mature,,,,/kaggle/input/datasets/karimakanu/tensiometer-dataset/499_soil_Dataset/image/P0572_19Kpa.jpg,f223ae4a04dc57dea357790c43361766,7,3,0,1,3,2,13.667701721191406,5.332298278808594
id0573,P0573_19Kpa.jpg,19.0,High,Atel_Doash,29/05/2026,16:00:00,Jute,Mature,,,,/kaggle/input/datasets/karimakanu/tensiometer-dataset/499_soil_Dataset/image/P0573_19Kpa.jpg,cce80364ac2b0210edbc6ace3612318f,7,3,0,1,3,2,11.095882415771484,7.904117584228516
id0574,P0574_19Kpa.jpg,19.0,High,Atel_Doash,29/05/2026,16:00:00,Jute,Mature,,,,/kaggle/input/datasets/karimakanu/tensiometer-dataset/499_soil_Dataset/image/P0574_19Kpa.jpg,af71d93ce8d8c10dd0768a1c7065c105,7,1,0,1,3,2,14.639459609985352,4.360540390014648
id0575,P0575_19Kpa.jpg,19.0,High,Atel_Doash,29/05/2026,16:00:00,Jute,Mature,,,,/kaggle/input/datasets/karimakanu/tensiometer-dataset/499_soil_Dataset/image/P0575_19Kpa.jpg,4c6dfb5fd1dd57149a4c88ee0a4903de,7,4,0,1,3,2,19.267620086669922,0.2676200866699219
id0576,P0576_19Kpa.jpg,19.0,High,Atel_Doash,29/05/2026,16:00:00,Jute,Mature,,,,/kaggle/input/datasets/karimakanu/tensiometer-dataset/499_soil_Dataset/image/P0576_19Kpa.jpg,e350ea853b8fe7087e7d515326a34707,7,0,0,1,3,2,15.804880142211914,3.195119857788086
id0577,P0577_19Kpa.jpg,19.0,High,Atel_Doash,29/05/2026,16:00:00,Jute,Mature,,,,/kaggle/input/datasets/karimakanu/tensiometer-dataset/499_soil_Dataset/image/P0577_19Kpa.jpg,2b756413625c0c97d411fffc22a6181d,7,0,0,1,3,2,14.096152305603027,4.903847694396973
id0578,P0578_14Kpa.jpg,14.0,Medium,Bele_Doash,29/05/2026,16:00:00,No,Pre_hervest,,,,/kaggle/input/datasets/karimakanu/tensiometer-dataset/499_soil_Dataset/image/P0578_14Kpa.jpg,d94d8bfabe9dd99613fa4ae39ce1d30e,3,0,2,3,9,5,17.92691993713379,3.926919937133789
id0579,P0579_14Kpa.jpg,14.0,Medium,Bele_Doash,29/05/2026,16:00:00,No,Pre_hervest,,,,/kaggle/input/datasets/karimakanu/tensiometer-dataset/499_soil_Dataset/image/P0579_14Kpa.jpg,1e0b620573ea9491d635451f263f1339,3,3,2,3,9,5,6.38083553314209,7.61916446685791
id0580,P0580_14Kpa.jpg,14.0,Medium,Bele_Doash,29/05/2026,16:00:00,No,Pre_hervest,,,,/kaggle/input/datasets/karimakanu/tensiometer-dataset/499_soil_Dataset/image/P0580_14Kpa.jpg,f872c16935cdfd2866b3072232950fbc,3,1,2,3,9,5,10.275140762329102,3.7248592376708984
id0581,P0581_14Kpa.jpg,14.0,Medium,Bele_Doash,29/05/2026,16:00:00,No,Pre_hervest,,,,/kaggle/input/datasets/karimakanu/tensiometer-dataset/499_soil_Dataset/image/P0581_14Kpa.jpg,71df516c817af53bca3115c52ef78a20,3,0,2,3,9,5,17.874771118164062,3.8747711181640625
id0582,P0582_14Kpa.jpg,14.0,Medium,Bele_Doash,29/05/2026,16:00:00,No,Pre_hervest,,,,/kaggle/input/datasets/karimakanu/tensiometer-dataset/499_soil_Dataset/image/P0582_14Kpa.jpg,ad4b329657f8b33f98fd0bff4e69abf8,3,3,2,3,9,5,9.34434700012207,4.65565299987793
id0583,P0583_14Kpa.jpg,14.0,Medium,Bele_Doash,29/05/2026,16:00:00,No,Pre_hervest,,,,/kaggle/input/datasets/karimakanu/tensiometer-dataset/499_soil_Dataset/image/P0583_14Kpa.jpg,79ffbc369d0861aa5ded7f223372e3d7,3,0,2,3,9,5,14.463737487792969,0.46373748779296875
id0584,P0584_14Kpa.jpg,14.0,Medium,Bele_Doash,29/05/2026,16:00:00,No,Pre_hervest,,,,/kaggle/input/datasets/karimakanu/tensiometer-dataset/499_soil_Dataset/image/P0584_14Kpa.jpg,cd3398d2a3d958ef882a327ff6e5baca,3,1,2,3,9,5,9.008392333984375,4.991607666015625
id0585,P0585_14Kpa.jpg,14.0,Medium,Bele_Doash,29/05/2026,16:00:00,No,Pre_hervest,,,,/kaggle/input/datasets/karimakanu/tensiometer-dataset/499_soil_Dataset/image/P0585_14Kpa.jpg,27c0e6e0741497eecdf92421aee45ba1,3,1,2,3,9,5,9.160523414611816,4.839476585388184
id0586,P0586_14Kpa.jpg,14.0,Medium,Bele_Doash,29/05/2026,16:00:00,No,Pre_hervest,,,,/kaggle/input/datasets/karimakanu/tensiometer-dataset/499_soil_Dataset/image/P0586_14Kpa.jpg,7b42073f621c77f0984f66f3c583c8ac,3,3,2,3,9,5,9.214971542358398,4.785028457641602
id0587,P0587_14Kpa.jpg,14.0,Medium,Bele_Doash,29/05/2026,16:00:00,No,Pre_hervest,,,,/kaggle/input/datasets/karimakanu/tensiometer-dataset/499_soil_Dataset/image/P0587_14Kpa.jpg,cc8365bbb0df813d00fcd2b0f17eab5c,3,0,2,3,9,5,15.112927436828613,1.1129274368286133
id0588,P0588_14Kpa.jpg,14.0,Medium,Bele_Doash,29/05/2026,16:00:00,No,Pre_hervest,,,,/kaggle/input/datasets/karimakanu/tensiometer-dataset/499_soil_Dataset/image/P0588_14Kpa.jpg,287136f13670e62306c40c03121fb6f9,3,2,2,3,9,5,11.282161712646484,2.7178382873535156
id0589,P0589_14Kpa.jpg,14.0,Medium,Bele_Doash,29/05/2026,16:00:00,No,Pre_hervest,,,,/kaggle/input/datasets/karimakanu/tensiometer-dataset/499_soil_Dataset/image/P0589_14Kpa.jpg,e72b008ba0a641c205d50ab1f278703d,3,3,2,3,9,5,8.582776069641113,5.417223930358887
id0590,P0590_14Kpa.jpg,14.0,Medium,Bele_Doash,29/05/2026,16:00:00,No,Pre_hervest,,,,/kaggle/input/datasets/karimakanu/tensiometer-dataset/499_soil_Dataset/image/P0590_14Kpa.jpg,403dfa6b9217d52ca4c00b4f5e8890d8,3,2,2,3,9,5,11.534514427185059,2.4654855728149414
id0591,P0591_14Kpa.jpg,14.0,Medium,Bele_Doash,29/05/2026,16:00:00,No,Pre_hervest,,,,/kaggle/input/datasets/karimakanu/tensiometer-dataset/499_soil_Dataset/image/P0591_14Kpa.jpg,d5167596570033a30c11bcba26b539d0,3,3,2,3,9,5,14.15494155883789,0.15494155883789062
id0592,P0592_14Kpa.jpg,14.0,Medium,Bele_Doash,29/05/2026,16:00:00,No,Pre_hervest,,,,/kaggle/input/datasets/karimakanu/tensiometer-dataset/499_soil_Dataset/image/P0592_14Kpa.jpg,dd10c436584141be87876e126b401327,3,1,2,3,9,5,14.831660270690918,0.831660270690918
id0593,P0593_14Kpa.jpg,14.0,Medium,Bele_Doash,29/05/2026,16:00:00,No,Pre_hervest,,,,/kaggle/input/datasets/karimakanu/tensiometer-dataset/499_soil_Dataset/image/P0593_14Kpa.jpg,032aac8f7fb7876341de7242375399b6,3,2,2,3,9,5,11.635409355163574,2.364590644836426
id0594,P0594_14Kpa.jpg,14.0,Medium,Bele_Doash,29/05/2026,16:00:00,No,Pre_hervest,,,,/kaggle/input/datasets/karimakanu/tensiometer-dataset/499_soil_Dataset/image/P0594_14Kpa.jpg,0c9fe284a7e132ae6d0d7f4af9dc8475,3,0,2,3,9,5,16.27782440185547,2.2778244018554688
id0595,P0595_14Kpa.jpg,14.0,Medium,Bele_Doash,29/05/2026,16:00:00,No,Pre_hervest,,,,/kaggle/input/datasets/karimakanu/tensiometer-dataset/499_soil_Dataset/image/P0595_14Kpa.jpg,69d95d84288875f3692883e36bb58c3b,3,2,2,3,9,5,13.47408676147461,0.5259132385253906
id0596,P0596_14Kpa.jpg,14.0,Medium,Bele_Doash,29/05/2026,16:00:00,No,Pre_hervest,,,,/kaggle/input/datasets/karimakanu/tensiometer-dataset/499_soil_Dataset/image/P0596_14Kpa.jpg,3101edc96b55953d88c87c144a7b5206,3,2,2,3,9,5,13.729769706726074,0.2702302932739258
id0597,P0597_14Kpa.jpg,14.0,Medium,Bele_Doash,29/05/2026,16:00:00,No,Pre_hervest,,,,/kaggle/input/datasets/karimakanu/tensiometer-dataset/499_soil_Dataset/image/P0597_14Kpa.jpg,b2a484805fc7a811ee898b0e82a2878c,3,1,2,3,9,5,11.325139045715332,2.674860954284668
id0598,P0598_14Kpa.jpg,14.0,Medium,Bele_Doash,29/05/2026,16:00:00,No,Pre_hervest,,,,/kaggle/input/datasets/karimakanu/tensiometer-dataset/499_soil_Dataset/image/P0598_14Kpa.jpg,751986711a089cac5bf6f340bc30a1b0,3,2,2,3,9,5,9.272958755493164,4.727041244506836
id0599,P0599_14Kpa.jpg,14.0,Medium,Bele_Doash,29/05/2026,16:00:00,No,Pre_hervest,,,,/kaggle/input/datasets/karimakanu/tensiometer-dataset/499_soil_Dataset/image/P0599_14Kpa.jpg,4e84a84a3ee6c6d5933c8fc7ac29d73c,3,4,2,3,9,5,14.59972095489502,0.5997209548950195
id0600,P0600_14Kpa.jpg,14.0,Medium,Bele_Doash,29/05/2026,16:00:00,No,Pre_hervest,,,,/kaggle/input/datasets/karimakanu/tensiometer-dataset/499_soil_Dataset/image/P0600_14Kpa.jpg,31905a1bec252770deadb6d44200f0b9,3,2,2,3,9,5,9.650187492370605,4.3498125076293945
id0601,P0601_14Kpa.jpg,14.0,Medium,Bele_Doash,29/05/2026,16:00:00,No,Pre_hervest,,,,/kaggle/input/datasets/karimakanu/tensiometer-dataset/499_soil_Dataset/image/P0601_14Kpa.jpg,4bd908eb772abb8de67a2d095a98f16c,3,0,2,3,9,5,11.196731567382812,2.8032684326171875
id0602,P0602_14Kpa.jpg,14.0,Medium,Bele_Doash,29/05/2026,16:00:00,No,Pre_hervest,,,,/kaggle/input/datasets/karimakanu/tensiometer-dataset/499_soil_Dataset/image/P0602_14Kpa.jpg,df73484b413bc0f37be956fb1cdf06f7,3,4,2,3,9,5,11.787169456481934,2.2128305435180664
id0603,P0603_14Kpa.jpg,14.0,Medium,Bele_Doash,29/05/2026,16:00:00,No,Pre_hervest,,,,/kaggle/input/datasets/karimakanu/tensiometer-dataset/499_soil_Dataset/image/P0603_14Kpa.jpg,32191ee0a8b1c2f018084b8323e33bfb,3,0,2,3,9,5,9.51676082611084,4.48323917388916
id0604,P0604_14Kpa.jpg,14.0,Medium,Bele_Doash,29/05/2026,16:00:00,No,Pre_hervest,,,,/kaggle/input/datasets/karimakanu/tensiometer-dataset/499_soil_Dataset/image/P0604_14Kpa.jpg,3210703133a9e8ae5f58551c1619d688,3,1,2,3,9,5,8.486960411071777,5.513039588928223
id0605,P0605_14Kpa.jpg,14.0,Medium,Bele_Doash,29/05/2026,16:00:00,No,Pre_hervest,,,,/kaggle/input/datasets/karimakanu/tensiometer-dataset/499_soil_Dataset/image/P0605_14Kpa.jpg,b52a926142df112daccd9307a1be3054,3,3,2,3,9,5,15.129348754882812,1.1293487548828125
id0606,P0606_14Kpa.jpg,14.0,Medium,Bele_Doash,29/05/2026,16:00:00,No,Pre_hervest,,,,/kaggle/input/datasets/karimakanu/tensiometer-dataset/499_soil_Dataset/image/P0606_14Kpa.jpg,255295657f8d715bf05b6acc1ac6967d,3,2,2,3,9,5,4.855447292327881,9.14455270767212
id0607,P0607_14Kpa.jpg,14.0,Medium,Bele_Doash,29/05/2026,16:00:00,No,Pre_hervest,,,,/kaggle/input/datasets/karimakanu/tensiometer-dataset/499_soil_Dataset/image/P0607_14Kpa.jpg,bdd55fad94a30e32b53e410116453cb4,3,2,2,3,9,5,9.39128303527832,4.60871696472168
id0608,P0608_14Kpa.jpg,14.0,Medium,Bele_Doash,29/05/2026,16:00:00,No,Pre_hervest,,,,/kaggle/input/datasets/karimakanu/tensiometer-dataset/499_soil_Dataset/image/P0608_14Kpa.jpg,aaa507bb3ccb7591f6ea00439ab08a67,3,2,2,3,9,5,7.105607032775879,6.894392967224121
id0609,P0609_14Kpa.jpg,14.0,Medium,Bele_Doash,29/05/2026,16:00:00,No,Pre_hervest,,,,/kaggle/input/datasets/karimakanu/tensiometer-dataset/499_soil_Dataset/image/P0609_14Kpa.jpg,d28f68b4b8e81a7cfbff05f1543081c5,3,0,2,3,9,5,7.39503812789917,6.60496187210083
id0610,P0610_14Kpa.jpg,14.0,Medium,Bele_Doash,29/05/2026,16:00:00,No,Pre_hervest,,,,/kaggle/input/datasets/karimakanu/tensiometer-dataset/499_soil_Dataset/image/P0610_14Kpa.jpg,9f43f9d4d84335c3bd545ec6eb9f1376,3,1,2,3,9,5,10.733380317687988,3.2666196823120117
id0611,P0611_14Kpa.jpg,14.0,Medium,Bele_Doash,29/05/2026,16:00:00,No,Pre_hervest,,,,/kaggle/input/datasets/karimakanu/tensiometer-dataset/499_soil_Dataset/image/P0611_14Kpa.jpg,779b43365009fb056eaa8f0ffcb6ad31,3,3,2,3,9,5,10.079304695129395,3.9206953048706055
id0612,P0612_14Kpa.jpg,14.0,Medium,Bele_Doash,29/05/2026,16:00:00,No,Pre_hervest,,,,/kaggle/input/datasets/karimakanu/tensiometer-dataset/499_soil_Dataset/image/P0612_14Kpa.jpg,c12b50dbc98bd4abc0a1b736ca95268b,3,0,2,3,9,5,20.050058364868164,6.050058364868164
id0613,P0613_14Kpa.jpg,14.0,Medium,Bele_Doash,29/05/2026,16:00:00,No,Pre_hervest,,,,/kaggle/input/datasets/karimakanu/tensiometer-dataset/499_soil_Dataset/image/P0613_14Kpa.jpg,6be132b46b94109897fc79d23569da80,3,0,2,3,9,5,15.952427864074707,1.952427864074707
id0614,P0614_14Kpa.jpg,14.0,Medium,Bele_Doash,29/05/2026,16:00:00,No,Pre_hervest,,,,/kaggle/input/datasets/karimakanu/tensiometer-dataset/499_soil_Dataset/image/P0614_14Kpa.jpg,aa60f332f7088c98a5562b3477dab2e7,3,3,2,3,9,5,8.07006549835205,5.929934501647949
id0615,P0615_14Kpa.jpg,14.0,Medium,Bele_Doash,29/05/2026,16:00:00,No,Pre_hervest,,,,/kaggle/input/datasets/karimakanu/tensiometer-dataset/499_soil_Dataset/image/P0615_14Kpa.jpg,890e602c35a10b3df685973af08a7c93,3,3,2,3,9,5,17.096609115600586,3.096609115600586
id0616,P0616_14Kpa.jpg,14.0,Medium,Bele_Doash,29/05/2026,16:00:00,No,Pre_hervest,,,,/kaggle/input/datasets/karimakanu/tensiometer-dataset/499_soil_Dataset/image/P0616_14Kpa.jpg,24e409cab419b5deccfdb8b4577efe35,3,3,2,3,9,5,5.673900604248047,8.326099395751953
id0617,P0617_14Kpa.jpg,14.0,Medium,Bele_Doash,29/05/2026,16:00:00,No,Pre_hervest,,,,/kaggle/input/datasets/karimakanu/tensiometer-dataset/499_soil_Dataset/image/P0617_14Kpa.jpg,a485e4484c2b29365afec89f2eafecd5,3,4,2,3,9,5,12.60096263885498,1.3990373611450195
id0618,P0618_14Kpa.jpg,14.0,Medium,Bele_Doash,29/05/2026,16:00:00,No,Pre_hervest,,,,/kaggle/input/datasets/karimakanu/tensiometer-dataset/499_soil_Dataset/image/P0618_14Kpa.jpg,643936d136db2e7716e6bdaf8f068906,3,4,2,3,9,5,11.071805000305176,2.928194999694824
id0619,P0619_14Kpa.jpg,14.0,Medium,Bele_Doash,29/05/2026,16:00:00,No,Pre_hervest,,,,/kaggle/input/datasets/karimakanu/tensiometer-dataset/499_soil_Dataset/image/P0619_14Kpa.jpg,fa504202177a6af86c962cca5880654b,3,1,2,3,9,5,13.439553260803223,0.5604467391967773
id0620,P0620_14Kpa.jpg,14.0,Medium,Bele_Doash,29/05/2026,16:00:00,No,Pre_hervest,,,,/kaggle/input/datasets/karimakanu/tensiometer-dataset/499_soil_Dataset/image/P0620_14Kpa.jpg,a43971c3ccd645b0fb7f6fe0b99cfa1b,3,3,2,3,9,5,12.38282299041748,1.6171770095825195
id0621,P0621_14Kpa.jpg,14.0,Medium,Bele_Doash,29/05/2026,16:00:00,No,Pre_hervest,,,,/kaggle/input/datasets/karimakanu/tensiometer-dataset/499_soil_Dataset/image/P0621_14Kpa.jpg,eb3e7af39f4cf7f191451c22492d33a7,3,4,2,3,9,5,11.335094451904297,2.664905548095703
id0622,P0622_14Kpa.jpg,14.0,Medium,Bele_Doash,29/05/2026,16:00:00,No,Pre_hervest,,,,/kaggle/input/datasets/karimakanu/tensiometer-dataset/499_soil_Dataset/image/P0622_14Kpa.jpg,ae63a15c34b1451850cb473280ed7d2e,3,0,2,3,9,5,13.939519882202148,0.06048011779785156
id0623,P0623_14Kpa.jpg,14.0,Medium,Bele_Doash,29/05/2026,16:00:00,No,Pre_hervest,,,,/kaggle/input/datasets/karimakanu/tensiometer-dataset/499_soil_Dataset/image/P0623_14Kpa.jpg,209922244a90cf69f414c39a5acaefb9,3,1,2,3,9,5,13.007357597351074,0.9926424026489258
id0624,P0624_14Kpa.jpg,14.0,Medium,Bele_Doash,29/05/2026,16:00:00,No,Pre_hervest,,,,/kaggle/input/datasets/karimakanu/tensiometer-dataset/499_soil_Dataset/image/P0624_14Kpa.jpg,65b9a49a06d37a34c396b223321b072e,3,1,2,3,9,5,12.424896240234375,1.575103759765625
id0625,P0625_14Kpa.jpg,14.0,Medium,Bele_Doash,29/05/2026,16:00:00,No,Pre_hervest,,,,/kaggle/input/datasets/karimakanu/tensiometer-dataset/499_soil_Dataset/image/P0625_14Kpa.jpg,75013a62d4e9db87e077db9067adb2fd,3,4,2,3,9,5,12.256762504577637,1.7432374954223633
id0626,P0626_14Kpa.jpg,14.0,Medium,Bele_Doash,29/05/2026,16:00:00,No,Pre_hervest,,,,/kaggle/input/datasets/karimakanu/tensiometer-dataset/499_soil_Dataset/image/P0626_14Kpa.jpg,aad7d3192035d371c90c590be9711c3f,3,2,2,3,9,5,11.805480003356934,2.1945199966430664
id0627,P0627_14Kpa.jpg,14.0,Medium,Bele_Doash,29/05/2026,16:00:00,No,Pre_hervest,,,,/kaggle/input/datasets/karimakanu/tensiometer-dataset/499_soil_Dataset/image/P0627_14Kpa.jpg,8eeb3c3de02911d694959ae8f7d44db2,3,1,2,3,9,5,16.760971069335938,2.7609710693359375
id0628,P0628_14Kpa.jpg,14.0,Medium,Bele_Doash,29/05/2026,16:00:00,No,Pre_hervest,,,,/kaggle/input/datasets/karimakanu/tensiometer-dataset/499_soil_Dataset/image/P0628_14Kpa.jpg,33524147e385413c0cf625f0b7996889,3,4,2,3,9,5,12.402929306030273,1.5970706939697266
id0629,P0629_14Kpa.jpg,14.0,Medium,Bele_Doash,29/05/2026,16:00:00,No,Pre_hervest,,,,/kaggle/input/datasets/karimakanu/tensiometer-dataset/499_soil_Dataset/image/P0629_14Kpa.jpg,9ed25fb25ac1fe80afd39bad32cdbea3,3,2,2,3,9,5,9.646745681762695,4.353254318237305
id0630,P0630_14Kpa.jpg,14.0,Medium,Bele_Doash,29/05/2026,16:00:00,No,Pre_hervest,,,,/kaggle/input/datasets/karimakanu/tensiometer-dataset/499_soil_Dataset/image/P0630_14Kpa.jpg,73dd0e2cfa0c4a62e7036ccc222e2285,3,2,2,3,9,5,11.55067253112793,2.4493274688720703
id0632,P0632_14Kpa.jpg,14.0,Medium,Bele_Doash,29/05/2026,16:00:00,No,Pre_hervest,,,,/kaggle/input/datasets/karimakanu/tensiometer-dataset/499_soil_Dataset/image/P0632_14Kpa.jpg,105c5d3900bf5c6f8e58d61aaf825642,3,4,2,3,9,5,10.146994590759277,3.8530054092407227
id0633,P0633_14Kpa.jpg,14.0,Medium,Bele_Doash,29/05/2026,16:00:00,No,Pre_hervest,,,,/kaggle/input/datasets/karimakanu/tensiometer-dataset/499_soil_Dataset/image/P0633_14Kpa.jpg,f46df6eea98cb872b642569536a153ff,3,3,2,3,9,5,13.864728927612305,0.1352710723876953
id0634,P0634_14Kpa.jpg,14.0,Medium,Bele_Doash,29/05/2026,16:00:00,No,Pre_hervest,,,,/kaggle/input/datasets/karimakanu/tensiometer-dataset/499_soil_Dataset/image/P0634_14Kpa.jpg,18dc41764c971f97ac1ec5228313ba00,3,1,2,3,9,5,9.767196655273438,4.2328033447265625
id0635,P0635_14Kpa.jpg,14.0,Medium,Bele_Doash,29/05/2026,16:00:00,No,Pre_hervest,,,,/kaggle/input/datasets/karimakanu/tensiometer-dataset/499_soil_Dataset/image/P0635_14Kpa.jpg,eb0f27b6da7fb53aeda6370965598941,3,1,2,3,9,5,14.077005386352539,0.07700538635253906
id0636,P0636_14Kpa.jpg,14.0,Medium,Bele_Doash,29/05/2026,16:00:00,No,Pre_hervest,,,,/kaggle/input/datasets/karimakanu/tensiometer-dataset/499_soil_Dataset/image/P0636_14Kpa.jpg,4a99094e08ac12897958ce97292696da,3,2,2,3,9,5,13.732182502746582,0.26781749725341797
id0637,P0637_14Kpa.jpg,14.0,Medium,Bele_Doash,29/05/2026,16:00:00,No,Pre_hervest,,,,/kaggle/input/datasets/karimakanu/tensiometer-dataset/499_soil_Dataset/image/P0637_14Kpa.jpg,df01566b4d62c9537f25a668ac5d6952,3,4,2,3,9,5,17.13995933532715,3.1399593353271484
id0638,P0638_14Kpa.jpg,14.0,Medium,Bele_Doash,29/05/2026,16:00:00,No,Pre_hervest,,,,/kaggle/input/datasets/karimakanu/tensiometer-dataset/499_soil_Dataset/image/P0638_14Kpa.jpg,03f053b0f460bfe4e42c9927058d3816,3,1,2,3,9,5,7.739740371704102,6.260259628295898
id0639,P0639_14Kpa.jpg,14.0,Medium,Bele_Doash,29/05/2026,16:00:00,No,Pre_hervest,,,,/kaggle/input/datasets/karimakanu/tensiometer-dataset/499_soil_Dataset/image/P0639_14Kpa.jpg,db55878425f5b09071c5e9ce117baf37,3,1,2,3,9,5,8.204434394836426,5.795565605163574
id0640,P0640_14Kpa.jpg,14.0,Medium,Bele_Doash,29/05/2026,16:00:00,No,Pre_hervest,,,,/kaggle/input/datasets/karimakanu/tensiometer-dataset/499_soil_Dataset/image/P0640_14Kpa.jpg,e652e8564c8dec212983ca3852bccbe9,3,1,2,3,9,5,11.713394165039062,2.2866058349609375
id0641,P0641_14Kpa.jpg,14.0,Medium,Bele_Doash,29/05/2026,16:00:00,No,Pre_hervest,,,,/kaggle/input/datasets/karimakanu/tensiometer-dataset/499_soil_Dataset/image/P0641_14Kpa.jpg,ecd4b596caab934c681ce9a9058c2305,3,0,2,3,9,5,8.739100456237793,5.260899543762207
id0642,P0642_14Kpa.jpg,14.0,Medium,Bele_Doash,29/05/2026,16:00:00,No,Pre_hervest,,,,/kaggle/input/datasets/karimakanu/tensiometer-dataset/499_soil_Dataset/image/P0642_14Kpa.jpg,831b773ea39825c524037e29c7c6a5d6,3,4,2,3,9,5,7.734316349029541,6.265683650970459
id0643,P0643_14Kpa.jpg,14.0,Medium,Bele_Doash,29/05/2026,16:00:00,No,Pre_hervest,,,,/kaggle/input/datasets/karimakanu/tensiometer-dataset/499_soil_Dataset/image/P0643_14Kpa.jpg,e8d7f03d1e97deed979bb5af820593bf,3,3,2,3,9,5,13.173981666564941,0.8260183334350586
id0644,P0644_14Kpa.jpg,14.0,Medium,Bele_Doash,29/05/2026,16:00:00,No,Pre_hervest,,,,/kaggle/input/datasets/karimakanu/tensiometer-dataset/499_soil_Dataset/image/P0644_14Kpa.jpg,eee506585a85e9f29331abe160d33bcd,3,3,2,3,9,5,9.38919448852539,4.610805511474609
id0645,P0645_14Kpa.jpg,14.0,Medium,Bele_Doash,29/05/2026,16:00:00,No,Pre_hervest,,,,/kaggle/input/datasets/karimakanu/tensiometer-dataset/499_soil_Dataset/image/P0645_14Kpa.jpg,f819ad2a6a7fb0a6aac933b0d2ffa577,3,1,2,3,9,5,15.083477020263672,1.0834770202636719
id0646,P0646_13Kpa.jpg,13.0,Medium,Bele_Doash,29/05/2026,16:00:00,No,Pre_hervest,,,,/kaggle/input/datasets/karimakanu/tensiometer-dataset/499_soil_Dataset/image/P0646_13Kpa.jpg,73402611f5bb73f4df4060ac8ce4b75b,3,3,2,3,9,5,9.497922897338867,3.502077102661133
id0647,P0647_14Kpa.jpg,14.0,Medium,Bele_Doash,29/05/2026,16:00:00,No,Pre_hervest,,,,/kaggle/input/datasets/karimakanu/tensiometer-dataset/499_soil_Dataset/image/P0647_14Kpa.jpg,a13310128c2f3cb9d714a502812e326b,3,4,2,3,9,5,15.208924293518066,1.2089242935180664
id0648,P0648_14Kpa.jpg,14.0,Medium,Bele_Doash,29/05/2026,16:00:00,No,Pre_hervest,,,,/kaggle/input/datasets/karimakanu/tensiometer-dataset/499_soil_Dataset/image/P0648_14Kpa.jpg,9dcd5f813cac775a8aabcf327c993871,3,0,2,3,9,5,16.36562728881836,2.3656272888183594
id0649,P0649_14Kpa.jpg,14.0,Medium,Bele_Doash,29/05/2026,16:00:00,No,Pre_hervest,,,,/kaggle/input/datasets/karimakanu/tensiometer-dataset/499_soil_Dataset/image/P0649_14Kpa.jpg,aadfdc79574a92e25da19fe4c59b3292,3,4,2,3,9,5,13.078903198242188,0.9210968017578125
id0650,P0650_14Kpa.jpg,14.0,Medium,Bele_Doash,29/05/2026,16:00:00,No,Pre_hervest,,,,/kaggle/input/datasets/karimakanu/tensiometer-dataset/499_soil_Dataset/image/P0650_14Kpa.jpg,a728dcd967f7367d65338d335918515b,3,2,2,3,9,5,17.246902465820312,3.2469024658203125
id0651,P0651_14Kpa.jpg,14.0,Medium,Bele_Doash,29/05/2026,16:00:00,No,Pre_hervest,,,,/kaggle/input/datasets/karimakanu/tensiometer-dataset/499_soil_Dataset/image/P0651_14Kpa.jpg,cc3aa943d108b7d6800b225c40c947b6,3,0,2,3,9,5,16.024578094482422,2.024578094482422
id0652,P0652_14Kpa.jpg,14.0,Medium,Bele_Doash,29/05/2026,16:00:00,No,Pre_hervest,,,,/kaggle/input/datasets/karimakanu/tensiometer-dataset/499_soil_Dataset/image/P0652_14Kpa.jpg,58dd244794805bc3cc085edfbb1ec38f,3,0,2,3,9,5,18.29770278930664,4.297702789306641
id0653,P0653_14Kpa.jpg,14.0,Medium,Bele_Doash,29/05/2026,16:00:00,No,Pre_hervest,,,,/kaggle/input/datasets/karimakanu/tensiometer-dataset/499_soil_Dataset/image/P0653_14Kpa.jpg,a3348121ac6d4d91abc5acf8913b9f0f,3,0,2,3,9,5,15.08985710144043,1.0898571014404297
id0654,P0654_14Kpa.jpg,14.0,Medium,Bele_Doash,29/05/2026,16:00:00,No,Pre_hervest,,,,/kaggle/input/datasets/karimakanu/tensiometer-dataset/499_soil_Dataset/image/P0654_14Kpa.jpg,5d0d68f784f4422a30ad520207d31708,3,2,2,3,9,5,11.93942642211914,2.0605735778808594
id0655,P0655_14Kpa.jpg,14.0,Medium,Bele_Doash,29/05/2026,16:00:00,No,Pre_hervest,,,,/kaggle/input/datasets/karimakanu/tensiometer-dataset/499_soil_Dataset/image/P0655_14Kpa.jpg,312d41d74004de4a4804273ab3aff513,3,0,2,3,9,5,17.542621612548828,3.542621612548828
id0656,P0656_14Kpa.jpg,14.0,Medium,Bele_Doash,29/05/2026,16:00:00,No,Pre_hervest,,,,/kaggle/input/datasets/karimakanu/tensiometer-dataset/499_soil_Dataset/image/P0656_14Kpa.jpg,33535d3e8921049c0463c3e24c482e90,3,3,2,3,9,5,5.171474456787109,8.82852554321289
id0657,P0657_8Kpa.jpg,8.0,Low,Bele_Doash,29/05/2026,16:00:00,Rich,Post_Harvest,,,,/kaggle/input/datasets/karimakanu/tensiometer-dataset/499_soil_Dataset/image/P0657_8Kpa.jpg,b473014b09e90b6990b4bed9b5638acb,0,0,1,3,11,4,6.263183116912842,1.7368168830871582
id0658,P0658_8Kpa.jpg,8.0,Low,Bele_Doash,29/05/2026,16:00:00,Rich,Post_Harvest,,,,/kaggle/input/datasets/karimakanu/tensiometer-dataset/499_soil_Dataset/image/P0658_8Kpa.jpg,9b93bcddee5133d39747687c49636377,0,2,1,3,11,4,4.367825508117676,3.632174491882324
id0659,P0659_8Kpa.jpg,8.0,Low,Bele_Doash,29/05/2026,16:00:00,Rich,Post_Harvest,,,,/kaggle/input/datasets/karimakanu/tensiometer-dataset/499_soil_Dataset/image/P0659_8Kpa.jpg,f5017007555a8fb937f5a6c6fb91d6d9,0,4,1,3,11,4,11.732084274291992,3.732084274291992
id0660,P0660_8Kpa.jpg,8.0,Low,Bele_Doash,29/05/2026,16:00:00,Rich,Post_Harvest,,,,/kaggle/input/datasets/karimakanu/tensiometer-dataset/499_soil_Dataset/image/P0660_8Kpa.jpg,8e041eb35344192c7ce3cff7496a58e5,0,3,1,3,11,4,6.284552574157715,1.7154474258422852
id0661,P0661_8Kpa.jpg,8.0,Low,Bele_Doash,29/05/2026,16:00:00,Rich,Post_Harvest,,,,/kaggle/input/datasets/karimakanu/tensiometer-dataset/499_soil_Dataset/image/P0661_8Kpa.jpg,ea007c862a622f61bfae46648528be99,0,2,1,3,11,4,7.517731666564941,0.4822683334350586
id0662,P0662_8Kpa.jpg,8.0,Low,Bele_Doash,29/05/2026,16:00:00,Rich,Post_Harvest,,,,/kaggle/input/datasets/karimakanu/tensiometer-dataset/499_soil_Dataset/image/P0662_8Kpa.jpg,c8eb337c6a846677bdb955a6323315e9,0,2,1,3,11,4,3.050736427307129,4.949263572692871
id0663,P0663_8Kpa.jpg,8.0,Low,Bele_Doash,29/05/2026,16:00:00,Rich,Post_Harvest,,,,/kaggle/input/datasets/karimakanu/tensiometer-dataset/499_soil_Dataset/image/P0663_8Kpa.jpg,8848a7d55a17e1b60503eb206d039378,0,4,1,3,11,4,4.299632549285889,3.7003674507141113
id0664,P0664_8Kpa.jpg,8.0,Low,Bele_Doash,29/05/2026,16:00:00,Rich,Post_Harvest,,,,/kaggle/input/datasets/karimakanu/tensiometer-dataset/499_soil_Dataset/image/P0664_8Kpa.jpg,ed21c01ded8857f8ec39bfb9446ac506,0,0,1,3,11,4,6.703228950500488,1.2967710494995117
id0665,P0665_8Kpa.jpg,8.0,Low,Bele_Doash,29/05/2026,16:00:00,Rich,Post_Harvest,,,,/kaggle/input/datasets/karimakanu/tensiometer-dataset/499_soil_Dataset/image/P0665_8Kpa.jpg,6e897cea6d1a02ddbadca51ceeb6535f,0,1,1,3,11,4,8.132603645324707,0.13260364532470703
id0666,P0666_8Kpa.jpg,8.0,Low,Bele_Doash,29/05/2026,16:00:00,Rich,Post_Harvest,,,,/kaggle/input/datasets/karimakanu/tensiometer-dataset/499_soil_Dataset/image/P0666_8Kpa.jpg,a953591c3fba9b4dd729f6dc16c6d09c,0,2,1,3,11,4,3.506121873855591,4.493878126144409
id0667,P0667_8Kpa.jpg,8.0,Low,Bele_Doash,29/05/2026,16:00:00,Rich,Post_Harvest,,,,/kaggle/input/datasets/karimakanu/tensiometer-dataset/499_soil_Dataset/image/P0667_8Kpa.jpg,b088213f1901817f06097edad2d32a4a,0,1,1,3,11,4,11.746489524841309,3.7464895248413086
id0668,P0668_8Kpa.jpg,8.0,Low,Bele_Doash,29/05/2026,16:00:00,Rich,Post_Harvest,,,,/kaggle/input/datasets/karimakanu/tensiometer-dataset/499_soil_Dataset/image/P0668_8Kpa.jpg,0fa5440907b9d2ae4d6738cb07158163,0,2,1,3,11,4,6.408969879150391,1.5910301208496094
id0669,P0669_8Kpa.jpg,8.0,Low,Bele_Doash,29/05/2026,16:00:00,Rich,Post_Harvest,,,,/kaggle/input/datasets/karimakanu/tensiometer-dataset/499_soil_Dataset/image/P0669_8Kpa.jpg,a4853b55b6a1209f344884313e6a4ac2,0,1,1,3,11,4,5.939028263092041,2.060971736907959
id0670,P0670_8Kpa.jpg,8.0,Low,Bele_Doash,29/05/2026,16:00:00,Rich,Post_Harvest,,,,/kaggle/input/datasets/karimakanu/tensiometer-dataset/499_soil_Dataset/image/P0670_8Kpa.jpg,44cc95dce76e31fe8d17f78a195ef028,0,2,1,3,11,4,8.246535301208496,0.2465353012084961
id0671,P0671_5Kpa.jpg,5.0,Low,Bele_Doash,29/05/2026,16:00:00,Rich,Post_Harvest,,,,/kaggle/input/datasets/karimakanu/tensiometer-dataset/499_soil_Dataset/image/P0671_5Kpa.jpg,fa34f2af5745e2326c0c06146bd8259c,0,4,1,3,11,4,0.7742623090744019,4.225737690925598
id0672,P0672_8Kpa.jpg,8.0,Low,Bele_Doash,29/05/2026,16:00:00,Rich,Post_Harvest,,,,/kaggle/input/datasets/karimakanu/tensiometer-dataset/499_soil_Dataset/image/P0672_8Kpa.jpg,5c6312f63af09d4de0e2ac834069ee51,0,4,1,3,11,4,10.851677894592285,2.851677894592285
id0673,P0673_8Kpa.jpg,8.0,Low,Bele_Doash,29/05/2026,16:00:00,Rich,Post_Harvest,,,,/kaggle/input/datasets/karimakanu/tensiometer-dataset/499_soil_Dataset/image/P0673_8Kpa.jpg,8d9862a770945ce0196c6f13b1293da4,0,3,1,3,11,4,4.697423458099365,3.3025765419006348
id0674,P0674_8Kpa.jpg,8.0,Low,Bele_Doash,29/05/2026,16:00:00,Rich,Post_Harvest,,,,/kaggle/input/datasets/karimakanu/tensiometer-dataset/499_soil_Dataset/image/P0674_8Kpa.jpg,c10d067c44cfc55980dcbe89ff7c0dcb,0,1,1,3,11,4,2.293843984603882,5.706156015396118
id0675,P0675_8Kpa.jpg,8.0,Low,Bele_Doash,29/05/2026,16:00:00,Rich,Post_Harvest,,,,/kaggle/input/datasets/karimakanu/tensiometer-dataset/499_soil_Dataset/image/P0675_8Kpa.jpg,65010e069e912bcef5b55a0488f78104,0,4,1,3,11,4,6.130834102630615,1.8691658973693848
id0676,P0676_8Kpa.jpg,8.0,Low,Bele_Doash,29/05/2026,16:00:00,Rich,Post_Harvest,,,,/kaggle/input/datasets/karimakanu/tensiometer-dataset/499_soil_Dataset/image/P0676_8Kpa.jpg,d809870b550423ae9d4bd9b869dec828,0,3,1,3,11,4,6.957080841064453,1.0429191589355469
id0677,P0677_8Kpa.jpg,8.0,Low,Bele_Doash,29/05/2026,16:00:00,Rich,Post_Harvest,,,,/kaggle/input/datasets/karimakanu/tensiometer-dataset/499_soil_Dataset/image/P0677_8Kpa.jpg,a947fd55c3f8f87da4cb55a141896669,0,3,1,3,11,4,3.011547565460205,4.988452434539795
id0678,P0678_4Kpa.jpg,4.0,Low,Bele_Doash,29/05/2026,16:00:00,Rich,Post_Harvest,,,,/kaggle/input/datasets/karimakanu/tensiometer-dataset/499_soil_Dataset/image/P0678_4Kpa.jpg,decdb964585bda43c76506a64de11494,0,4,1,3,11,4,1.7699381113052368,2.230061888694763
id0679,P0679_4Kpa.jpg,4.0,Low,Bele_Doash,29/05/2026,16:00:00,Rich,Post_Harvest,,,,/kaggle/input/datasets/karimakanu/tensiometer-dataset/499_soil_Dataset/image/P0679_4Kpa.jpg,d27d12f335033d16928d3d6f15eab213,0,2,1,3,11,4,5.7235331535339355,1.7235331535339355
id0680,P0680_8Kpa.jpg,8.0,Low,Bele_Doash,29/05/2026,16:00:00,Rich,Post_Harvest,,,,/kaggle/input/datasets/karimakanu/tensiometer-dataset/499_soil_Dataset/image/P0680_8Kpa.jpg,2f669dbb349a5c66b24336a9066039f7,0,1,1,3,11,4,4.877060890197754,3.122939109802246
id0681,P0681_8Kpa.jpg,8.0,Low,Bele_Doash,29/05/2026,16:00:00,Rich,Post_Harvest,,,,/kaggle/input/datasets/karimakanu/tensiometer-dataset/499_soil_Dataset/image/P0681_8Kpa.jpg,7121785f0e15e0dd47de8499a6c249de,0,0,1,3,11,4,6.147161960601807,1.8528380393981934
id0682,P0682_8Kpa.jpg,8.0,Low,Bele_Doash,29/05/2026,16:00:00,Rich,Post_Harvest,,,,/kaggle/input/datasets/karimakanu/tensiometer-dataset/499_soil_Dataset/image/P0682_8Kpa.jpg,bd7cc17f5dd6945dd568d66f5ed082f4,0,3,1,3,11,4,3.0183780193328857,4.981621980667114
id0683,P0683_8Kpa.jpg,8.0,Low,Bele_Doash,29/05/2026,16:00:00,Rich,Post_Harvest,,,,/kaggle/input/datasets/karimakanu/tensiometer-dataset/499_soil_Dataset/image/P0683_8Kpa.jpg,918b98902d259ef74a4cf304fa2a74ff,0,1,1,3,11,4,0.29773953557014465,7.702260464429855
id0684,P0684_8Kpa.jpg,8.0,Low,Bele_Doash,29/05/2026,16:00:00,Rich,Post_Harvest,,,,/kaggle/input/datasets/karimakanu/tensiometer-dataset/499_soil_Dataset/image/P0684_8Kpa.jpg,6605c013f8b17bb2cc902ae42b3163fb,0,0,1,3,11,4,8.395160675048828,0.3951606750488281
id0685,P0685_2Kpa.jpg,2.0,Low,Bele_Doash,29/05/2026,16:00:00,Rich,Post_Harvest,,,,/kaggle/input/datasets/karimakanu/tensiometer-dataset/499_soil_Dataset/image/P0685_2Kpa.jpg,7fce7b25e2b7a5b18bdd2d1cea6f7fc2,0,1,1,3,11,4,12.58718204498291,10.58718204498291
id0686,P0686_8Kpa.jpg,8.0,Low,Bele_Doash,29/05/2026,16:00:00,Rich,Post_Harvest,,,,/kaggle/input/datasets/karimakanu/tensiometer-dataset/499_soil_Dataset/image/P0686_8Kpa.jpg,4423bad395767b5a3fcd99eba708b7ae,0,4,1,3,11,4,8.898065567016602,0.8980655670166016
id0687,P0687_8Kpa.jpg,8.0,Low,Bele_Doash,29/05/2026,16:00:00,Rich,Post_Harvest,,,,/kaggle/input/datasets/karimakanu/tensiometer-dataset/499_soil_Dataset/image/P0687_8Kpa.jpg,c7a684cdd4d8a5cdde6605f9f54fe59f,0,4,1,3,11,4,10.257033348083496,2.257033348083496
id0688,P0688_8Kpa.jpg,8.0,Low,Bele_Doash,29/05/2026,16:00:00,Rich,Post_Harvest,,,,/kaggle/input/datasets/karimakanu/tensiometer-dataset/499_soil_Dataset/image/P0688_8Kpa.jpg,ba11a57a1d4ad0fa906f4808bd33f3eb,0,1,1,3,11,4,1.053991436958313,6.946008563041687
id0689,P0689_8Kpa.jpg,8.0,Low,Bele_Doash,29/05/2026,16:00:00,Rich,Post_Harvest,,,,/kaggle/input/datasets/karimakanu/tensiometer-dataset/499_soil_Dataset/image/P0689_8Kpa.jpg,af50049c8f044ec1420f6fd3a310e695,0,3,1,3,11,4,7.564500331878662,0.4354996681213379
id0690,P0690_8Kpa.jpg,8.0,Low,Bele_Doash,29/05/2026,16:00:00,Rich,Post_Harvest,,,,/kaggle/input/datasets/karimakanu/tensiometer-dataset/499_soil_Dataset/image/P0690_8Kpa.jpg,813f9e6c3e52cff06cfb77f1b2ad97f8,0,4,1,3,11,4,0.44111010432243347,7.5588898956775665
id0691,P0691_0Kpa.jpg,0.0,Medium,Bele_Doash,29/05/2026,16:00:00,Jute,Mature,,,,/kaggle/input/datasets/karimakanu/tensiometer-dataset/499_soil_Dataset/image/P0691_0Kpa.jpg,300eda74e602bd09a4441fd6a16a4e9e,0,0,2,3,3,2,12.61064624786377,12.61064624786377
id0692,P0692_4Kpa.jpg,4.0,Medium,Bele_Doash,29/05/2026,16:00:00,Jute,Mature,,,,/kaggle/input/datasets/karimakanu/tensiometer-dataset/499_soil_Dataset/image/P0692_4Kpa.jpg,d42ccee01720d00286071901e890a536,0,3,2,3,3,2,11.907318115234375,7.907318115234375
id0693,P0693_18Kpa.jpg,18.0,Medium,Bele_Doash,29/05/2026,16:00:00,Grass,Mature,,,,/kaggle/input/datasets/karimakanu/tensiometer-dataset/499_soil_Dataset/image/P0693_18Kpa.jpg,f39a4f37b9eaa0a4822491677884d335,7,4,2,3,2,2,14.739567756652832,3.260432243347168
id0694,P0694_18Kpa.jpg,18.0,Medium,Bele_Doash,29/05/2026,16:00:00,Grass,Mature,,,,/kaggle/input/datasets/karimakanu/tensiometer-dataset/499_soil_Dataset/image/P0694_18Kpa.jpg,4223a504d9d7e9b882df2231a717b43c,7,4,2,3,2,2,14.819076538085938,3.1809234619140625
id0695,P0695_18Kpa.jpg,18.0,Medium,Bele_Doash,29/05/2026,16:00:00,Grass,Mature,,,,/kaggle/input/datasets/karimakanu/tensiometer-dataset/499_soil_Dataset/image/P0695_18Kpa.jpg,3271755c302e96e8d118594b6f7d789d,7,1,2,3,2,2,9.465749740600586,8.534250259399414
id0696,P0696_18Kpa.jpg,18.0,Medium,Bele_Doash,29/05/2026,16:00:00,Grass,Mature,,,,/kaggle/input/datasets/karimakanu/tensiometer-dataset/499_soil_Dataset/image/P0696_18Kpa.jpg,451345ccf1493ec28fd7ada2fad0afdf,7,0,2,3,2,2,12.28891658782959,5.71108341217041
id0697,P0697_18Kpa.jpg,18.0,Medium,Bele_Doash,29/05/2026,16:00:00,Grass,Mature,,,,/kaggle/input/datasets/karimakanu/tensiometer-dataset/499_soil_Dataset/image/P0697_18Kpa.jpg,62f45618d75e4589782cb85151ba8b06,7,3,2,3,2,2,15.555072784423828,2.444927215576172
id0698,P0698_18Kpa.jpg,18.0,Medium,Bele_Doash,29/05/2026,16:00:00,Grass,Mature,,,,/kaggle/input/datasets/karimakanu/tensiometer-dataset/499_soil_Dataset/image/P0698_18Kpa.jpg,70c421698d1581635479e53aab6ca08a,7,0,2,3,2,2,16.082412719726562,1.9175872802734375
id0699,P0699_18Kpa.jpg,18.0,Medium,Bele_Doash,29/05/2026,16:00:00,Grass,Mature,,,,/kaggle/input/datasets/karimakanu/tensiometer-dataset/499_soil_Dataset/image/P0699_18Kpa.jpg,3f8fc7d804bde6452aef4a2830fa1ec9,7,4,2,3,2,2,21.498058319091797,3.498058319091797
id0700,P0700_18Kpa.jpg,18.0,Medium,Bele_Doash,29/05/2026,16:00:00,Grass,Mature,,,,/kaggle/input/datasets/karimakanu/tensiometer-dataset/499_soil_Dataset/image/P0700_18Kpa.jpg,81eb4945c70172b63e0b019e4a1628b0,7,4,2,3,2,2,15.048998832702637,2.9510011672973633
id0701,P0701_18Kpa.jpg,18.0,Medium,Bele_Doash,29/05/2026,16:00:00,Grass,Mature,,,,/kaggle/input/datasets/karimakanu/tensiometer-dataset/499_soil_Dataset/image/P0701_18Kpa.jpg,d6b4c07878279607a3242d9c021cf962,7,2,2,3,2,2,17.926815032958984,0.07318496704101562
id0702,P0702_18Kpa.jpg,18.0,Medium,Bele_Doash,29/05/2026,16:00:00,Grass,Mature,,,,/kaggle/input/datasets/karimakanu/tensiometer-dataset/499_soil_Dataset/image/P0702_18Kpa.jpg,bab28139d12adeff3af108ed2bbee9f3,7,3,2,3,2,2,8.712321281433105,9.287678718566895
id0703,P0703_18Kpa.jpg,18.0,Medium,Bele_Doash,29/05/2026,16:00:00,Grass,Mature,,,,/kaggle/input/datasets/karimakanu/tensiometer-dataset/499_soil_Dataset/image/P0703_18Kpa.jpg,5ae84dd4b89e29737c3db95777220ea5,7,2,2,3,2,2,13.447953224182129,4.552046775817871
id0704,P0704_18Kpa.jpg,18.0,Medium,Bele_Doash,29/05/2026,16:00:00,Grass,Mature,,,,/kaggle/input/datasets/karimakanu/tensiometer-dataset/499_soil_Dataset/image/P0704_18Kpa.jpg,f97fbb478b43a00bc8e2c3c7d7167586,7,4,2,3,2,2,18.45328140258789,0.4532814025878906
id0706,P0706_18Kpa.jpg,18.0,Medium,Bele_Doash,29/05/2026,16:00:00,Grass,Mature,,,,/kaggle/input/datasets/karimakanu/tensiometer-dataset/499_soil_Dataset/image/P0706_18Kpa.jpg,0012c52b442e560d22a8fbdc02b71fa9,7,3,2,3,2,2,13.641192436218262,4.358807563781738
id0707,P0707_18Kpa.jpg,18.0,Medium,Bele_Doash,29/05/2026,16:00:00,Grass,Mature,,,,/kaggle/input/datasets/karimakanu/tensiometer-dataset/499_soil_Dataset/image/P0707_18Kpa.jpg,02abc3f39967da7257a147e3f13e469a,7,1,2,3,2,2,8.977825164794922,9.022174835205078
id0708,P0708_18Kpa.jpg,18.0,Medium,Bele_Doash,29/05/2026,16:00:00,Grass,Mature,,,,/kaggle/input/datasets/karimakanu/tensiometer-dataset/499_soil_Dataset/image/P0708_18Kpa.jpg,396b1f7019e3d811582a03e789c350fa,7,1,2,3,2,2,13.193115234375,4.806884765625
id0709,P0709_18Kpa.jpg,18.0,Medium,Bele_Doash,29/05/2026,16:00:00,Grass,Mature,,,,/kaggle/input/datasets/karimakanu/tensiometer-dataset/499_soil_Dataset/image/P0709_18Kpa.jpg,b8d5a225a80ba22d61cc331633d05adc,7,2,2,3,2,2,19.230995178222656,1.2309951782226562
id0710,P0710_18Kpa.jpg,18.0,Medium,Bele_Doash,29/05/2026,16:00:00,Grass,Mature,,,,/kaggle/input/datasets/karimakanu/tensiometer-dataset/499_soil_Dataset/image/P0710_18Kpa.jpg,8f74492cad1cfe4635523a5d1c897d3c,7,2,2,3,2,2,15.688639640808105,2.3113603591918945
id0711,P0711_18Kpa.jpg,18.0,Medium,Bele_Doash,29/05/2026,16:00:00,Grass,Mature,,,,/kaggle/input/datasets/karimakanu/tensiometer-dataset/499_soil_Dataset/image/P0711_18Kpa.jpg,75ee5de06e1ead9fc1391a2628a82258,7,4,2,3,2,2,14.444380760192871,3.555619239807129
id0712,P0712_18Kpa.jpg,18.0,Medium,Bele_Doash,29/05/2026,16:00:00,Grass,Mature,,,,/kaggle/input/datasets/karimakanu/tensiometer-dataset/499_soil_Dataset/image/P0712_18Kpa.jpg,eb850caf75e0899dc9b851ddeaa8ccb3,7,4,2,3,2,2,16.16107940673828,1.8389205932617188
id0713,P0713_18Kpa.jpg,18.0,Medium,Bele_Doash,29/05/2026,16:00:00,Grass,Mature,,,,/kaggle/input/datasets/karimakanu/tensiometer-dataset/499_soil_Dataset/image/P0713_18Kpa.jpg,e14c392993bd7fc5979b28f0ade3b40f,7,2,2,3,2,2,10.865235328674316,7.134764671325684
id0714,P0714_18Kpa.jpg,18.0,Medium,Bele_Doash,29/05/2026,16:00:00,Grass,Mature,,,,/kaggle/input/datasets/karimakanu/tensiometer-dataset/499_soil_Dataset/image/P0714_18Kpa.jpg,88735aebfb4935fbd6165f61cc64c3dd,7,3,2,3,2,2,14.737550735473633,3.262449264526367
id0715,P0715_18Kpa.jpg,18.0,Medium,Bele_Doash,29/05/2026,16:00:00,Grass,Mature,,,,/kaggle/input/datasets/karimakanu/tensiometer-dataset/499_soil_Dataset/image/P0715_18Kpa.jpg,c1aec69df08967abc6c0d00d2269586b,7,1,2,3,2,2,14.88906478881836,3.1109352111816406
id0716,P0716_18Kpa.jpg,18.0,Medium,Bele_Doash,29/05/2026,16:00:00,Grass,Mature,,,,/kaggle/input/datasets/karimakanu/tensiometer-dataset/499_soil_Dataset/image/P0716_18Kpa.jpg,9695c1b1193276947e9e9aec3639923d,7,1,2,3,2,2,17.72277069091797,0.27722930908203125
id0717,P0717_18Kpa.jpg,18.0,Medium,Bele_Doash,29/05/2026,16:00:00,Grass,Mature,,,,/kaggle/input/datasets/karimakanu/tensiometer-dataset/499_soil_Dataset/image/P0717_18Kpa.jpg,c450dcb554829ab5e9a06074ac155deb,7,0,2,3,2,2,18.26875877380371,0.26875877380371094
id0718,P0718_18Kpa.jpg,18.0,Medium,Bele_Doash,29/05/2026,16:00:00,Grass,Mature,,,,/kaggle/input/datasets/karimakanu/tensiometer-dataset/499_soil_Dataset/image/P0718_18Kpa.jpg,774fd768527db9bd9ef60765a34724cc,7,2,2,3,2,2,12.201410293579102,5.798589706420898
id0719,P0719_18Kpa.jpg,18.0,Medium,Bele_Doash,29/05/2026,16:00:00,Grass,Mature,,,,/kaggle/input/datasets/karimakanu/tensiometer-dataset/499_soil_Dataset/image/P0719_18Kpa.jpg,776ba29122eeecfb7eb70b8a9bb97ca2,7,1,2,3,2,2,12.81020736694336,5.189792633056641
id0720,P0720_18Kpa.jpg,18.0,Medium,Bele_Doash,29/05/2026,16:00:00,Grass,Mature,,,,/kaggle/input/datasets/karimakanu/tensiometer-dataset/499_soil_Dataset/image/P0720_18Kpa.jpg,305b9cae013d1c063ce39105c0192b2a,7,0,2,3,2,2,12.816544532775879,5.183455467224121
id0721,P0721_20.5Kpa.jpg,20.5,High,Atel_Doash,29/05/2026,16:00:00,Mango,Mature,,,,/kaggle/input/datasets/karimakanu/tensiometer-dataset/499_soil_Dataset/image/P0721_20.5Kpa.jpg,cc8ec1a7cd9db3b7645acd52ab95d394,9,4,0,1,7,2,16.340547561645508,4.159452438354492
id0722,P0722_15.6Kpa.jpg,15.6,High,Doash,29/05/2026,16:00:00,Grass,Mature,,,,/kaggle/input/datasets/karimakanu/tensiometer-dataset/499_soil_Dataset/image/P0722_15.6Kpa.jpg,d21061ecca949a9bd8936a3aab609f7f,6,1,0,4,2,2,14.809883117675781,0.7901168823242184
