image_id,folder,true_crop,expected_family,is_ood,quality_accepted,pred_crop,crop_p1,crop_p2,crop_margin,crop_correct,top3_crops,disease_model,pred_disease,disease_p1,disease_p2,disease_margin,disease_correct,top3_diseases
Cabbage__Alternaria_Spot/0001.jpg,Cabbage__Alternaria_Spot,Cabbage,Brassica,False,True,Solanacea,0.9689,0.0245,0.9444,False,"[{""class"": ""Solanacea"", ""confidence"": 0.9689}, {""class"": ""Potato"", ""confidence"": 0.0245}, {""class"": ""GourdGuava"", ""confidence"": 0.0057}]",brassica,Cabbage__Alternaria_Spot,0.5742,0.3414,0.2328,True,"[{""class"": ""Cabbage__Alternaria_Spot"", ""confidence"": 0.5742}, {""class"": ""Cabbage__Downy_Mildew"", ""confidence"": 0.3414}, {""class"": ""Cauliflower__Downy_Mildew"", ""confidence"": 0.0561}]"
Cabbage__Alternaria_Spot/0002.jpg,Cabbage__Alternaria_Spot,Cabbage,Brassica,False,True,Potato,0.5428,0.4445,0.0983,False,"[{""class"": ""Potato"", ""confidence"": 0.5428}, {""class"": ""Solanacea"", ""confidence"": 0.4445}, {""class"": ""Brassica"", ""confidence"": 0.0104}]",potato,Potato__Late_Blight,0.6578,0.3422,0.3156,False,"[{""class"": ""Potato__Late_Blight"", ""confidence"": 0.6578}, {""class"": ""Potato__Early_Blight"", ""confidence"": 0.3422}, {""class"": ""Potato__Healthy_Leaf"", ""confidence"": 0.0}]"
Cabbage__Alternaria_Spot/0003.jpg,Cabbage__Alternaria_Spot,Cabbage,Brassica,False,True,Brassica,0.9973,0.0025,0.9948,True,"[{""class"": ""Brassica"", ""confidence"": 0.9973}, {""class"": ""Solanacea"", ""confidence"": 0.0025}, {""class"": ""Potato"", ""confidence"": 0.0002}]",brassica,Cabbage__Alternaria_Spot,1.0,0.0,1.0,True,"[{""class"": ""Cabbage__Alternaria_Spot"", ""confidence"": 1.0}, {""class"": ""Cauliflower__Bacterial_Soft_Rot"", ""confidence"": 0.0}, {""class"": ""Cauliflower__Nutrient_Deficiency"", ""confidence"": 0.0}]"
Cabbage__Alternaria_Spot/0004.jpg,Cabbage__Alternaria_Spot,Cabbage,Brassica,False,True,Brassica,1.0,0.0,1.0,True,"[{""class"": ""Brassica"", ""confidence"": 1.0}, {""class"": ""Potato"", ""confidence"": 0.0}, {""class"": ""Solanacea"", ""confidence"": 0.0}]",brassica,Cabbage__Alternaria_Spot,0.9687,0.0155,0.9532,True,"[{""class"": ""Cabbage__Alternaria_Spot"", ""confidence"": 0.9687}, {""class"": ""Cauliflower__Alternaria_Disease"", ""confidence"": 0.0155}, {""class"": ""Cauliflower__Bacterial_Soft_Rot"", ""confidence"": 0.0152}]"
Cabbage__Alternaria_Spot/0005.jpg,Cabbage__Alternaria_Spot,Cabbage,Brassica,False,True,Brassica,0.8019,0.1367,0.6652,True,"[{""class"": ""Brassica"", ""confidence"": 0.8019}, {""class"": ""Solanacea"", ""confidence"": 0.1367}, {""class"": ""Potato"", ""confidence"": 0.0377}]",brassica,Cabbage__Alternaria_Spot,0.5989,0.1863,0.4126,True,"[{""class"": ""Cabbage__Alternaria_Spot"", ""confidence"": 0.5989}, {""class"": ""Cauliflower__Bacterial_Spot"", ""confidence"": 0.1863}, {""class"": ""Cabbage__Healthy_Leaf"", ""confidence"": 0.0685}]"
Cabbage__Alternaria_Spot/0006.jpg,Cabbage__Alternaria_Spot,Cabbage,Brassica,False,True,Brassica,0.9999,0.0001,0.9998,True,"[{""class"": ""Brassica"", ""confidence"": 0.9999}, {""class"": ""Solanacea"", ""confidence"": 0.0001}, {""class"": ""Potato"", ""confidence"": 0.0}]",brassica,Cabbage__Alternaria_Spot,0.9969,0.0014,0.9955,True,"[{""class"": ""Cabbage__Alternaria_Spot"", ""confidence"": 0.9969}, {""class"": ""Cabbage__Black_Rot"", ""confidence"": 0.0014}, {""class"": ""Cabbage__Healthy_Leaf"", ""confidence"": 0.0014}]"
Cabbage__Alternaria_Spot/0007.jpg,Cabbage__Alternaria_Spot,Cabbage,Brassica,False,True,Brassica,0.9999,0.0001,0.9998,True,"[{""class"": ""Brassica"", ""confidence"": 0.9999}, {""class"": ""Solanacea"", ""confidence"": 0.0001}, {""class"": ""GourdGuava"", ""confidence"": 0.0}]",brassica,Cabbage__Alternaria_Spot,0.9357,0.051,0.8847,True,"[{""class"": ""Cabbage__Alternaria_Spot"", ""confidence"": 0.9357}, {""class"": ""Cabbage__Downy_Mildew"", ""confidence"": 0.051}, {""class"": ""Cabbage__Healthy_Leaf"", ""confidence"": 0.0121}]"
Cabbage__Alternaria_Spot/0008.jpg,Cabbage__Alternaria_Spot,Cabbage,Brassica,False,True,Brassica,0.9764,0.0188,0.9576,True,"[{""class"": ""Brassica"", ""confidence"": 0.9764}, {""class"": ""Wheat"", ""confidence"": 0.0188}, {""class"": ""Solanacea"", ""confidence"": 0.0043}]",brassica,Cabbage__Healthy_Leaf,0.8913,0.0566,0.8347,False,"[{""class"": ""Cabbage__Healthy_Leaf"", ""confidence"": 0.8913}, {""class"": ""Cauliflower__Healthy"", ""confidence"": 0.0566}, {""class"": ""Cabbage__Downy_Mildew"", ""confidence"": 0.0311}]"
Cabbage__Alternaria_Spot/0009.jpg,Cabbage__Alternaria_Spot,Cabbage,Brassica,False,True,Brassica,0.9943,0.0056,0.9887,True,"[{""class"": ""Brassica"", ""confidence"": 0.9943}, {""class"": ""Wheat"", ""confidence"": 0.0056}, {""class"": ""GourdGuava"", ""confidence"": 0.0}]",brassica,Cauliflower__Bacterial_Soft_Rot,0.4719,0.1582,0.3137,False,"[{""class"": ""Cauliflower__Bacterial_Soft_Rot"", ""confidence"": 0.4719}, {""class"": ""Cabbage__Black_Rot"", ""confidence"": 0.1582}, {""class"": ""Cabbage__Alternaria_Spot"", ""confidence"": 0.1444}]"
Cabbage__Alternaria_Spot/0010.jpg,Cabbage__Alternaria_Spot,Cabbage,Brassica,False,True,Brassica,0.9999,0.0001,0.9998,True,"[{""class"": ""Brassica"", ""confidence"": 0.9999}, {""class"": ""Solanacea"", ""confidence"": 0.0001}, {""class"": ""Potato"", ""confidence"": 0.0}]",brassica,Cabbage__Alternaria_Spot,0.9995,0.0003,0.9992,True,"[{""class"": ""Cabbage__Alternaria_Spot"", ""confidence"": 0.9995}, {""class"": ""Cauliflower__Downy_Mildew"", ""confidence"": 0.0003}, {""class"": ""Cabbage__Healthy_Leaf"", ""confidence"": 0.0001}]"
Cabbage__Black_Rot/0001.jpg,Cabbage__Black_Rot,Cabbage,Brassica,False,True,Brassica,1.0,0.0,1.0,True,"[{""class"": ""Brassica"", ""confidence"": 1.0}, {""class"": ""Solanacea"", ""confidence"": 0.0}, {""class"": ""Potato"", ""confidence"": 0.0}]",brassica,Cabbage__Black_Rot,0.7233,0.1257,0.5976,True,"[{""class"": ""Cabbage__Black_Rot"", ""confidence"": 0.7233}, {""class"": ""Cauliflower__Bacterial_Spot"", ""confidence"": 0.1257}, {""class"": ""Cauliflower__Bacterial_Soft_Rot"", ""confidence"": 0.0607}]"
Cabbage__Black_Rot/0002.jpg,Cabbage__Black_Rot,Cabbage,Brassica,False,True,Brassica,1.0,0.0,1.0,True,"[{""class"": ""Brassica"", ""confidence"": 1.0}, {""class"": ""Potato"", ""confidence"": 0.0}, {""class"": ""GourdGuava"", ""confidence"": 0.0}]",brassica,Cabbage__Black_Rot,0.9948,0.0032,0.9916,True,"[{""class"": ""Cabbage__Black_Rot"", ""confidence"": 0.9948}, {""class"": ""Cabbage__Downy_Mildew"", ""confidence"": 0.0032}, {""class"": ""Cauliflower__Bacterial_Soft_Rot"", ""confidence"": 0.0015}]"
Cabbage__Black_Rot/0003.jpg,Cabbage__Black_Rot,Cabbage,Brassica,False,True,Solanacea,0.6785,0.2533,0.4252,False,"[{""class"": ""Solanacea"", ""confidence"": 0.6785}, {""class"": ""Brassica"", ""confidence"": 0.2533}, {""class"": ""Potato"", ""confidence"": 0.068}]",brassica,Cabbage__Black_Rot,0.9998,0.0001,0.9997,True,"[{""class"": ""Cabbage__Black_Rot"", ""confidence"": 0.9998}, {""class"": ""Cabbage__Downy_Mildew"", ""confidence"": 0.0001}, {""class"": ""Cabbage__Alternaria_Spot"", ""confidence"": 0.0}]"
Cabbage__Black_Rot/0004.jpg,Cabbage__Black_Rot,Cabbage,Brassica,False,True,Brassica,0.9981,0.0018,0.9963,True,"[{""class"": ""Brassica"", ""confidence"": 0.9981}, {""class"": ""Solanacea"", ""confidence"": 0.0018}, {""class"": ""Potato"", ""confidence"": 0.0001}]",brassica,Cabbage__Alternaria_Spot,1.0,0.0,1.0,False,"[{""class"": ""Cabbage__Alternaria_Spot"", ""confidence"": 1.0}, {""class"": ""Cabbage__Black_Rot"", ""confidence"": 0.0}, {""class"": ""Cauliflower__Bacterial_Soft_Rot"", ""confidence"": 0.0}]"
Cabbage__Black_Rot/0005.jpg,Cabbage__Black_Rot,Cabbage,Brassica,False,True,Brassica,0.7855,0.1707,0.6148,True,"[{""class"": ""Brassica"", ""confidence"": 0.7855}, {""class"": ""Solanacea"", ""confidence"": 0.1707}, {""class"": ""GourdGuava"", ""confidence"": 0.0347}]",brassica,Cabbage__Black_Rot,0.7905,0.1401,0.6504,True,"[{""class"": ""Cabbage__Black_Rot"", ""confidence"": 0.7905}, {""class"": ""Cabbage__Downy_Mildew"", ""confidence"": 0.1401}, {""class"": ""Cabbage__Healthy_Leaf"", ""confidence"": 0.0596}]"
Cabbage__Black_Rot/0006.jpg,Cabbage__Black_Rot,Cabbage,Brassica,False,True,Solanacea,0.8399,0.1368,0.7031,False,"[{""class"": ""Solanacea"", ""confidence"": 0.8399}, {""class"": ""Brassica"", ""confidence"": 0.1368}, {""class"": ""Potato"", ""confidence"": 0.023}]",brassica,Cabbage__Black_Rot,1.0,0.0,1.0,True,"[{""class"": ""Cabbage__Black_Rot"", ""confidence"": 1.0}, {""class"": ""Cabbage__Alternaria_Spot"", ""confidence"": 0.0}, {""class"": ""Cauliflower__Bacterial_Soft_Rot"", ""confidence"": 0.0}]"
Cabbage__Black_Rot/0007.jpg,Cabbage__Black_Rot,Cabbage,Brassica,False,True,Brassica,1.0,0.0,1.0,True,"[{""class"": ""Brassica"", ""confidence"": 1.0}, {""class"": ""GourdGuava"", ""confidence"": 0.0}, {""class"": ""Wheat"", ""confidence"": 0.0}]",brassica,Cabbage__Black_Rot,0.9999,0.0,0.9999,True,"[{""class"": ""Cabbage__Black_Rot"", ""confidence"": 0.9999}, {""class"": ""Cabbage__Alternaria_Spot"", ""confidence"": 0.0}, {""class"": ""Cabbage__Downy_Mildew"", ""confidence"": 0.0}]"
Cabbage__Downy_Mildew/0001.jpg,Cabbage__Downy_Mildew,Cabbage,Brassica,False,True,Brassica,0.9998,0.0001,0.9997,True,"[{""class"": ""Brassica"", ""confidence"": 0.9998}, {""class"": ""Solanacea"", ""confidence"": 0.0001}, {""class"": ""GourdGuava"", ""confidence"": 0.0}]",brassica,Cauliflower__Downy_Mildew,0.5668,0.1713,0.3955,False,"[{""class"": ""Cauliflower__Downy_Mildew"", ""confidence"": 0.5668}, {""class"": ""Cabbage__Black_Rot"", ""confidence"": 0.1713}, {""class"": ""Cabbage__Downy_Mildew"", ""confidence"": 0.1598}]"
Cabbage__Downy_Mildew/0003.jpg,Cabbage__Downy_Mildew,Cabbage,Brassica,False,True,Brassica,0.8791,0.0903,0.7888,True,"[{""class"": ""Brassica"", ""confidence"": 0.8791}, {""class"": ""Solanacea"", ""confidence"": 0.0903}, {""class"": ""GourdGuava"", ""confidence"": 0.0204}]",brassica,Cauliflower__Downy_Mildew,0.9959,0.0038,0.9921,False,"[{""class"": ""Cauliflower__Downy_Mildew"", ""confidence"": 0.9959}, {""class"": ""Cauliflower__Alternaria_Disease"", ""confidence"": 0.0038}, {""class"": ""Cabbage__Downy_Mildew"", ""confidence"": 0.0003}]"
Cabbage__Downy_Mildew/0004.jpg,Cabbage__Downy_Mildew,Cabbage,Brassica,False,True,Brassica,0.9979,0.0014,0.9965,True,"[{""class"": ""Brassica"", ""confidence"": 0.9979}, {""class"": ""Wheat"", ""confidence"": 0.0014}, {""class"": ""GourdGuava"", ""confidence"": 0.0007}]",brassica,Cabbage__Healthy_Leaf,0.8892,0.1106,0.7786,False,"[{""class"": ""Cabbage__Healthy_Leaf"", ""confidence"": 0.8892}, {""class"": ""Cabbage__Downy_Mildew"", ""confidence"": 0.1106}, {""class"": ""Cabbage__Black_Rot"", ""confidence"": 0.0001}]"
Cabbage__Downy_Mildew/0005.jpg,Cabbage__Downy_Mildew,Cabbage,Brassica,False,True,Brassica,0.9601,0.0145,0.9456,True,"[{""class"": ""Brassica"", ""confidence"": 0.9601}, {""class"": ""Solanacea"", ""confidence"": 0.0145}, {""class"": ""Potato"", ""confidence"": 0.0142}]",brassica,Cabbage__Downy_Mildew,0.935,0.0569,0.8781,True,"[{""class"": ""Cabbage__Downy_Mildew"", ""confidence"": 0.935}, {""class"": ""Cauliflower__Downy_Mildew"", ""confidence"": 0.0569}, {""class"": ""Cauliflower__Healthy"", ""confidence"": 0.0018}]"
Cabbage__Healthy_Leaf/0001.jpg,Cabbage__Healthy_Leaf,Cabbage,Brassica,False,True,Solanacea,0.9683,0.017,0.9513,False,"[{""class"": ""Solanacea"", ""confidence"": 0.9683}, {""class"": ""Brassica"", ""confidence"": 0.017}, {""class"": ""Potato"", ""confidence"": 0.0146}]",brassica,Cabbage__Alternaria_Spot,0.9946,0.0053,0.9893,False,"[{""class"": ""Cabbage__Alternaria_Spot"", ""confidence"": 0.9946}, {""class"": ""Cabbage__Healthy_Leaf"", ""confidence"": 0.0053}, {""class"": ""Cabbage__Downy_Mildew"", ""confidence"": 0.0}]"
Cabbage__Healthy_Leaf/0002.jpg,Cabbage__Healthy_Leaf,Cabbage,Brassica,False,True,Brassica,0.6987,0.2732,0.4255,True,"[{""class"": ""Brassica"", ""confidence"": 0.6987}, {""class"": ""Solanacea"", ""confidence"": 0.2732}, {""class"": ""Potato"", ""confidence"": 0.0253}]",brassica,Cabbage__Black_Rot,0.649,0.192,0.457,False,"[{""class"": ""Cabbage__Black_Rot"", ""confidence"": 0.649}, {""class"": ""Cabbage__Alternaria_Spot"", ""confidence"": 0.192}, {""class"": ""Cauliflower__Downy_Mildew"", ""confidence"": 0.0845}]"
Cabbage__Healthy_Leaf/0003.jpg,Cabbage__Healthy_Leaf,Cabbage,Brassica,False,True,Brassica,0.9972,0.0016,0.9956,True,"[{""class"": ""Brassica"", ""confidence"": 0.9972}, {""class"": ""Solanacea"", ""confidence"": 0.0016}, {""class"": ""Potato"", ""confidence"": 0.0012}]",brassica,Cabbage__Healthy_Leaf,1.0,0.0,1.0,True,"[{""class"": ""Cabbage__Healthy_Leaf"", ""confidence"": 1.0}, {""class"": ""Cauliflower__Healthy"", ""confidence"": 0.0}, {""class"": ""Cabbage__Downy_Mildew"", ""confidence"": 0.0}]"
Cabbage__Healthy_Leaf/0004.jpg,Cabbage__Healthy_Leaf,Cabbage,Brassica,False,True,Brassica,0.9824,0.0147,0.9677,True,"[{""class"": ""Brassica"", ""confidence"": 0.9824}, {""class"": ""Solanacea"", ""confidence"": 0.0147}, {""class"": ""Potato"", ""confidence"": 0.0021}]",brassica,Cabbage__Healthy_Leaf,1.0,0.0,1.0,True,"[{""class"": ""Cabbage__Healthy_Leaf"", ""confidence"": 1.0}, {""class"": ""Cauliflower__Healthy"", ""confidence"": 0.0}, {""class"": ""Cabbage__Alternaria_Spot"", ""confidence"": 0.0}]"
Cabbage__Healthy_Leaf/0005.jpg,Cabbage__Healthy_Leaf,Cabbage,Brassica,False,True,Brassica,0.9977,0.0011,0.9966,True,"[{""class"": ""Brassica"", ""confidence"": 0.9977}, {""class"": ""Potato"", ""confidence"": 0.0011}, {""class"": ""Wheat"", ""confidence"": 0.0008}]",brassica,Cabbage__Healthy_Leaf,0.9997,0.0003,0.9994,True,"[{""class"": ""Cabbage__Healthy_Leaf"", ""confidence"": 0.9997}, {""class"": ""Cabbage__Downy_Mildew"", ""confidence"": 0.0003}, {""class"": ""Cauliflower__Downy_Mildew"", ""confidence"": 0.0}]"
Cabbage__Healthy_Leaf/0006.jpg,Cabbage__Healthy_Leaf,Cabbage,Brassica,False,True,Potato,0.6224,0.3425,0.2799,False,"[{""class"": ""Potato"", ""confidence"": 0.6224}, {""class"": ""Brassica"", ""confidence"": 0.3425}, {""class"": ""Solanacea"", ""confidence"": 0.0238}]",potato,Potato__Late_Blight,0.5765,0.4235,0.153,False,"[{""class"": ""Potato__Late_Blight"", ""confidence"": 0.5765}, {""class"": ""Potato__Early_Blight"", ""confidence"": 0.4235}, {""class"": ""Potato__Healthy_Leaf"", ""confidence"": 0.0}]"
Cabbage__Healthy_Leaf/0007.jpg,Cabbage__Healthy_Leaf,Cabbage,Brassica,False,True,Brassica,0.9959,0.0031,0.9928,True,"[{""class"": ""Brassica"", ""confidence"": 0.9959}, {""class"": ""Solanacea"", ""confidence"": 0.0031}, {""class"": ""GourdGuava"", ""confidence"": 0.001}]",brassica,Cabbage__Healthy_Leaf,0.6748,0.2374,0.4374,True,"[{""class"": ""Cabbage__Healthy_Leaf"", ""confidence"": 0.6748}, {""class"": ""Cauliflower__Healthy"", ""confidence"": 0.2374}, {""class"": ""Cabbage__Alternaria_Spot"", ""confidence"": 0.0374}]"
Cabbage__Healthy_Leaf/0008.jpg,Cabbage__Healthy_Leaf,Cabbage,Brassica,False,True,GourdGuava,1.0,0.0,1.0,False,"[{""class"": ""GourdGuava"", ""confidence"": 1.0}, {""class"": ""Brassica"", ""confidence"": 0.0}, {""class"": ""Wheat"", ""confidence"": 0.0}]",brassica,Cabbage__Healthy_Leaf,0.8738,0.1245,0.7493,True,"[{""class"": ""Cabbage__Healthy_Leaf"", ""confidence"": 0.8738}, {""class"": ""Cabbage__Alternaria_Spot"", ""confidence"": 0.1245}, {""class"": ""Cabbage__Downy_Mildew"", ""confidence"": 0.0006}]"
Cabbage__Healthy_Leaf/0009.jpg,Cabbage__Healthy_Leaf,Cabbage,Brassica,False,True,Brassica,0.9966,0.0025,0.9941,True,"[{""class"": ""Brassica"", ""confidence"": 0.9966}, {""class"": ""Potato"", ""confidence"": 0.0025}, {""class"": ""Solanacea"", ""confidence"": 0.0007}]",brassica,Cabbage__Healthy_Leaf,0.9999,0.0001,0.9998,True,"[{""class"": ""Cabbage__Healthy_Leaf"", ""confidence"": 0.9999}, {""class"": ""Cabbage__Downy_Mildew"", ""confidence"": 0.0001}, {""class"": ""Cauliflower__Healthy"", ""confidence"": 0.0}]"
Cabbage__Healthy_Leaf/0010.jpg,Cabbage__Healthy_Leaf,Cabbage,Brassica,False,True,Brassica,0.5362,0.3111,0.2251,True,"[{""class"": ""Brassica"", ""confidence"": 0.5362}, {""class"": ""Potato"", ""confidence"": 0.3111}, {""class"": ""Solanacea"", ""confidence"": 0.1502}]",brassica,Cabbage__Healthy_Leaf,0.9953,0.0026,0.9927,True,"[{""class"": ""Cabbage__Healthy_Leaf"", ""confidence"": 0.9953}, {""class"": ""Cabbage__Alternaria_Spot"", ""confidence"": 0.0026}, {""class"": ""Cauliflower__Healthy"", ""confidence"": 0.002}]"
Cauliflower__Alternaria_Disease/0001.jpg,Cauliflower__Alternaria_Disease,Cauliflower,Brassica,False,True,Brassica,1.0,0.0,1.0,True,"[{""class"": ""Brassica"", ""confidence"": 1.0}, {""class"": ""Potato"", ""confidence"": 0.0}, {""class"": ""Solanacea"", ""confidence"": 0.0}]",brassica,Cauliflower__Alternaria_Disease,1.0,0.0,1.0,True,"[{""class"": ""Cauliflower__Alternaria_Disease"", ""confidence"": 1.0}, {""class"": ""Cauliflower__Downy_Mildew"", ""confidence"": 0.0}, {""class"": ""Cauliflower__Bacterial_Soft_Rot"", ""confidence"": 0.0}]"
Cauliflower__Alternaria_Disease/0002.jpg,Cauliflower__Alternaria_Disease,Cauliflower,Brassica,False,True,Brassica,1.0,0.0,1.0,True,"[{""class"": ""Brassica"", ""confidence"": 1.0}, {""class"": ""GourdGuava"", ""confidence"": 0.0}, {""class"": ""Corn"", ""confidence"": 0.0}]",brassica,Cauliflower__Alternaria_Disease,0.9998,0.0002,0.9996,True,"[{""class"": ""Cauliflower__Alternaria_Disease"", ""confidence"": 0.9998}, {""class"": ""Cauliflower__Bacterial_Soft_Rot"", ""confidence"": 0.0002}, {""class"": ""Cauliflower__Downy_Mildew"", ""confidence"": 0.0001}]"
Cauliflower__Alternaria_Disease/0003.jpg,Cauliflower__Alternaria_Disease,Cauliflower,Brassica,False,True,Brassica,1.0,0.0,1.0,True,"[{""class"": ""Brassica"", ""confidence"": 1.0}, {""class"": ""Solanacea"", ""confidence"": 0.0}, {""class"": ""Potato"", ""confidence"": 0.0}]",brassica,Cauliflower__Alternaria_Disease,1.0,0.0,1.0,True,"[{""class"": ""Cauliflower__Alternaria_Disease"", ""confidence"": 1.0}, {""class"": ""Cauliflower__Downy_Mildew"", ""confidence"": 0.0}, {""class"": ""Cauliflower__Bacterial_Soft_Rot"", ""confidence"": 0.0}]"
Cauliflower__Alternaria_Disease/0004.jpg,Cauliflower__Alternaria_Disease,Cauliflower,Brassica,False,True,Brassica,0.9996,0.0001,0.9995,True,"[{""class"": ""Brassica"", ""confidence"": 0.9996}, {""class"": ""Solanacea"", ""confidence"": 0.0001}, {""class"": ""GourdGuava"", ""confidence"": 0.0001}]",brassica,Cauliflower__Alternaria_Disease,0.9998,0.0001,0.9997,True,"[{""class"": ""Cauliflower__Alternaria_Disease"", ""confidence"": 0.9998}, {""class"": ""Cauliflower__Bacterial_Soft_Rot"", ""confidence"": 0.0001}, {""class"": ""Cauliflower__Downy_Mildew"", ""confidence"": 0.0001}]"
Cauliflower__Alternaria_Disease/0005.jpg,Cauliflower__Alternaria_Disease,Cauliflower,Brassica,False,True,Brassica,1.0,0.0,1.0,True,"[{""class"": ""Brassica"", ""confidence"": 1.0}, {""class"": ""Solanacea"", ""confidence"": 0.0}, {""class"": ""Potato"", ""confidence"": 0.0}]",brassica,Cauliflower__Alternaria_Disease,1.0,0.0,1.0,True,"[{""class"": ""Cauliflower__Alternaria_Disease"", ""confidence"": 1.0}, {""class"": ""Cauliflower__Downy_Mildew"", ""confidence"": 0.0}, {""class"": ""Cauliflower__Bacterial_Soft_Rot"", ""confidence"": 0.0}]"
Cauliflower__Alternaria_Disease/0006.jpg,Cauliflower__Alternaria_Disease,Cauliflower,Brassica,False,True,Brassica,1.0,0.0,1.0,True,"[{""class"": ""Brassica"", ""confidence"": 1.0}, {""class"": ""Solanacea"", ""confidence"": 0.0}, {""class"": ""GourdGuava"", ""confidence"": 0.0}]",brassica,Cauliflower__Alternaria_Disease,1.0,0.0,1.0,True,"[{""class"": ""Cauliflower__Alternaria_Disease"", ""confidence"": 1.0}, {""class"": ""Cauliflower__Bacterial_Soft_Rot"", ""confidence"": 0.0}, {""class"": ""Cauliflower__Healthy"", ""confidence"": 0.0}]"
Cauliflower__Alternaria_Disease/0007.jpg,Cauliflower__Alternaria_Disease,Cauliflower,Brassica,False,True,Brassica,1.0,0.0,1.0,True,"[{""class"": ""Brassica"", ""confidence"": 1.0}, {""class"": ""Potato"", ""confidence"": 0.0}, {""class"": ""Solanacea"", ""confidence"": 0.0}]",brassica,Cauliflower__Alternaria_Disease,1.0,0.0,1.0,True,"[{""class"": ""Cauliflower__Alternaria_Disease"", ""confidence"": 1.0}, {""class"": ""Cauliflower__Downy_Mildew"", ""confidence"": 0.0}, {""class"": ""Cauliflower__Bacterial_Soft_Rot"", ""confidence"": 0.0}]"
Cauliflower__Alternaria_Disease/0008.jpg,Cauliflower__Alternaria_Disease,Cauliflower,Brassica,False,True,Brassica,0.9996,0.0002,0.9994,True,"[{""class"": ""Brassica"", ""confidence"": 0.9996}, {""class"": ""Corn"", ""confidence"": 0.0002}, {""class"": ""Solanacea"", ""confidence"": 0.0001}]",brassica,Cauliflower__Alternaria_Disease,1.0,0.0,1.0,True,"[{""class"": ""Cauliflower__Alternaria_Disease"", ""confidence"": 1.0}, {""class"": ""Cauliflower__Healthy"", ""confidence"": 0.0}, {""class"": ""Cabbage__Alternaria_Spot"", ""confidence"": 0.0}]"
Cauliflower__Alternaria_Disease/0009.jpg,Cauliflower__Alternaria_Disease,Cauliflower,Brassica,False,True,Brassica,0.9133,0.0842,0.8291,True,"[{""class"": ""Brassica"", ""confidence"": 0.9133}, {""class"": ""Solanacea"", ""confidence"": 0.0842}, {""class"": ""Potato"", ""confidence"": 0.0018}]",brassica,Cauliflower__Alternaria_Disease,1.0,0.0,1.0,True,"[{""class"": ""Cauliflower__Alternaria_Disease"", ""confidence"": 1.0}, {""class"": ""Cauliflower__Downy_Mildew"", ""confidence"": 0.0}, {""class"": ""Cabbage__Downy_Mildew"", ""confidence"": 0.0}]"
Cauliflower__Alternaria_Disease/0010.jpg,Cauliflower__Alternaria_Disease,Cauliflower,Brassica,False,True,Brassica,1.0,0.0,1.0,True,"[{""class"": ""Brassica"", ""confidence"": 1.0}, {""class"": ""GourdGuava"", ""confidence"": 0.0}, {""class"": ""Potato"", ""confidence"": 0.0}]",brassica,Cauliflower__Alternaria_Disease,0.9999,0.0001,0.9998,True,"[{""class"": ""Cauliflower__Alternaria_Disease"", ""confidence"": 0.9999}, {""class"": ""Cauliflower__Downy_Mildew"", ""confidence"": 0.0001}, {""class"": ""Cauliflower__Bacterial_Soft_Rot"", ""confidence"": 0.0}]"
Cauliflower__Bacterial_Soft_Rot/0001.jpg,Cauliflower__Bacterial_Soft_Rot,Cauliflower,Brassica,False,True,Brassica,0.9616,0.0374,0.9242,True,"[{""class"": ""Brassica"", ""confidence"": 0.9616}, {""class"": ""Solanacea"", ""confidence"": 0.0374}, {""class"": ""Potato"", ""confidence"": 0.0008}]",brassica,Cauliflower__Bacterial_Soft_Rot,1.0,0.0,1.0,True,"[{""class"": ""Cauliflower__Bacterial_Soft_Rot"", ""confidence"": 1.0}, {""class"": ""Cauliflower__Bacterial_Spot"", ""confidence"": 0.0}, {""class"": ""Cabbage__Downy_Mildew"", ""confidence"": 0.0}]"
Cauliflower__Bacterial_Soft_Rot/0002.jpg,Cauliflower__Bacterial_Soft_Rot,Cauliflower,Brassica,False,True,Brassica,0.9987,0.0009,0.9978,True,"[{""class"": ""Brassica"", ""confidence"": 0.9987}, {""class"": ""Solanacea"", ""confidence"": 0.0009}, {""class"": ""Potato"", ""confidence"": 0.0004}]",brassica,Cauliflower__Bacterial_Soft_Rot,0.9998,0.0001,0.9997,True,"[{""class"": ""Cauliflower__Bacterial_Soft_Rot"", ""confidence"": 0.9998}, {""class"": ""Cauliflower__Healthy"", ""confidence"": 0.0001}, {""class"": ""Cauliflower__Nutrient_Deficiency"", ""confidence"": 0.0}]"
Cauliflower__Bacterial_Soft_Rot/0003.jpg,Cauliflower__Bacterial_Soft_Rot,Cauliflower,Brassica,False,True,Brassica,1.0,0.0,1.0,True,"[{""class"": ""Brassica"", ""confidence"": 1.0}, {""class"": ""Solanacea"", ""confidence"": 0.0}, {""class"": ""Potato"", ""confidence"": 0.0}]",brassica,Cauliflower__Bacterial_Soft_Rot,1.0,0.0,1.0,True,"[{""class"": ""Cauliflower__Bacterial_Soft_Rot"", ""confidence"": 1.0}, {""class"": ""Cauliflower__Black_Spot"", ""confidence"": 0.0}, {""class"": ""Cabbage__Downy_Mildew"", ""confidence"": 0.0}]"
Cauliflower__Bacterial_Soft_Rot/0004.jpg,Cauliflower__Bacterial_Soft_Rot,Cauliflower,Brassica,False,True,Brassica,1.0,0.0,1.0,True,"[{""class"": ""Brassica"", ""confidence"": 1.0}, {""class"": ""Corn"", ""confidence"": 0.0}, {""class"": ""Solanacea"", ""confidence"": 0.0}]",brassica,Cauliflower__Bacterial_Soft_Rot,1.0,0.0,1.0,True,"[{""class"": ""Cauliflower__Bacterial_Soft_Rot"", ""confidence"": 1.0}, {""class"": ""Cauliflower__Bacterial_Spot"", ""confidence"": 0.0}, {""class"": ""Cauliflower__Healthy"", ""confidence"": 0.0}]"
Cauliflower__Bacterial_Soft_Rot/0005.jpg,Cauliflower__Bacterial_Soft_Rot,Cauliflower,Brassica,False,True,Brassica,1.0,0.0,1.0,True,"[{""class"": ""Brassica"", ""confidence"": 1.0}, {""class"": ""GourdGuava"", ""confidence"": 0.0}, {""class"": ""Corn"", ""confidence"": 0.0}]",brassica,Cauliflower__Bacterial_Soft_Rot,1.0,0.0,1.0,True,"[{""class"": ""Cauliflower__Bacterial_Soft_Rot"", ""confidence"": 1.0}, {""class"": ""Cauliflower__Downy_Mildew"", ""confidence"": 0.0}, {""class"": ""Cauliflower__Black_Spot"", ""confidence"": 0.0}]"
Cauliflower__Bacterial_Soft_Rot/0006.jpg,Cauliflower__Bacterial_Soft_Rot,Cauliflower,Brassica,False,True,Brassica,1.0,0.0,1.0,True,"[{""class"": ""Brassica"", ""confidence"": 1.0}, {""class"": ""Solanacea"", ""confidence"": 0.0}, {""class"": ""Potato"", ""confidence"": 0.0}]",brassica,Cauliflower__Bacterial_Soft_Rot,1.0,0.0,1.0,True,"[{""class"": ""Cauliflower__Bacterial_Soft_Rot"", ""confidence"": 1.0}, {""class"": ""Cauliflower__Downy_Mildew"", ""confidence"": 0.0}, {""class"": ""Cauliflower__Black_Spot"", ""confidence"": 0.0}]"
Cauliflower__Bacterial_Soft_Rot/0007.jpg,Cauliflower__Bacterial_Soft_Rot,Cauliflower,Brassica,False,True,Brassica,0.9996,0.0003,0.9993,True,"[{""class"": ""Brassica"", ""confidence"": 0.9996}, {""class"": ""GourdGuava"", ""confidence"": 0.0003}, {""class"": ""Solanacea"", ""confidence"": 0.0001}]",brassica,Cauliflower__Bacterial_Soft_Rot,0.9973,0.0025,0.9948,True,"[{""class"": ""Cauliflower__Bacterial_Soft_Rot"", ""confidence"": 0.9973}, {""class"": ""Cauliflower__Bacterial_Spot"", ""confidence"": 0.0025}, {""class"": ""Cauliflower__Downy_Mildew"", ""confidence"": 0.0001}]"
Cauliflower__Bacterial_Soft_Rot/0008.jpg,Cauliflower__Bacterial_Soft_Rot,Cauliflower,Brassica,False,True,Brassica,0.9998,0.0001,0.9997,True,"[{""class"": ""Brassica"", ""confidence"": 0.9998}, {""class"": ""Corn"", ""confidence"": 0.0001}, {""class"": ""Wheat"", ""confidence"": 0.0}]",brassica,Cauliflower__Bacterial_Soft_Rot,0.9999,0.0001,0.9998,True,"[{""class"": ""Cauliflower__Bacterial_Soft_Rot"", ""confidence"": 0.9999}, {""class"": ""Cauliflower__Bacterial_Spot"", ""confidence"": 0.0001}, {""class"": ""Cauliflower__Downy_Mildew"", ""confidence"": 0.0}]"
Cauliflower__Bacterial_Soft_Rot/0009.jpg,Cauliflower__Bacterial_Soft_Rot,Cauliflower,Brassica,False,True,Brassica,1.0,0.0,1.0,True,"[{""class"": ""Brassica"", ""confidence"": 1.0}, {""class"": ""GourdGuava"", ""confidence"": 0.0}, {""class"": ""Solanacea"", ""confidence"": 0.0}]",brassica,Cauliflower__Bacterial_Soft_Rot,1.0,0.0,1.0,True,"[{""class"": ""Cauliflower__Bacterial_Soft_Rot"", ""confidence"": 1.0}, {""class"": ""Cauliflower__Healthy"", ""confidence"": 0.0}, {""class"": ""Cauliflower__Nutrient_Deficiency"", ""confidence"": 0.0}]"
Cauliflower__Bacterial_Soft_Rot/0010.jpg,Cauliflower__Bacterial_Soft_Rot,Cauliflower,Brassica,False,True,Brassica,0.9991,0.0008,0.9983,True,"[{""class"": ""Brassica"", ""confidence"": 0.9991}, {""class"": ""Corn"", ""confidence"": 0.0008}, {""class"": ""Wheat"", ""confidence"": 0.0}]",brassica,Cauliflower__Bacterial_Soft_Rot,1.0,0.0,1.0,True,"[{""class"": ""Cauliflower__Bacterial_Soft_Rot"", ""confidence"": 1.0}, {""class"": ""Cauliflower__Downy_Mildew"", ""confidence"": 0.0}, {""class"": ""Cauliflower__Alternaria_Disease"", ""confidence"": 0.0}]"
Cauliflower__Bacterial_Spot/0003.jpg,Cauliflower__Bacterial_Spot,Cauliflower,Brassica,False,True,Brassica,1.0,0.0,1.0,True,"[{""class"": ""Brassica"", ""confidence"": 1.0}, {""class"": ""Corn"", ""confidence"": 0.0}, {""class"": ""Solanacea"", ""confidence"": 0.0}]",brassica,Cauliflower__Bacterial_Spot,1.0,0.0,1.0,True,"[{""class"": ""Cauliflower__Bacterial_Spot"", ""confidence"": 1.0}, {""class"": ""Cauliflower__Healthy"", ""confidence"": 0.0}, {""class"": ""Cauliflower__Alternaria_Disease"", ""confidence"": 0.0}]"
Cauliflower__Bacterial_Spot/0005.jpg,Cauliflower__Bacterial_Spot,Cauliflower,Brassica,False,True,Brassica,1.0,0.0,1.0,True,"[{""class"": ""Brassica"", ""confidence"": 1.0}, {""class"": ""Solanacea"", ""confidence"": 0.0}, {""class"": ""GourdGuava"", ""confidence"": 0.0}]",brassica,Cauliflower__Bacterial_Spot,1.0,0.0,1.0,True,"[{""class"": ""Cauliflower__Bacterial_Spot"", ""confidence"": 1.0}, {""class"": ""Cauliflower__Nutrient_Deficiency"", ""confidence"": 0.0}, {""class"": ""Cauliflower__Healthy"", ""confidence"": 0.0}]"
Cauliflower__Bacterial_Spot/0006.jpg,Cauliflower__Bacterial_Spot,Cauliflower,Brassica,False,True,Brassica,1.0,0.0,1.0,True,"[{""class"": ""Brassica"", ""confidence"": 1.0}, {""class"": ""Solanacea"", ""confidence"": 0.0}, {""class"": ""Potato"", ""confidence"": 0.0}]",brassica,Cauliflower__Bacterial_Spot,0.9963,0.0013,0.995,True,"[{""class"": ""Cauliflower__Bacterial_Spot"", ""confidence"": 0.9963}, {""class"": ""Cauliflower__Black_Spot"", ""confidence"": 0.0013}, {""class"": ""Cauliflower__Bacterial_Soft_Rot"", ""confidence"": 0.0008}]"
Cauliflower__Bacterial_Spot/0007.jpg,Cauliflower__Bacterial_Spot,Cauliflower,Brassica,False,True,Brassica,1.0,0.0,1.0,True,"[{""class"": ""Brassica"", ""confidence"": 1.0}, {""class"": ""Solanacea"", ""confidence"": 0.0}, {""class"": ""Potato"", ""confidence"": 0.0}]",brassica,Cauliflower__Bacterial_Spot,1.0,0.0,1.0,True,"[{""class"": ""Cauliflower__Bacterial_Spot"", ""confidence"": 1.0}, {""class"": ""Cauliflower__Bacterial_Soft_Rot"", ""confidence"": 0.0}, {""class"": ""Cauliflower__Nutrient_Deficiency"", ""confidence"": 0.0}]"
Cauliflower__Bacterial_Spot/0008.jpg,Cauliflower__Bacterial_Spot,Cauliflower,Brassica,False,True,Brassica,1.0,0.0,1.0,True,"[{""class"": ""Brassica"", ""confidence"": 1.0}, {""class"": ""Solanacea"", ""confidence"": 0.0}, {""class"": ""Corn"", ""confidence"": 0.0}]",brassica,Cauliflower__Bacterial_Spot,1.0,0.0,1.0,True,"[{""class"": ""Cauliflower__Bacterial_Spot"", ""confidence"": 1.0}, {""class"": ""Cauliflower__Bacterial_Soft_Rot"", ""confidence"": 0.0}, {""class"": ""Cauliflower__Nutrient_Deficiency"", ""confidence"": 0.0}]"
Cauliflower__Bacterial_Spot/0009.jpg,Cauliflower__Bacterial_Spot,Cauliflower,Brassica,False,True,Brassica,1.0,0.0,1.0,True,"[{""class"": ""Brassica"", ""confidence"": 1.0}, {""class"": ""Solanacea"", ""confidence"": 0.0}, {""class"": ""Potato"", ""confidence"": 0.0}]",brassica,Cauliflower__Bacterial_Spot,0.9989,0.001,0.9979,True,"[{""class"": ""Cauliflower__Bacterial_Spot"", ""confidence"": 0.9989}, {""class"": ""Cauliflower__Black_Spot"", ""confidence"": 0.001}, {""class"": ""Cabbage__Downy_Mildew"", ""confidence"": 0.0}]"
Cauliflower__Bacterial_Spot/0010.jpg,Cauliflower__Bacterial_Spot,Cauliflower,Brassica,False,True,Brassica,1.0,0.0,1.0,True,"[{""class"": ""Brassica"", ""confidence"": 1.0}, {""class"": ""GourdGuava"", ""confidence"": 0.0}, {""class"": ""Solanacea"", ""confidence"": 0.0}]",brassica,Cauliflower__Bacterial_Spot,1.0,0.0,1.0,True,"[{""class"": ""Cauliflower__Bacterial_Spot"", ""confidence"": 1.0}, {""class"": ""Cauliflower__Bacterial_Soft_Rot"", ""confidence"": 0.0}, {""class"": ""Cauliflower__Nutrient_Deficiency"", ""confidence"": 0.0}]"
Cauliflower__Black_Spot/0001.jpg,Cauliflower__Black_Spot,Cauliflower,Brassica,False,True,Brassica,1.0,0.0,1.0,True,"[{""class"": ""Brassica"", ""confidence"": 1.0}, {""class"": ""Solanacea"", ""confidence"": 0.0}, {""class"": ""Corn"", ""confidence"": 0.0}]",brassica,Cauliflower__Black_Spot,1.0,0.0,1.0,True,"[{""class"": ""Cauliflower__Black_Spot"", ""confidence"": 1.0}, {""class"": ""Cauliflower__Bacterial_Soft_Rot"", ""confidence"": 0.0}, {""class"": ""Cauliflower__Bacterial_Spot"", ""confidence"": 0.0}]"
Cauliflower__Black_Spot/0002.jpg,Cauliflower__Black_Spot,Cauliflower,Brassica,False,True,Brassica,1.0,0.0,1.0,True,"[{""class"": ""Brassica"", ""confidence"": 1.0}, {""class"": ""Solanacea"", ""confidence"": 0.0}, {""class"": ""Potato"", ""confidence"": 0.0}]",brassica,Cauliflower__Black_Spot,1.0,0.0,1.0,True,"[{""class"": ""Cauliflower__Black_Spot"", ""confidence"": 1.0}, {""class"": ""Cauliflower__Bacterial_Spot"", ""confidence"": 0.0}, {""class"": ""Cauliflower__Healthy"", ""confidence"": 0.0}]"
Cauliflower__Black_Spot/0003.jpg,Cauliflower__Black_Spot,Cauliflower,Brassica,False,True,Brassica,1.0,0.0,1.0,True,"[{""class"": ""Brassica"", ""confidence"": 1.0}, {""class"": ""Solanacea"", ""confidence"": 0.0}, {""class"": ""Potato"", ""confidence"": 0.0}]",brassica,Cauliflower__Black_Spot,1.0,0.0,1.0,True,"[{""class"": ""Cauliflower__Black_Spot"", ""confidence"": 1.0}, {""class"": ""Cauliflower__Bacterial_Spot"", ""confidence"": 0.0}, {""class"": ""Cauliflower__Bacterial_Soft_Rot"", ""confidence"": 0.0}]"
Cauliflower__Black_Spot/0004.jpg,Cauliflower__Black_Spot,Cauliflower,Brassica,False,True,Brassica,1.0,0.0,1.0,True,"[{""class"": ""Brassica"", ""confidence"": 1.0}, {""class"": ""Solanacea"", ""confidence"": 0.0}, {""class"": ""Potato"", ""confidence"": 0.0}]",brassica,Cauliflower__Black_Spot,0.9999,0.0001,0.9998,True,"[{""class"": ""Cauliflower__Black_Spot"", ""confidence"": 0.9999}, {""class"": ""Cauliflower__Bacterial_Soft_Rot"", ""confidence"": 0.0001}, {""class"": ""Cauliflower__Bacterial_Spot"", ""confidence"": 0.0}]"
Cauliflower__Black_Spot/0005.jpg,Cauliflower__Black_Spot,Cauliflower,Brassica,False,True,Brassica,1.0,0.0,1.0,True,"[{""class"": ""Brassica"", ""confidence"": 1.0}, {""class"": ""Solanacea"", ""confidence"": 0.0}, {""class"": ""Corn"", ""confidence"": 0.0}]",brassica,Cauliflower__Black_Spot,1.0,0.0,1.0,True,"[{""class"": ""Cauliflower__Black_Spot"", ""confidence"": 1.0}, {""class"": ""Cauliflower__Bacterial_Spot"", ""confidence"": 0.0}, {""class"": ""Cauliflower__Downy_Mildew"", ""confidence"": 0.0}]"
Cauliflower__Black_Spot/0006.jpg,Cauliflower__Black_Spot,Cauliflower,Brassica,False,True,Brassica,1.0,0.0,1.0,True,"[{""class"": ""Brassica"", ""confidence"": 1.0}, {""class"": ""Solanacea"", ""confidence"": 0.0}, {""class"": ""GourdGuava"", ""confidence"": 0.0}]",brassica,Cauliflower__Black_Spot,1.0,0.0,1.0,True,"[{""class"": ""Cauliflower__Black_Spot"", ""confidence"": 1.0}, {""class"": ""Cauliflower__Bacterial_Spot"", ""confidence"": 0.0}, {""class"": ""Cauliflower__Bacterial_Soft_Rot"", ""confidence"": 0.0}]"
Cauliflower__Black_Spot/0007.jpg,Cauliflower__Black_Spot,Cauliflower,Brassica,False,True,Brassica,1.0,0.0,1.0,True,"[{""class"": ""Brassica"", ""confidence"": 1.0}, {""class"": ""GourdGuava"", ""confidence"": 0.0}, {""class"": ""Potato"", ""confidence"": 0.0}]",brassica,Cauliflower__Black_Spot,1.0,0.0,1.0,True,"[{""class"": ""Cauliflower__Black_Spot"", ""confidence"": 1.0}, {""class"": ""Cauliflower__Bacterial_Soft_Rot"", ""confidence"": 0.0}, {""class"": ""Cauliflower__Downy_Mildew"", ""confidence"": 0.0}]"
Cauliflower__Black_Spot/0008.jpg,Cauliflower__Black_Spot,Cauliflower,Brassica,False,True,Brassica,1.0,0.0,1.0,True,"[{""class"": ""Brassica"", ""confidence"": 1.0}, {""class"": ""GourdGuava"", ""confidence"": 0.0}, {""class"": ""Potato"", ""confidence"": 0.0}]",brassica,Cauliflower__Black_Spot,1.0,0.0,1.0,True,"[{""class"": ""Cauliflower__Black_Spot"", ""confidence"": 1.0}, {""class"": ""Cauliflower__Bacterial_Spot"", ""confidence"": 0.0}, {""class"": ""Cauliflower__Bacterial_Soft_Rot"", ""confidence"": 0.0}]"
Cauliflower__Black_Spot/0009.jpg,Cauliflower__Black_Spot,Cauliflower,Brassica,False,True,Brassica,1.0,0.0,1.0,True,"[{""class"": ""Brassica"", ""confidence"": 1.0}, {""class"": ""Corn"", ""confidence"": 0.0}, {""class"": ""Solanacea"", ""confidence"": 0.0}]",brassica,Cauliflower__Black_Spot,1.0,0.0,1.0,True,"[{""class"": ""Cauliflower__Black_Spot"", ""confidence"": 1.0}, {""class"": ""Cauliflower__Bacterial_Soft_Rot"", ""confidence"": 0.0}, {""class"": ""Cauliflower__Bacterial_Spot"", ""confidence"": 0.0}]"
Cauliflower__Black_Spot/0010.jpg,Cauliflower__Black_Spot,Cauliflower,Brassica,False,True,Brassica,1.0,0.0,1.0,True,"[{""class"": ""Brassica"", ""confidence"": 1.0}, {""class"": ""Corn"", ""confidence"": 0.0}, {""class"": ""Solanacea"", ""confidence"": 0.0}]",brassica,Cauliflower__Black_Spot,1.0,0.0,1.0,True,"[{""class"": ""Cauliflower__Black_Spot"", ""confidence"": 1.0}, {""class"": ""Cauliflower__Bacterial_Spot"", ""confidence"": 0.0}, {""class"": ""Cauliflower__Bacterial_Soft_Rot"", ""confidence"": 0.0}]"
Cauliflower__Downy_Mildew/0001.jpg,Cauliflower__Downy_Mildew,Cauliflower,Brassica,False,True,Brassica,0.9678,0.0224,0.9454,True,"[{""class"": ""Brassica"", ""confidence"": 0.9678}, {""class"": ""GourdGuava"", ""confidence"": 0.0224}, {""class"": ""Potato"", ""confidence"": 0.007}]",brassica,Cauliflower__Downy_Mildew,0.9996,0.0003,0.9993,True,"[{""class"": ""Cauliflower__Downy_Mildew"", ""confidence"": 0.9996}, {""class"": ""Cabbage__Downy_Mildew"", ""confidence"": 0.0003}, {""class"": ""Cauliflower__Healthy"", ""confidence"": 0.0001}]"
Cauliflower__Downy_Mildew/0002.jpg,Cauliflower__Downy_Mildew,Cauliflower,Brassica,False,True,Brassica,1.0,0.0,1.0,True,"[{""class"": ""Brassica"", ""confidence"": 1.0}, {""class"": ""GourdGuava"", ""confidence"": 0.0}, {""class"": ""Corn"", ""confidence"": 0.0}]",brassica,Cauliflower__Downy_Mildew,1.0,0.0,1.0,True,"[{""class"": ""Cauliflower__Downy_Mildew"", ""confidence"": 1.0}, {""class"": ""Cauliflower__Healthy"", ""confidence"": 0.0}, {""class"": ""Cauliflower__Alternaria_Disease"", ""confidence"": 0.0}]"
Cauliflower__Downy_Mildew/0003.jpg,Cauliflower__Downy_Mildew,Cauliflower,Brassica,False,True,Brassica,1.0,0.0,1.0,True,"[{""class"": ""Brassica"", ""confidence"": 1.0}, {""class"": ""Corn"", ""confidence"": 0.0}, {""class"": ""Wheat"", ""confidence"": 0.0}]",brassica,Cauliflower__Downy_Mildew,1.0,0.0,1.0,True,"[{""class"": ""Cauliflower__Downy_Mildew"", ""confidence"": 1.0}, {""class"": ""Cauliflower__Healthy"", ""confidence"": 0.0}, {""class"": ""Cauliflower__Alternaria_Disease"", ""confidence"": 0.0}]"
Cauliflower__Downy_Mildew/0004.jpg,Cauliflower__Downy_Mildew,Cauliflower,Brassica,False,True,Brassica,0.9998,0.0002,0.9996,True,"[{""class"": ""Brassica"", ""confidence"": 0.9998}, {""class"": ""GourdGuava"", ""confidence"": 0.0002}, {""class"": ""Corn"", ""confidence"": 0.0}]",brassica,Cauliflower__Downy_Mildew,1.0,0.0,1.0,True,"[{""class"": ""Cauliflower__Downy_Mildew"", ""confidence"": 1.0}, {""class"": ""Cauliflower__Healthy"", ""confidence"": 0.0}, {""class"": ""Cauliflower__Alternaria_Disease"", ""confidence"": 0.0}]"
Cauliflower__Downy_Mildew/0005.jpg,Cauliflower__Downy_Mildew,Cauliflower,Brassica,False,True,Brassica,0.9845,0.0073,0.9772,True,"[{""class"": ""Brassica"", ""confidence"": 0.9845}, {""class"": ""Wheat"", ""confidence"": 0.0073}, {""class"": ""Solanacea"", ""confidence"": 0.0061}]",brassica,Cauliflower__Downy_Mildew,1.0,0.0,1.0,True,"[{""class"": ""Cauliflower__Downy_Mildew"", ""confidence"": 1.0}, {""class"": ""Cauliflower__Alternaria_Disease"", ""confidence"": 0.0}, {""class"": ""Cauliflower__Healthy"", ""confidence"": 0.0}]"
Cauliflower__Downy_Mildew/0006.jpg,Cauliflower__Downy_Mildew,Cauliflower,Brassica,False,True,Brassica,0.9985,0.0013,0.9972,True,"[{""class"": ""Brassica"", ""confidence"": 0.9985}, {""class"": ""Potato"", ""confidence"": 0.0013}, {""class"": ""Solanacea"", ""confidence"": 0.0001}]",brassica,Cauliflower__Downy_Mildew,1.0,0.0,1.0,True,"[{""class"": ""Cauliflower__Downy_Mildew"", ""confidence"": 1.0}, {""class"": ""Cauliflower__Alternaria_Disease"", ""confidence"": 0.0}, {""class"": ""Cabbage__Downy_Mildew"", ""confidence"": 0.0}]"
Cauliflower__Downy_Mildew/0007.jpg,Cauliflower__Downy_Mildew,Cauliflower,Brassica,False,True,Brassica,0.9989,0.0007,0.9982,True,"[{""class"": ""Brassica"", ""confidence"": 0.9989}, {""class"": ""Corn"", ""confidence"": 0.0007}, {""class"": ""Wheat"", ""confidence"": 0.0003}]",brassica,Cauliflower__Downy_Mildew,1.0,0.0,1.0,True,"[{""class"": ""Cauliflower__Downy_Mildew"", ""confidence"": 1.0}, {""class"": ""Cauliflower__Healthy"", ""confidence"": 0.0}, {""class"": ""Cauliflower__Alternaria_Disease"", ""confidence"": 0.0}]"
Cauliflower__Downy_Mildew/0008.jpg,Cauliflower__Downy_Mildew,Cauliflower,Brassica,False,True,Brassica,1.0,0.0,1.0,True,"[{""class"": ""Brassica"", ""confidence"": 1.0}, {""class"": ""Potato"", ""confidence"": 0.0}, {""class"": ""GourdGuava"", ""confidence"": 0.0}]",brassica,Cauliflower__Downy_Mildew,1.0,0.0,1.0,True,"[{""class"": ""Cauliflower__Downy_Mildew"", ""confidence"": 1.0}, {""class"": ""Cauliflower__Alternaria_Disease"", ""confidence"": 0.0}, {""class"": ""Cauliflower__Healthy"", ""confidence"": 0.0}]"
Cauliflower__Downy_Mildew/0009.jpg,Cauliflower__Downy_Mildew,Cauliflower,Brassica,False,True,Brassica,1.0,0.0,1.0,True,"[{""class"": ""Brassica"", ""confidence"": 1.0}, {""class"": ""GourdGuava"", ""confidence"": 0.0}, {""class"": ""Solanacea"", ""confidence"": 0.0}]",brassica,Cauliflower__Downy_Mildew,1.0,0.0,1.0,True,"[{""class"": ""Cauliflower__Downy_Mildew"", ""confidence"": 1.0}, {""class"": ""Cauliflower__Alternaria_Disease"", ""confidence"": 0.0}, {""class"": ""Cauliflower__Bacterial_Spot"", ""confidence"": 0.0}]"
Cauliflower__Downy_Mildew/0010.jpg,Cauliflower__Downy_Mildew,Cauliflower,Brassica,False,True,Brassica,0.9969,0.0019,0.995,True,"[{""class"": ""Brassica"", ""confidence"": 0.9969}, {""class"": ""Solanacea"", ""confidence"": 0.0019}, {""class"": ""Potato"", ""confidence"": 0.0013}]",brassica,Cauliflower__Healthy,0.8067,0.184,0.6227,False,"[{""class"": ""Cauliflower__Healthy"", ""confidence"": 0.8067}, {""class"": ""Cauliflower__Downy_Mildew"", ""confidence"": 0.184}, {""class"": ""Cabbage__Downy_Mildew"", ""confidence"": 0.0082}]"
Cauliflower__Healthy/0002.jpg,Cauliflower__Healthy,Cauliflower,Brassica,False,True,Brassica,1.0,0.0,1.0,True,"[{""class"": ""Brassica"", ""confidence"": 1.0}, {""class"": ""Solanacea"", ""confidence"": 0.0}, {""class"": ""Potato"", ""confidence"": 0.0}]",brassica,Cauliflower__Healthy,1.0,0.0,1.0,True,"[{""class"": ""Cauliflower__Healthy"", ""confidence"": 1.0}, {""class"": ""Cauliflower__Nutrient_Deficiency"", ""confidence"": 0.0}, {""class"": ""Cauliflower__Black_Spot"", ""confidence"": 0.0}]"
Cauliflower__Healthy/0003.jpg,Cauliflower__Healthy,Cauliflower,Brassica,False,True,Brassica,1.0,0.0,1.0,True,"[{""class"": ""Brassica"", ""confidence"": 1.0}, {""class"": ""GourdGuava"", ""confidence"": 0.0}, {""class"": ""Solanacea"", ""confidence"": 0.0}]",brassica,Cauliflower__Healthy,1.0,0.0,1.0,True,"[{""class"": ""Cauliflower__Healthy"", ""confidence"": 1.0}, {""class"": ""Cauliflower__Bacterial_Spot"", ""confidence"": 0.0}, {""class"": ""Cauliflower__Downy_Mildew"", ""confidence"": 0.0}]"
Cauliflower__Healthy/0004.jpg,Cauliflower__Healthy,Cauliflower,Brassica,False,True,Brassica,1.0,0.0,1.0,True,"[{""class"": ""Brassica"", ""confidence"": 1.0}, {""class"": ""Potato"", ""confidence"": 0.0}, {""class"": ""Solanacea"", ""confidence"": 0.0}]",brassica,Cauliflower__Healthy,1.0,0.0,1.0,True,"[{""class"": ""Cauliflower__Healthy"", ""confidence"": 1.0}, {""class"": ""Cauliflower__Downy_Mildew"", ""confidence"": 0.0}, {""class"": ""Cauliflower__Black_Spot"", ""confidence"": 0.0}]"
Cauliflower__Healthy/0006.jpg,Cauliflower__Healthy,Cauliflower,Brassica,False,True,Brassica,0.9998,0.0001,0.9997,True,"[{""class"": ""Brassica"", ""confidence"": 0.9998}, {""class"": ""Wheat"", ""confidence"": 0.0001}, {""class"": ""Solanacea"", ""confidence"": 0.0001}]",brassica,Cauliflower__Healthy,1.0,0.0,1.0,True,"[{""class"": ""Cauliflower__Healthy"", ""confidence"": 1.0}, {""class"": ""Cauliflower__Black_Spot"", ""confidence"": 0.0}, {""class"": ""Cabbage__Downy_Mildew"", ""confidence"": 0.0}]"
Cauliflower__Healthy/0007.jpg,Cauliflower__Healthy,Cauliflower,Brassica,False,True,Brassica,1.0,0.0,1.0,True,"[{""class"": ""Brassica"", ""confidence"": 1.0}, {""class"": ""GourdGuava"", ""confidence"": 0.0}, {""class"": ""Wheat"", ""confidence"": 0.0}]",brassica,Cauliflower__Healthy,1.0,0.0,1.0,True,"[{""class"": ""Cauliflower__Healthy"", ""confidence"": 1.0}, {""class"": ""Cauliflower__Black_Spot"", ""confidence"": 0.0}, {""class"": ""Cauliflower__Bacterial_Soft_Rot"", ""confidence"": 0.0}]"
Cauliflower__Healthy/0008.jpg,Cauliflower__Healthy,Cauliflower,Brassica,False,True,Brassica,1.0,0.0,1.0,True,"[{""class"": ""Brassica"", ""confidence"": 1.0}, {""class"": ""Solanacea"", ""confidence"": 0.0}, {""class"": ""GourdGuava"", ""confidence"": 0.0}]",brassica,Cauliflower__Healthy,1.0,0.0,1.0,True,"[{""class"": ""Cauliflower__Healthy"", ""confidence"": 1.0}, {""class"": ""Cauliflower__Bacterial_Spot"", ""confidence"": 0.0}, {""class"": ""Cauliflower__Black_Spot"", ""confidence"": 0.0}]"
Cauliflower__Healthy/0009.jpg,Cauliflower__Healthy,Cauliflower,Brassica,False,True,Brassica,1.0,0.0,1.0,True,"[{""class"": ""Brassica"", ""confidence"": 1.0}, {""class"": ""Solanacea"", ""confidence"": 0.0}, {""class"": ""Potato"", ""confidence"": 0.0}]",brassica,Cauliflower__Healthy,1.0,0.0,1.0,True,"[{""class"": ""Cauliflower__Healthy"", ""confidence"": 1.0}, {""class"": ""Cauliflower__Bacterial_Spot"", ""confidence"": 0.0}, {""class"": ""Cauliflower__Downy_Mildew"", ""confidence"": 0.0}]"
Cauliflower__Healthy/0010.jpg,Cauliflower__Healthy,Cauliflower,Brassica,False,True,Brassica,1.0,0.0,1.0,True,"[{""class"": ""Brassica"", ""confidence"": 1.0}, {""class"": ""Wheat"", ""confidence"": 0.0}, {""class"": ""Corn"", ""confidence"": 0.0}]",brassica,Cauliflower__Healthy,1.0,0.0,1.0,True,"[{""class"": ""Cauliflower__Healthy"", ""confidence"": 1.0}, {""class"": ""Cauliflower__Black_Spot"", ""confidence"": 0.0}, {""class"": ""Cauliflower__Bacterial_Soft_Rot"", ""confidence"": 0.0}]"
Cauliflower__Nutrient_Deficiency/0001.jpg,Cauliflower__Nutrient_Deficiency,Cauliflower,Brassica,False,True,Brassica,1.0,0.0,1.0,True,"[{""class"": ""Brassica"", ""confidence"": 1.0}, {""class"": ""Corn"", ""confidence"": 0.0}, {""class"": ""Solanacea"", ""confidence"": 0.0}]",brassica,Cauliflower__Nutrient_Deficiency,1.0,0.0,1.0,True,"[{""class"": ""Cauliflower__Nutrient_Deficiency"", ""confidence"": 1.0}, {""class"": ""Cauliflower__Bacterial_Spot"", ""confidence"": 0.0}, {""class"": ""Cauliflower__Healthy"", ""confidence"": 0.0}]"
Cauliflower__Nutrient_Deficiency/0002.jpg,Cauliflower__Nutrient_Deficiency,Cauliflower,Brassica,False,True,Brassica,1.0,0.0,1.0,True,"[{""class"": ""Brassica"", ""confidence"": 1.0}, {""class"": ""Solanacea"", ""confidence"": 0.0}, {""class"": ""Potato"", ""confidence"": 0.0}]",brassica,Cauliflower__Nutrient_Deficiency,1.0,0.0,1.0,True,"[{""class"": ""Cauliflower__Nutrient_Deficiency"", ""confidence"": 1.0}, {""class"": ""Cauliflower__Bacterial_Spot"", ""confidence"": 0.0}, {""class"": ""Cauliflower__Bacterial_Soft_Rot"", ""confidence"": 0.0}]"
Cauliflower__Nutrient_Deficiency/0003.jpg,Cauliflower__Nutrient_Deficiency,Cauliflower,Brassica,False,True,Brassica,1.0,0.0,1.0,True,"[{""class"": ""Brassica"", ""confidence"": 1.0}, {""class"": ""Solanacea"", ""confidence"": 0.0}, {""class"": ""Potato"", ""confidence"": 0.0}]",brassica,Cauliflower__Nutrient_Deficiency,1.0,0.0,1.0,True,"[{""class"": ""Cauliflower__Nutrient_Deficiency"", ""confidence"": 1.0}, {""class"": ""Cauliflower__Bacterial_Spot"", ""confidence"": 0.0}, {""class"": ""Cauliflower__Bacterial_Soft_Rot"", ""confidence"": 0.0}]"
Cauliflower__Nutrient_Deficiency/0004.jpg,Cauliflower__Nutrient_Deficiency,Cauliflower,Brassica,False,True,Brassica,1.0,0.0,1.0,True,"[{""class"": ""Brassica"", ""confidence"": 1.0}, {""class"": ""Solanacea"", ""confidence"": 0.0}, {""class"": ""Potato"", ""confidence"": 0.0}]",brassica,Cauliflower__Nutrient_Deficiency,1.0,0.0,1.0,True,"[{""class"": ""Cauliflower__Nutrient_Deficiency"", ""confidence"": 1.0}, {""class"": ""Cauliflower__Bacterial_Soft_Rot"", ""confidence"": 0.0}, {""class"": ""Cauliflower__Bacterial_Spot"", ""confidence"": 0.0}]"
Cauliflower__Nutrient_Deficiency/0005.jpg,Cauliflower__Nutrient_Deficiency,Cauliflower,Brassica,False,True,Brassica,1.0,0.0,1.0,True,"[{""class"": ""Brassica"", ""confidence"": 1.0}, {""class"": ""GourdGuava"", ""confidence"": 0.0}, {""class"": ""Solanacea"", ""confidence"": 0.0}]",brassica,Cauliflower__Nutrient_Deficiency,1.0,0.0,1.0,True,"[{""class"": ""Cauliflower__Nutrient_Deficiency"", ""confidence"": 1.0}, {""class"": ""Cauliflower__Bacterial_Soft_Rot"", ""confidence"": 0.0}, {""class"": ""Cauliflower__Bacterial_Spot"", ""confidence"": 0.0}]"
Cauliflower__Nutrient_Deficiency/0006.jpg,Cauliflower__Nutrient_Deficiency,Cauliflower,Brassica,False,True,Brassica,1.0,0.0,1.0,True,"[{""class"": ""Brassica"", ""confidence"": 1.0}, {""class"": ""Corn"", ""confidence"": 0.0}, {""class"": ""Solanacea"", ""confidence"": 0.0}]",brassica,Cauliflower__Nutrient_Deficiency,1.0,0.0,1.0,True,"[{""class"": ""Cauliflower__Nutrient_Deficiency"", ""confidence"": 1.0}, {""class"": ""Cauliflower__Bacterial_Spot"", ""confidence"": 0.0}, {""class"": ""Cauliflower__Bacterial_Soft_Rot"", ""confidence"": 0.0}]"
Cauliflower__Nutrient_Deficiency/0007.jpg,Cauliflower__Nutrient_Deficiency,Cauliflower,Brassica,False,True,Brassica,1.0,0.0,1.0,True,"[{""class"": ""Brassica"", ""confidence"": 1.0}, {""class"": ""Solanacea"", ""confidence"": 0.0}, {""class"": ""GourdGuava"", ""confidence"": 0.0}]",brassica,Cauliflower__Nutrient_Deficiency,1.0,0.0,1.0,True,"[{""class"": ""Cauliflower__Nutrient_Deficiency"", ""confidence"": 1.0}, {""class"": ""Cauliflower__Bacterial_Soft_Rot"", ""confidence"": 0.0}, {""class"": ""Cauliflower__Bacterial_Spot"", ""confidence"": 0.0}]"
Cauliflower__Nutrient_Deficiency/0008.jpg,Cauliflower__Nutrient_Deficiency,Cauliflower,Brassica,False,True,Brassica,1.0,0.0,1.0,True,"[{""class"": ""Brassica"", ""confidence"": 1.0}, {""class"": ""Corn"", ""confidence"": 0.0}, {""class"": ""Solanacea"", ""confidence"": 0.0}]",brassica,Cauliflower__Nutrient_Deficiency,1.0,0.0,1.0,True,"[{""class"": ""Cauliflower__Nutrient_Deficiency"", ""confidence"": 1.0}, {""class"": ""Cauliflower__Bacterial_Spot"", ""confidence"": 0.0}, {""class"": ""Cauliflower__Bacterial_Soft_Rot"", ""confidence"": 0.0}]"
Cauliflower__Nutrient_Deficiency/0009.jpg,Cauliflower__Nutrient_Deficiency,Cauliflower,Brassica,False,True,Brassica,1.0,0.0,1.0,True,"[{""class"": ""Brassica"", ""confidence"": 1.0}, {""class"": ""Solanacea"", ""confidence"": 0.0}, {""class"": ""Potato"", ""confidence"": 0.0}]",brassica,Cauliflower__Nutrient_Deficiency,1.0,0.0,1.0,True,"[{""class"": ""Cauliflower__Nutrient_Deficiency"", ""confidence"": 1.0}, {""class"": ""Cauliflower__Bacterial_Spot"", ""confidence"": 0.0}, {""class"": ""Cauliflower__Bacterial_Soft_Rot"", ""confidence"": 0.0}]"
Cauliflower__Nutrient_Deficiency/0010.jpg,Cauliflower__Nutrient_Deficiency,Cauliflower,Brassica,False,True,Brassica,1.0,0.0,1.0,True,"[{""class"": ""Brassica"", ""confidence"": 1.0}, {""class"": ""Solanacea"", ""confidence"": 0.0}, {""class"": ""Corn"", ""confidence"": 0.0}]",brassica,Cauliflower__Nutrient_Deficiency,1.0,0.0,1.0,True,"[{""class"": ""Cauliflower__Nutrient_Deficiency"", ""confidence"": 1.0}, {""class"": ""Cauliflower__Bacterial_Spot"", ""confidence"": 0.0}, {""class"": ""Cauliflower__Bacterial_Soft_Rot"", ""confidence"": 0.0}]"
Chili__Bacterial_Spot/0001.jpg,Chili__Bacterial_Spot,Chili,Solanacea,False,True,Solanacea,1.0,0.0,1.0,True,"[{""class"": ""Solanacea"", ""confidence"": 1.0}, {""class"": ""GourdGuava"", ""confidence"": 0.0}, {""class"": ""Potato"", ""confidence"": 0.0}]",none,none,0.0,0.0,0.0,False,
Chili__Bacterial_Spot/0002.jpg,Chili__Bacterial_Spot,Chili,Solanacea,False,True,Solanacea,1.0,0.0,1.0,True,"[{""class"": ""Solanacea"", ""confidence"": 1.0}, {""class"": ""GourdGuava"", ""confidence"": 0.0}, {""class"": ""Potato"", ""confidence"": 0.0}]",none,none,0.0,0.0,0.0,False,
Chili__Bacterial_Spot/0003.jpg,Chili__Bacterial_Spot,Chili,Solanacea,False,True,Solanacea,1.0,0.0,1.0,True,"[{""class"": ""Solanacea"", ""confidence"": 1.0}, {""class"": ""GourdGuava"", ""confidence"": 0.0}, {""class"": ""Potato"", ""confidence"": 0.0}]",none,none,0.0,0.0,0.0,False,
Chili__Bacterial_Spot/0004.jpg,Chili__Bacterial_Spot,Chili,Solanacea,False,True,Solanacea,0.9999,0.0001,0.9998,True,"[{""class"": ""Solanacea"", ""confidence"": 0.9999}, {""class"": ""GourdGuava"", ""confidence"": 0.0001}, {""class"": ""Potato"", ""confidence"": 0.0}]",none,none,0.0,0.0,0.0,False,
Chili__Bacterial_Spot/0005.jpg,Chili__Bacterial_Spot,Chili,Solanacea,False,True,Solanacea,1.0,0.0,1.0,True,"[{""class"": ""Solanacea"", ""confidence"": 1.0}, {""class"": ""Potato"", ""confidence"": 0.0}, {""class"": ""GourdGuava"", ""confidence"": 0.0}]",none,none,0.0,0.0,0.0,False,
Chili__Bacterial_Spot/0006.jpg,Chili__Bacterial_Spot,Chili,Solanacea,False,True,Solanacea,1.0,0.0,1.0,True,"[{""class"": ""Solanacea"", ""confidence"": 1.0}, {""class"": ""GourdGuava"", ""confidence"": 0.0}, {""class"": ""Potato"", ""confidence"": 0.0}]",none,none,0.0,0.0,0.0,False,
Chili__Bacterial_Spot/0007.jpg,Chili__Bacterial_Spot,Chili,Solanacea,False,True,Solanacea,1.0,0.0,1.0,True,"[{""class"": ""Solanacea"", ""confidence"": 1.0}, {""class"": ""Potato"", ""confidence"": 0.0}, {""class"": ""GourdGuava"", ""confidence"": 0.0}]",none,none,0.0,0.0,0.0,False,
Chili__Bacterial_Spot/0008.jpg,Chili__Bacterial_Spot,Chili,Solanacea,False,True,Solanacea,1.0,0.0,1.0,True,"[{""class"": ""Solanacea"", ""confidence"": 1.0}, {""class"": ""GourdGuava"", ""confidence"": 0.0}, {""class"": ""Potato"", ""confidence"": 0.0}]",none,none,0.0,0.0,0.0,False,
Chili__Bacterial_Spot/0009.jpg,Chili__Bacterial_Spot,Chili,Solanacea,False,True,Solanacea,1.0,0.0,1.0,True,"[{""class"": ""Solanacea"", ""confidence"": 1.0}, {""class"": ""GourdGuava"", ""confidence"": 0.0}, {""class"": ""Potato"", ""confidence"": 0.0}]",none,none,0.0,0.0,0.0,False,
Chili__Bacterial_Spot/0010.jpg,Chili__Bacterial_Spot,Chili,Solanacea,False,True,Solanacea,1.0,0.0,1.0,True,"[{""class"": ""Solanacea"", ""confidence"": 1.0}, {""class"": ""Potato"", ""confidence"": 0.0}, {""class"": ""GourdGuava"", ""confidence"": 0.0}]",none,none,0.0,0.0,0.0,False,
Chili__Cercospora_Leaf_Spot/0001.jpg,Chili__Cercospora_Leaf_Spot,Chili,Solanacea,False,True,Solanacea,1.0,0.0,1.0,True,"[{""class"": ""Solanacea"", ""confidence"": 1.0}, {""class"": ""Potato"", ""confidence"": 0.0}, {""class"": ""Wheat"", ""confidence"": 0.0}]",none,none,0.0,0.0,0.0,False,
Chili__Cercospora_Leaf_Spot/0002.jpg,Chili__Cercospora_Leaf_Spot,Chili,Solanacea,False,True,Solanacea,0.9999,0.0001,0.9998,True,"[{""class"": ""Solanacea"", ""confidence"": 0.9999}, {""class"": ""Potato"", ""confidence"": 0.0001}, {""class"": ""GourdGuava"", ""confidence"": 0.0}]",none,none,0.0,0.0,0.0,False,
Chili__Cercospora_Leaf_Spot/0003.jpg,Chili__Cercospora_Leaf_Spot,Chili,Solanacea,False,True,Solanacea,1.0,0.0,1.0,True,"[{""class"": ""Solanacea"", ""confidence"": 1.0}, {""class"": ""GourdGuava"", ""confidence"": 0.0}, {""class"": ""Potato"", ""confidence"": 0.0}]",none,none,0.0,0.0,0.0,False,
Chili__Cercospora_Leaf_Spot/0004.jpg,Chili__Cercospora_Leaf_Spot,Chili,Solanacea,False,True,Solanacea,0.9978,0.0022,0.9956,True,"[{""class"": ""Solanacea"", ""confidence"": 0.9978}, {""class"": ""GourdGuava"", ""confidence"": 0.0022}, {""class"": ""Potato"", ""confidence"": 0.0}]",none,none,0.0,0.0,0.0,False,
Chili__Cercospora_Leaf_Spot/0005.jpg,Chili__Cercospora_Leaf_Spot,Chili,Solanacea,False,True,Solanacea,1.0,0.0,1.0,True,"[{""class"": ""Solanacea"", ""confidence"": 1.0}, {""class"": ""Potato"", ""confidence"": 0.0}, {""class"": ""GourdGuava"", ""confidence"": 0.0}]",none,none,0.0,0.0,0.0,False,
Chili__Cercospora_Leaf_Spot/0006.jpg,Chili__Cercospora_Leaf_Spot,Chili,Solanacea,False,True,Solanacea,0.9999,0.0001,0.9998,True,"[{""class"": ""Solanacea"", ""confidence"": 0.9999}, {""class"": ""GourdGuava"", ""confidence"": 0.0001}, {""class"": ""Wheat"", ""confidence"": 0.0}]",none,none,0.0,0.0,0.0,False,
Chili__Cercospora_Leaf_Spot/0007.jpg,Chili__Cercospora_Leaf_Spot,Chili,Solanacea,False,True,Solanacea,0.9923,0.0072,0.9851,True,"[{""class"": ""Solanacea"", ""confidence"": 0.9923}, {""class"": ""GourdGuava"", ""confidence"": 0.0072}, {""class"": ""Potato"", ""confidence"": 0.0005}]",none,none,0.0,0.0,0.0,False,
Chili__Cercospora_Leaf_Spot/0008.jpg,Chili__Cercospora_Leaf_Spot,Chili,Solanacea,False,True,Solanacea,0.9943,0.0056,0.9887,True,"[{""class"": ""Solanacea"", ""confidence"": 0.9943}, {""class"": ""GourdGuava"", ""confidence"": 0.0056}, {""class"": ""Wheat"", ""confidence"": 0.0001}]",none,none,0.0,0.0,0.0,False,
Chili__Cercospora_Leaf_Spot/0009.jpg,Chili__Cercospora_Leaf_Spot,Chili,Solanacea,False,True,Solanacea,0.9994,0.0006,0.9988,True,"[{""class"": ""Solanacea"", ""confidence"": 0.9994}, {""class"": ""Potato"", ""confidence"": 0.0006}, {""class"": ""GourdGuava"", ""confidence"": 0.0}]",none,none,0.0,0.0,0.0,False,
Chili__Cercospora_Leaf_Spot/0010.jpg,Chili__Cercospora_Leaf_Spot,Chili,Solanacea,False,True,Solanacea,1.0,0.0,1.0,True,"[{""class"": ""Solanacea"", ""confidence"": 1.0}, {""class"": ""GourdGuava"", ""confidence"": 0.0}, {""class"": ""Potato"", ""confidence"": 0.0}]",none,none,0.0,0.0,0.0,False,
Chili__Curl_Virus/0001.jpg,Chili__Curl_Virus,Chili,Solanacea,False,True,Solanacea,1.0,0.0,1.0,True,"[{""class"": ""Solanacea"", ""confidence"": 1.0}, {""class"": ""Potato"", ""confidence"": 0.0}, {""class"": ""GourdGuava"", ""confidence"": 0.0}]",none,none,0.0,0.0,0.0,False,
Chili__Curl_Virus/0002.jpg,Chili__Curl_Virus,Chili,Solanacea,False,True,Solanacea,1.0,0.0,1.0,True,"[{""class"": ""Solanacea"", ""confidence"": 1.0}, {""class"": ""GourdGuava"", ""confidence"": 0.0}, {""class"": ""Potato"", ""confidence"": 0.0}]",none,none,0.0,0.0,0.0,False,
Chili__Curl_Virus/0003.jpg,Chili__Curl_Virus,Chili,Solanacea,False,True,Solanacea,1.0,0.0,1.0,True,"[{""class"": ""Solanacea"", ""confidence"": 1.0}, {""class"": ""Potato"", ""confidence"": 0.0}, {""class"": ""GourdGuava"", ""confidence"": 0.0}]",none,none,0.0,0.0,0.0,False,
Chili__Curl_Virus/0004.jpg,Chili__Curl_Virus,Chili,Solanacea,False,True,Solanacea,1.0,0.0,1.0,True,"[{""class"": ""Solanacea"", ""confidence"": 1.0}, {""class"": ""Potato"", ""confidence"": 0.0}, {""class"": ""GourdGuava"", ""confidence"": 0.0}]",none,none,0.0,0.0,0.0,False,
Chili__Curl_Virus/0005.jpg,Chili__Curl_Virus,Chili,Solanacea,False,True,Solanacea,0.9999,0.0001,0.9998,True,"[{""class"": ""Solanacea"", ""confidence"": 0.9999}, {""class"": ""Potato"", ""confidence"": 0.0001}, {""class"": ""GourdGuava"", ""confidence"": 0.0}]",none,none,0.0,0.0,0.0,False,
Chili__Curl_Virus/0006.jpg,Chili__Curl_Virus,Chili,Solanacea,False,True,Solanacea,1.0,0.0,1.0,True,"[{""class"": ""Solanacea"", ""confidence"": 1.0}, {""class"": ""Potato"", ""confidence"": 0.0}, {""class"": ""GourdGuava"", ""confidence"": 0.0}]",none,none,0.0,0.0,0.0,False,
Chili__Curl_Virus/0007.jpg,Chili__Curl_Virus,Chili,Solanacea,False,True,Solanacea,1.0,0.0,1.0,True,"[{""class"": ""Solanacea"", ""confidence"": 1.0}, {""class"": ""GourdGuava"", ""confidence"": 0.0}, {""class"": ""Potato"", ""confidence"": 0.0}]",none,none,0.0,0.0,0.0,False,
Chili__Curl_Virus/0008.jpg,Chili__Curl_Virus,Chili,Solanacea,False,True,Solanacea,1.0,0.0,1.0,True,"[{""class"": ""Solanacea"", ""confidence"": 1.0}, {""class"": ""Potato"", ""confidence"": 0.0}, {""class"": ""GourdGuava"", ""confidence"": 0.0}]",none,none,0.0,0.0,0.0,False,
Chili__Curl_Virus/0009.jpg,Chili__Curl_Virus,Chili,Solanacea,False,True,Solanacea,1.0,0.0,1.0,True,"[{""class"": ""Solanacea"", ""confidence"": 1.0}, {""class"": ""Potato"", ""confidence"": 0.0}, {""class"": ""GourdGuava"", ""confidence"": 0.0}]",none,none,0.0,0.0,0.0,False,
Chili__Curl_Virus/0010.jpg,Chili__Curl_Virus,Chili,Solanacea,False,True,Solanacea,1.0,0.0,1.0,True,"[{""class"": ""Solanacea"", ""confidence"": 1.0}, {""class"": ""Potato"", ""confidence"": 0.0}, {""class"": ""GourdGuava"", ""confidence"": 0.0}]",none,none,0.0,0.0,0.0,False,
Chili__Healthy_Leaf/0001.jpg,Chili__Healthy_Leaf,Chili,Solanacea,False,True,Solanacea,1.0,0.0,1.0,True,"[{""class"": ""Solanacea"", ""confidence"": 1.0}, {""class"": ""GourdGuava"", ""confidence"": 0.0}, {""class"": ""Potato"", ""confidence"": 0.0}]",none,none,0.0,0.0,0.0,False,
Chili__Healthy_Leaf/0002.jpg,Chili__Healthy_Leaf,Chili,Solanacea,False,True,Solanacea,1.0,0.0,1.0,True,"[{""class"": ""Solanacea"", ""confidence"": 1.0}, {""class"": ""GourdGuava"", ""confidence"": 0.0}, {""class"": ""Potato"", ""confidence"": 0.0}]",none,none,0.0,0.0,0.0,False,
Chili__Healthy_Leaf/0003.jpg,Chili__Healthy_Leaf,Chili,Solanacea,False,True,Solanacea,1.0,0.0,1.0,True,"[{""class"": ""Solanacea"", ""confidence"": 1.0}, {""class"": ""GourdGuava"", ""confidence"": 0.0}, {""class"": ""Potato"", ""confidence"": 0.0}]",none,none,0.0,0.0,0.0,False,
Chili__Healthy_Leaf/0004.jpg,Chili__Healthy_Leaf,Chili,Solanacea,False,True,Solanacea,1.0,0.0,1.0,True,"[{""class"": ""Solanacea"", ""confidence"": 1.0}, {""class"": ""Wheat"", ""confidence"": 0.0}, {""class"": ""GourdGuava"", ""confidence"": 0.0}]",none,none,0.0,0.0,0.0,False,
Chili__Healthy_Leaf/0005.jpg,Chili__Healthy_Leaf,Chili,Solanacea,False,True,Solanacea,1.0,0.0,1.0,True,"[{""class"": ""Solanacea"", ""confidence"": 1.0}, {""class"": ""Potato"", ""confidence"": 0.0}, {""class"": ""GourdGuava"", ""confidence"": 0.0}]",none,none,0.0,0.0,0.0,False,
Chili__Healthy_Leaf/0006.jpg,Chili__Healthy_Leaf,Chili,Solanacea,False,True,Solanacea,1.0,0.0,1.0,True,"[{""class"": ""Solanacea"", ""confidence"": 1.0}, {""class"": ""Potato"", ""confidence"": 0.0}, {""class"": ""GourdGuava"", ""confidence"": 0.0}]",none,none,0.0,0.0,0.0,False,
Chili__Healthy_Leaf/0007.jpg,Chili__Healthy_Leaf,Chili,Solanacea,False,True,Solanacea,0.9999,0.0001,0.9998,True,"[{""class"": ""Solanacea"", ""confidence"": 0.9999}, {""class"": ""GourdGuava"", ""confidence"": 0.0001}, {""class"": ""Wheat"", ""confidence"": 0.0}]",none,none,0.0,0.0,0.0,False,
Chili__Healthy_Leaf/0008.jpg,Chili__Healthy_Leaf,Chili,Solanacea,False,True,Solanacea,1.0,0.0,1.0,True,"[{""class"": ""Solanacea"", ""confidence"": 1.0}, {""class"": ""Potato"", ""confidence"": 0.0}, {""class"": ""GourdGuava"", ""confidence"": 0.0}]",none,none,0.0,0.0,0.0,False,
Chili__Healthy_Leaf/0009.jpg,Chili__Healthy_Leaf,Chili,Solanacea,False,True,Solanacea,1.0,0.0,1.0,True,"[{""class"": ""Solanacea"", ""confidence"": 1.0}, {""class"": ""GourdGuava"", ""confidence"": 0.0}, {""class"": ""Potato"", ""confidence"": 0.0}]",none,none,0.0,0.0,0.0,False,
Chili__Healthy_Leaf/0010.jpg,Chili__Healthy_Leaf,Chili,Solanacea,False,True,Solanacea,1.0,0.0,1.0,True,"[{""class"": ""Solanacea"", ""confidence"": 1.0}, {""class"": ""GourdGuava"", ""confidence"": 0.0}, {""class"": ""Wheat"", ""confidence"": 0.0}]",none,none,0.0,0.0,0.0,False,
Eggplant__Healthy_Leaf/0001.jpg,Eggplant__Healthy_Leaf,Eggplant,Solanacea,False,True,Solanacea,1.0,0.0,1.0,True,"[{""class"": ""Solanacea"", ""confidence"": 1.0}, {""class"": ""Potato"", ""confidence"": 0.0}, {""class"": ""GourdGuava"", ""confidence"": 0.0}]",none,none,0.0,0.0,0.0,False,
Eggplant__Healthy_Leaf/0002.jpg,Eggplant__Healthy_Leaf,Eggplant,Solanacea,False,True,Solanacea,1.0,0.0,1.0,True,"[{""class"": ""Solanacea"", ""confidence"": 1.0}, {""class"": ""Potato"", ""confidence"": 0.0}, {""class"": ""GourdGuava"", ""confidence"": 0.0}]",none,none,0.0,0.0,0.0,False,
Eggplant__Healthy_Leaf/0003.jpg,Eggplant__Healthy_Leaf,Eggplant,Solanacea,False,True,Solanacea,1.0,0.0,1.0,True,"[{""class"": ""Solanacea"", ""confidence"": 1.0}, {""class"": ""Potato"", ""confidence"": 0.0}, {""class"": ""Brassica"", ""confidence"": 0.0}]",none,none,0.0,0.0,0.0,False,
Eggplant__Healthy_Leaf/0004.jpg,Eggplant__Healthy_Leaf,Eggplant,Solanacea,False,True,Solanacea,0.9991,0.0008,0.9983,True,"[{""class"": ""Solanacea"", ""confidence"": 0.9991}, {""class"": ""GourdGuava"", ""confidence"": 0.0008}, {""class"": ""Potato"", ""confidence"": 0.0001}]",none,none,0.0,0.0,0.0,False,
Eggplant__Healthy_Leaf/0005.jpg,Eggplant__Healthy_Leaf,Eggplant,Solanacea,False,True,Solanacea,1.0,0.0,1.0,True,"[{""class"": ""Solanacea"", ""confidence"": 1.0}, {""class"": ""GourdGuava"", ""confidence"": 0.0}, {""class"": ""Potato"", ""confidence"": 0.0}]",none,none,0.0,0.0,0.0,False,
Eggplant__Healthy_Leaf/0006.jpg,Eggplant__Healthy_Leaf,Eggplant,Solanacea,False,True,Solanacea,1.0,0.0,1.0,True,"[{""class"": ""Solanacea"", ""confidence"": 1.0}, {""class"": ""Potato"", ""confidence"": 0.0}, {""class"": ""GourdGuava"", ""confidence"": 0.0}]",none,none,0.0,0.0,0.0,False,
Eggplant__Healthy_Leaf/0007.jpg,Eggplant__Healthy_Leaf,Eggplant,Solanacea,False,True,Solanacea,1.0,0.0,1.0,True,"[{""class"": ""Solanacea"", ""confidence"": 1.0}, {""class"": ""Potato"", ""confidence"": 0.0}, {""class"": ""GourdGuava"", ""confidence"": 0.0}]",none,none,0.0,0.0,0.0,False,
Eggplant__Healthy_Leaf/0008.jpg,Eggplant__Healthy_Leaf,Eggplant,Solanacea,False,True,Solanacea,0.9998,0.0001,0.9997,True,"[{""class"": ""Solanacea"", ""confidence"": 0.9998}, {""class"": ""Potato"", ""confidence"": 0.0001}, {""class"": ""GourdGuava"", ""confidence"": 0.0001}]",none,none,0.0,0.0,0.0,False,
Eggplant__Healthy_Leaf/0009.jpg,Eggplant__Healthy_Leaf,Eggplant,Solanacea,False,True,Solanacea,0.9925,0.0056,0.9869,True,"[{""class"": ""Solanacea"", ""confidence"": 0.9925}, {""class"": ""Wheat"", ""confidence"": 0.0056}, {""class"": ""GourdGuava"", ""confidence"": 0.0007}]",none,none,0.0,0.0,0.0,False,
Eggplant__Healthy_Leaf/0010.jpg,Eggplant__Healthy_Leaf,Eggplant,Solanacea,False,True,Solanacea,1.0,0.0,1.0,True,"[{""class"": ""Solanacea"", ""confidence"": 1.0}, {""class"": ""Potato"", ""confidence"": 0.0}, {""class"": ""GourdGuava"", ""confidence"": 0.0}]",none,none,0.0,0.0,0.0,False,
Eggplant__Insect_Pest_Disease/0001.jpg,Eggplant__Insect_Pest_Disease,Eggplant,Solanacea,False,True,Solanacea,1.0,0.0,1.0,True,"[{""class"": ""Solanacea"", ""confidence"": 1.0}, {""class"": ""Potato"", ""confidence"": 0.0}, {""class"": ""GourdGuava"", ""confidence"": 0.0}]",none,none,0.0,0.0,0.0,False,
Eggplant__Insect_Pest_Disease/0002.jpg,Eggplant__Insect_Pest_Disease,Eggplant,Solanacea,False,True,Solanacea,1.0,0.0,1.0,True,"[{""class"": ""Solanacea"", ""confidence"": 1.0}, {""class"": ""Potato"", ""confidence"": 0.0}, {""class"": ""GourdGuava"", ""confidence"": 0.0}]",none,none,0.0,0.0,0.0,False,
Eggplant__Insect_Pest_Disease/0003.jpg,Eggplant__Insect_Pest_Disease,Eggplant,Solanacea,False,True,Solanacea,1.0,0.0,1.0,True,"[{""class"": ""Solanacea"", ""confidence"": 1.0}, {""class"": ""Potato"", ""confidence"": 0.0}, {""class"": ""GourdGuava"", ""confidence"": 0.0}]",none,none,0.0,0.0,0.0,False,
Eggplant__Insect_Pest_Disease/0004.jpg,Eggplant__Insect_Pest_Disease,Eggplant,Solanacea,False,True,Solanacea,1.0,0.0,1.0,True,"[{""class"": ""Solanacea"", ""confidence"": 1.0}, {""class"": ""Potato"", ""confidence"": 0.0}, {""class"": ""GourdGuava"", ""confidence"": 0.0}]",none,none,0.0,0.0,0.0,False,
Eggplant__Insect_Pest_Disease/0005.jpg,Eggplant__Insect_Pest_Disease,Eggplant,Solanacea,False,True,Solanacea,0.9998,0.0001,0.9997,True,"[{""class"": ""Solanacea"", ""confidence"": 0.9998}, {""class"": ""GourdGuava"", ""confidence"": 0.0001}, {""class"": ""Potato"", ""confidence"": 0.0}]",none,none,0.0,0.0,0.0,False,
Eggplant__Insect_Pest_Disease/0006.jpg,Eggplant__Insect_Pest_Disease,Eggplant,Solanacea,False,True,Solanacea,1.0,0.0,1.0,True,"[{""class"": ""Solanacea"", ""confidence"": 1.0}, {""class"": ""Potato"", ""confidence"": 0.0}, {""class"": ""Corn"", ""confidence"": 0.0}]",none,none,0.0,0.0,0.0,False,
Eggplant__Insect_Pest_Disease/0007.jpg,Eggplant__Insect_Pest_Disease,Eggplant,Solanacea,False,True,Solanacea,1.0,0.0,1.0,True,"[{""class"": ""Solanacea"", ""confidence"": 1.0}, {""class"": ""GourdGuava"", ""confidence"": 0.0}, {""class"": ""Potato"", ""confidence"": 0.0}]",none,none,0.0,0.0,0.0,False,
Eggplant__Insect_Pest_Disease/0008.jpg,Eggplant__Insect_Pest_Disease,Eggplant,Solanacea,False,True,Solanacea,0.9991,0.0009,0.9982,True,"[{""class"": ""Solanacea"", ""confidence"": 0.9991}, {""class"": ""GourdGuava"", ""confidence"": 0.0009}, {""class"": ""Potato"", ""confidence"": 0.0}]",none,none,0.0,0.0,0.0,False,
Eggplant__Insect_Pest_Disease/0009.jpg,Eggplant__Insect_Pest_Disease,Eggplant,Solanacea,False,True,Solanacea,0.9995,0.0005,0.999,True,"[{""class"": ""Solanacea"", ""confidence"": 0.9995}, {""class"": ""Potato"", ""confidence"": 0.0005}, {""class"": ""Brassica"", ""confidence"": 0.0}]",none,none,0.0,0.0,0.0,False,
Eggplant__Insect_Pest_Disease/0010.jpg,Eggplant__Insect_Pest_Disease,Eggplant,Solanacea,False,True,Solanacea,1.0,0.0,1.0,True,"[{""class"": ""Solanacea"", ""confidence"": 1.0}, {""class"": ""Potato"", ""confidence"": 0.0}, {""class"": ""GourdGuava"", ""confidence"": 0.0}]",none,none,0.0,0.0,0.0,False,
Eggplant__Leaf_Spot_Disease/0001.jpg,Eggplant__Leaf_Spot_Disease,Eggplant,Solanacea,False,True,Solanacea,0.9999,0.0001,0.9998,True,"[{""class"": ""Solanacea"", ""confidence"": 0.9999}, {""class"": ""GourdGuava"", ""confidence"": 0.0001}, {""class"": ""Potato"", ""confidence"": 0.0}]",none,none,0.0,0.0,0.0,False,
Eggplant__Leaf_Spot_Disease/0002.jpg,Eggplant__Leaf_Spot_Disease,Eggplant,Solanacea,False,True,Solanacea,1.0,0.0,1.0,True,"[{""class"": ""Solanacea"", ""confidence"": 1.0}, {""class"": ""GourdGuava"", ""confidence"": 0.0}, {""class"": ""Potato"", ""confidence"": 0.0}]",none,none,0.0,0.0,0.0,False,
Eggplant__Leaf_Spot_Disease/0003.jpg,Eggplant__Leaf_Spot_Disease,Eggplant,Solanacea,False,True,Solanacea,1.0,0.0,1.0,True,"[{""class"": ""Solanacea"", ""confidence"": 1.0}, {""class"": ""GourdGuava"", ""confidence"": 0.0}, {""class"": ""Potato"", ""confidence"": 0.0}]",none,none,0.0,0.0,0.0,False,
Eggplant__Leaf_Spot_Disease/0004.jpg,Eggplant__Leaf_Spot_Disease,Eggplant,Solanacea,False,True,Solanacea,1.0,0.0,1.0,True,"[{""class"": ""Solanacea"", ""confidence"": 1.0}, {""class"": ""GourdGuava"", ""confidence"": 0.0}, {""class"": ""Potato"", ""confidence"": 0.0}]",none,none,0.0,0.0,0.0,False,
Eggplant__Leaf_Spot_Disease/0005.jpg,Eggplant__Leaf_Spot_Disease,Eggplant,Solanacea,False,True,Solanacea,1.0,0.0,1.0,True,"[{""class"": ""Solanacea"", ""confidence"": 1.0}, {""class"": ""Potato"", ""confidence"": 0.0}, {""class"": ""Brassica"", ""confidence"": 0.0}]",none,none,0.0,0.0,0.0,False,
Eggplant__Leaf_Spot_Disease/0006.jpg,Eggplant__Leaf_Spot_Disease,Eggplant,Solanacea,False,True,Solanacea,1.0,0.0,1.0,True,"[{""class"": ""Solanacea"", ""confidence"": 1.0}, {""class"": ""GourdGuava"", ""confidence"": 0.0}, {""class"": ""Potato"", ""confidence"": 0.0}]",none,none,0.0,0.0,0.0,False,
Eggplant__Leaf_Spot_Disease/0007.jpg,Eggplant__Leaf_Spot_Disease,Eggplant,Solanacea,False,True,Solanacea,0.9999,0.0001,0.9998,True,"[{""class"": ""Solanacea"", ""confidence"": 0.9999}, {""class"": ""GourdGuava"", ""confidence"": 0.0001}, {""class"": ""Potato"", ""confidence"": 0.0}]",none,none,0.0,0.0,0.0,False,
Eggplant__Leaf_Spot_Disease/0008.jpg,Eggplant__Leaf_Spot_Disease,Eggplant,Solanacea,False,True,Solanacea,1.0,0.0,1.0,True,"[{""class"": ""Solanacea"", ""confidence"": 1.0}, {""class"": ""GourdGuava"", ""confidence"": 0.0}, {""class"": ""Potato"", ""confidence"": 0.0}]",none,none,0.0,0.0,0.0,False,
Eggplant__Leaf_Spot_Disease/0009.jpg,Eggplant__Leaf_Spot_Disease,Eggplant,Solanacea,False,True,Solanacea,1.0,0.0,1.0,True,"[{""class"": ""Solanacea"", ""confidence"": 1.0}, {""class"": ""GourdGuava"", ""confidence"": 0.0}, {""class"": ""Potato"", ""confidence"": 0.0}]",none,none,0.0,0.0,0.0,False,
Eggplant__Leaf_Spot_Disease/0010.jpg,Eggplant__Leaf_Spot_Disease,Eggplant,Solanacea,False,True,Solanacea,1.0,0.0,1.0,True,"[{""class"": ""Solanacea"", ""confidence"": 1.0}, {""class"": ""Potato"", ""confidence"": 0.0}, {""class"": ""GourdGuava"", ""confidence"": 0.0}]",none,none,0.0,0.0,0.0,False,
Eggplant__Mosaic_Virus_Disease/0001.jpg,Eggplant__Mosaic_Virus_Disease,Eggplant,Solanacea,False,True,Solanacea,1.0,0.0,1.0,True,"[{""class"": ""Solanacea"", ""confidence"": 1.0}, {""class"": ""Potato"", ""confidence"": 0.0}, {""class"": ""GourdGuava"", ""confidence"": 0.0}]",none,none,0.0,0.0,0.0,False,
Eggplant__Mosaic_Virus_Disease/0002.jpg,Eggplant__Mosaic_Virus_Disease,Eggplant,Solanacea,False,True,Solanacea,1.0,0.0,1.0,True,"[{""class"": ""Solanacea"", ""confidence"": 1.0}, {""class"": ""Potato"", ""confidence"": 0.0}, {""class"": ""GourdGuava"", ""confidence"": 0.0}]",none,none,0.0,0.0,0.0,False,
Eggplant__Mosaic_Virus_Disease/0003.jpg,Eggplant__Mosaic_Virus_Disease,Eggplant,Solanacea,False,True,Solanacea,0.9989,0.0011,0.9978,True,"[{""class"": ""Solanacea"", ""confidence"": 0.9989}, {""class"": ""Potato"", ""confidence"": 0.0011}, {""class"": ""GourdGuava"", ""confidence"": 0.0}]",none,none,0.0,0.0,0.0,False,
Eggplant__Mosaic_Virus_Disease/0004.jpg,Eggplant__Mosaic_Virus_Disease,Eggplant,Solanacea,False,True,Solanacea,1.0,0.0,1.0,True,"[{""class"": ""Solanacea"", ""confidence"": 1.0}, {""class"": ""Potato"", ""confidence"": 0.0}, {""class"": ""GourdGuava"", ""confidence"": 0.0}]",none,none,0.0,0.0,0.0,False,
Eggplant__Mosaic_Virus_Disease/0005.jpg,Eggplant__Mosaic_Virus_Disease,Eggplant,Solanacea,False,True,Solanacea,1.0,0.0,1.0,True,"[{""class"": ""Solanacea"", ""confidence"": 1.0}, {""class"": ""Potato"", ""confidence"": 0.0}, {""class"": ""GourdGuava"", ""confidence"": 0.0}]",none,none,0.0,0.0,0.0,False,
Eggplant__Mosaic_Virus_Disease/0006.jpg,Eggplant__Mosaic_Virus_Disease,Eggplant,Solanacea,False,True,Solanacea,1.0,0.0,1.0,True,"[{""class"": ""Solanacea"", ""confidence"": 1.0}, {""class"": ""Potato"", ""confidence"": 0.0}, {""class"": ""GourdGuava"", ""confidence"": 0.0}]",none,none,0.0,0.0,0.0,False,
Eggplant__Mosaic_Virus_Disease/0007.jpg,Eggplant__Mosaic_Virus_Disease,Eggplant,Solanacea,False,True,Solanacea,1.0,0.0,1.0,True,"[{""class"": ""Solanacea"", ""confidence"": 1.0}, {""class"": ""Potato"", ""confidence"": 0.0}, {""class"": ""GourdGuava"", ""confidence"": 0.0}]",none,none,0.0,0.0,0.0,False,
Eggplant__Mosaic_Virus_Disease/0008.jpg,Eggplant__Mosaic_Virus_Disease,Eggplant,Solanacea,False,True,Solanacea,1.0,0.0,1.0,True,"[{""class"": ""Solanacea"", ""confidence"": 1.0}, {""class"": ""Potato"", ""confidence"": 0.0}, {""class"": ""GourdGuava"", ""confidence"": 0.0}]",none,none,0.0,0.0,0.0,False,
Eggplant__Mosaic_Virus_Disease/0009.jpg,Eggplant__Mosaic_Virus_Disease,Eggplant,Solanacea,False,True,Solanacea,1.0,0.0,1.0,True,"[{""class"": ""Solanacea"", ""confidence"": 1.0}, {""class"": ""Potato"", ""confidence"": 0.0}, {""class"": ""GourdGuava"", ""confidence"": 0.0}]",none,none,0.0,0.0,0.0,False,
Eggplant__Mosaic_Virus_Disease/0010.jpg,Eggplant__Mosaic_Virus_Disease,Eggplant,Solanacea,False,True,Solanacea,0.9582,0.0417,0.9165,True,"[{""class"": ""Solanacea"", ""confidence"": 0.9582}, {""class"": ""Potato"", ""confidence"": 0.0417}, {""class"": ""Brassica"", ""confidence"": 0.0001}]",none,none,0.0,0.0,0.0,False,
Eggplant__Wilt_Disease/0001.jpg,Eggplant__Wilt_Disease,Eggplant,Solanacea,False,True,Solanacea,0.9805,0.0162,0.9643,True,"[{""class"": ""Solanacea"", ""confidence"": 0.9805}, {""class"": ""Potato"", ""confidence"": 0.0162}, {""class"": ""Wheat"", ""confidence"": 0.0032}]",none,none,0.0,0.0,0.0,False,
Eggplant__Wilt_Disease/0002.jpg,Eggplant__Wilt_Disease,Eggplant,Solanacea,False,True,Solanacea,1.0,0.0,1.0,True,"[{""class"": ""Solanacea"", ""confidence"": 1.0}, {""class"": ""GourdGuava"", ""confidence"": 0.0}, {""class"": ""Potato"", ""confidence"": 0.0}]",none,none,0.0,0.0,0.0,False,
Eggplant__Wilt_Disease/0003.jpg,Eggplant__Wilt_Disease,Eggplant,Solanacea,False,True,Solanacea,0.9795,0.0135,0.966,True,"[{""class"": ""Solanacea"", ""confidence"": 0.9795}, {""class"": ""Wheat"", ""confidence"": 0.0135}, {""class"": ""Brassica"", ""confidence"": 0.0049}]",none,none,0.0,0.0,0.0,False,
Eggplant__Wilt_Disease/0004.jpg,Eggplant__Wilt_Disease,Eggplant,Solanacea,False,True,Solanacea,0.5515,0.2977,0.2538,True,"[{""class"": ""Solanacea"", ""confidence"": 0.5515}, {""class"": ""Wheat"", ""confidence"": 0.2977}, {""class"": ""Brassica"", ""confidence"": 0.1019}]",none,none,0.0,0.0,0.0,False,
Eggplant__Wilt_Disease/0005.jpg,Eggplant__Wilt_Disease,Eggplant,Solanacea,False,True,Solanacea,0.9937,0.0042,0.9895,True,"[{""class"": ""Solanacea"", ""confidence"": 0.9937}, {""class"": ""Wheat"", ""confidence"": 0.0042}, {""class"": ""GourdGuava"", ""confidence"": 0.0017}]",none,none,0.0,0.0,0.0,False,
Eggplant__Wilt_Disease/0006.jpg,Eggplant__Wilt_Disease,Eggplant,Solanacea,False,True,Solanacea,0.9976,0.0014,0.9962,True,"[{""class"": ""Solanacea"", ""confidence"": 0.9976}, {""class"": ""GourdGuava"", ""confidence"": 0.0014}, {""class"": ""Wheat"", ""confidence"": 0.0005}]",none,none,0.0,0.0,0.0,False,
Eggplant__Wilt_Disease/0007.jpg,Eggplant__Wilt_Disease,Eggplant,Solanacea,False,True,Solanacea,0.9943,0.004,0.9903,True,"[{""class"": ""Solanacea"", ""confidence"": 0.9943}, {""class"": ""GourdGuava"", ""confidence"": 0.004}, {""class"": ""Potato"", ""confidence"": 0.0012}]",none,none,0.0,0.0,0.0,False,
Eggplant__Wilt_Disease/0008.jpg,Eggplant__Wilt_Disease,Eggplant,Solanacea,False,True,Solanacea,0.954,0.0458,0.9082,True,"[{""class"": ""Solanacea"", ""confidence"": 0.954}, {""class"": ""GourdGuava"", ""confidence"": 0.0458}, {""class"": ""Wheat"", ""confidence"": 0.0002}]",none,none,0.0,0.0,0.0,False,
Eggplant__Wilt_Disease/0009.jpg,Eggplant__Wilt_Disease,Eggplant,Solanacea,False,True,Solanacea,0.9998,0.0001,0.9997,True,"[{""class"": ""Solanacea"", ""confidence"": 0.9998}, {""class"": ""GourdGuava"", ""confidence"": 0.0001}, {""class"": ""Potato"", ""confidence"": 0.0001}]",none,none,0.0,0.0,0.0,False,
Eggplant__Wilt_Disease/0010.jpg,Eggplant__Wilt_Disease,Eggplant,Solanacea,False,True,Solanacea,1.0,0.0,1.0,True,"[{""class"": ""Solanacea"", ""confidence"": 1.0}, {""class"": ""GourdGuava"", ""confidence"": 0.0}, {""class"": ""Potato"", ""confidence"": 0.0}]",none,none,0.0,0.0,0.0,False,
Gourd__Alternaria_Leaf_Blight/0001.jpg,Gourd__Alternaria_Leaf_Blight,Gourd,GourdGuava,True,True,GourdGuava,1.0,0.0,1.0,True,"[{""class"": ""GourdGuava"", ""confidence"": 1.0}, {""class"": ""Solanacea"", ""confidence"": 0.0}, {""class"": ""Potato"", ""confidence"": 0.0}]",none,none,0.0,0.0,0.0,False,
Gourd__Alternaria_Leaf_Blight/0002.jpg,Gourd__Alternaria_Leaf_Blight,Gourd,GourdGuava,True,True,GourdGuava,1.0,0.0,1.0,True,"[{""class"": ""GourdGuava"", ""confidence"": 1.0}, {""class"": ""Solanacea"", ""confidence"": 0.0}, {""class"": ""Wheat"", ""confidence"": 0.0}]",none,none,0.0,0.0,0.0,False,
Gourd__Alternaria_Leaf_Blight/0003.jpg,Gourd__Alternaria_Leaf_Blight,Gourd,GourdGuava,True,True,GourdGuava,1.0,0.0,1.0,True,"[{""class"": ""GourdGuava"", ""confidence"": 1.0}, {""class"": ""Solanacea"", ""confidence"": 0.0}, {""class"": ""Potato"", ""confidence"": 0.0}]",none,none,0.0,0.0,0.0,False,
Gourd__Alternaria_Leaf_Blight/0004.jpg,Gourd__Alternaria_Leaf_Blight,Gourd,GourdGuava,True,True,GourdGuava,1.0,0.0,1.0,True,"[{""class"": ""GourdGuava"", ""confidence"": 1.0}, {""class"": ""Solanacea"", ""confidence"": 0.0}, {""class"": ""Wheat"", ""confidence"": 0.0}]",none,none,0.0,0.0,0.0,False,
Gourd__Alternaria_Leaf_Blight/0005.jpg,Gourd__Alternaria_Leaf_Blight,Gourd,GourdGuava,True,True,GourdGuava,1.0,0.0,1.0,True,"[{""class"": ""GourdGuava"", ""confidence"": 1.0}, {""class"": ""Solanacea"", ""confidence"": 0.0}, {""class"": ""Wheat"", ""confidence"": 0.0}]",none,none,0.0,0.0,0.0,False,
Gourd__Alternaria_Leaf_Blight/0006.jpg,Gourd__Alternaria_Leaf_Blight,Gourd,GourdGuava,True,True,GourdGuava,1.0,0.0,1.0,True,"[{""class"": ""GourdGuava"", ""confidence"": 1.0}, {""class"": ""Solanacea"", ""confidence"": 0.0}, {""class"": ""Wheat"", ""confidence"": 0.0}]",none,none,0.0,0.0,0.0,False,
Gourd__Alternaria_Leaf_Blight/0007.jpg,Gourd__Alternaria_Leaf_Blight,Gourd,GourdGuava,True,True,GourdGuava,1.0,0.0,1.0,True,"[{""class"": ""GourdGuava"", ""confidence"": 1.0}, {""class"": ""Solanacea"", ""confidence"": 0.0}, {""class"": ""Wheat"", ""confidence"": 0.0}]",none,none,0.0,0.0,0.0,False,
Gourd__Alternaria_Leaf_Blight/0008.jpg,Gourd__Alternaria_Leaf_Blight,Gourd,GourdGuava,True,True,GourdGuava,1.0,0.0,1.0,True,"[{""class"": ""GourdGuava"", ""confidence"": 1.0}, {""class"": ""Solanacea"", ""confidence"": 0.0}, {""class"": ""Wheat"", ""confidence"": 0.0}]",none,none,0.0,0.0,0.0,False,
Gourd__Alternaria_Leaf_Blight/0009.jpg,Gourd__Alternaria_Leaf_Blight,Gourd,GourdGuava,True,True,GourdGuava,1.0,0.0,1.0,True,"[{""class"": ""GourdGuava"", ""confidence"": 1.0}, {""class"": ""Solanacea"", ""confidence"": 0.0}, {""class"": ""Potato"", ""confidence"": 0.0}]",none,none,0.0,0.0,0.0,False,
Gourd__Alternaria_Leaf_Blight/0010.jpg,Gourd__Alternaria_Leaf_Blight,Gourd,GourdGuava,True,True,GourdGuava,1.0,0.0,1.0,True,"[{""class"": ""GourdGuava"", ""confidence"": 1.0}, {""class"": ""Solanacea"", ""confidence"": 0.0}, {""class"": ""Wheat"", ""confidence"": 0.0}]",none,none,0.0,0.0,0.0,False,
Gourd__Downy_Mildew/0003.jpg,Gourd__Downy_Mildew,Gourd,GourdGuava,True,True,GourdGuava,1.0,0.0,1.0,True,"[{""class"": ""GourdGuava"", ""confidence"": 1.0}, {""class"": ""Solanacea"", ""confidence"": 0.0}, {""class"": ""Wheat"", ""confidence"": 0.0}]",none,none,0.0,0.0,0.0,False,
Gourd__Downy_Mildew/0004.jpg,Gourd__Downy_Mildew,Gourd,GourdGuava,True,True,GourdGuava,1.0,0.0,1.0,True,"[{""class"": ""GourdGuava"", ""confidence"": 1.0}, {""class"": ""Solanacea"", ""confidence"": 0.0}, {""class"": ""Potato"", ""confidence"": 0.0}]",none,none,0.0,0.0,0.0,False,
Gourd__Downy_Mildew/0006.jpg,Gourd__Downy_Mildew,Gourd,GourdGuava,True,True,GourdGuava,1.0,0.0,1.0,True,"[{""class"": ""GourdGuava"", ""confidence"": 1.0}, {""class"": ""Solanacea"", ""confidence"": 0.0}, {""class"": ""Wheat"", ""confidence"": 0.0}]",none,none,0.0,0.0,0.0,False,
Gourd__Downy_Mildew/0008.jpg,Gourd__Downy_Mildew,Gourd,GourdGuava,True,True,GourdGuava,1.0,0.0,1.0,True,"[{""class"": ""GourdGuava"", ""confidence"": 1.0}, {""class"": ""Solanacea"", ""confidence"": 0.0}, {""class"": ""Wheat"", ""confidence"": 0.0}]",none,none,0.0,0.0,0.0,False,
Gourd__Healthy_Leaf/0003.jpg,Gourd__Healthy_Leaf,Gourd,GourdGuava,True,True,GourdGuava,1.0,0.0,1.0,True,"[{""class"": ""GourdGuava"", ""confidence"": 1.0}, {""class"": ""Solanacea"", ""confidence"": 0.0}, {""class"": ""Wheat"", ""confidence"": 0.0}]",none,none,0.0,0.0,0.0,False,
Gourd__Healthy_Leaf/0009.jpg,Gourd__Healthy_Leaf,Gourd,GourdGuava,True,True,GourdGuava,1.0,0.0,1.0,True,"[{""class"": ""GourdGuava"", ""confidence"": 1.0}, {""class"": ""Solanacea"", ""confidence"": 0.0}, {""class"": ""Wheat"", ""confidence"": 0.0}]",none,none,0.0,0.0,0.0,False,
Gourd__Mosaic_Virus/0001.jpg,Gourd__Mosaic_Virus,Gourd,GourdGuava,True,True,GourdGuava,1.0,0.0,1.0,True,"[{""class"": ""GourdGuava"", ""confidence"": 1.0}, {""class"": ""Solanacea"", ""confidence"": 0.0}, {""class"": ""Brassica"", ""confidence"": 0.0}]",none,none,0.0,0.0,0.0,False,
Gourd__Mosaic_Virus/0004.jpg,Gourd__Mosaic_Virus,Gourd,GourdGuava,True,True,GourdGuava,1.0,0.0,1.0,True,"[{""class"": ""GourdGuava"", ""confidence"": 1.0}, {""class"": ""Solanacea"", ""confidence"": 0.0}, {""class"": ""Potato"", ""confidence"": 0.0}]",none,none,0.0,0.0,0.0,False,
Gourd__Mosaic_Virus/0005.jpg,Gourd__Mosaic_Virus,Gourd,GourdGuava,True,True,GourdGuava,0.986,0.014,0.972,True,"[{""class"": ""GourdGuava"", ""confidence"": 0.986}, {""class"": ""Solanacea"", ""confidence"": 0.014}, {""class"": ""Potato"", ""confidence"": 0.0}]",none,none,0.0,0.0,0.0,False,
Gourd__Mosaic_Virus/0006.jpg,Gourd__Mosaic_Virus,Gourd,GourdGuava,True,True,GourdGuava,1.0,0.0,1.0,True,"[{""class"": ""GourdGuava"", ""confidence"": 1.0}, {""class"": ""Solanacea"", ""confidence"": 0.0}, {""class"": ""Wheat"", ""confidence"": 0.0}]",none,none,0.0,0.0,0.0,False,
Gourd__Mosaic_Virus/0007.jpg,Gourd__Mosaic_Virus,Gourd,GourdGuava,True,True,GourdGuava,1.0,0.0,1.0,True,"[{""class"": ""GourdGuava"", ""confidence"": 1.0}, {""class"": ""Solanacea"", ""confidence"": 0.0}, {""class"": ""Wheat"", ""confidence"": 0.0}]",none,none,0.0,0.0,0.0,False,
Gourd__Mosaic_Virus/0008.jpg,Gourd__Mosaic_Virus,Gourd,GourdGuava,True,True,GourdGuava,1.0,0.0,1.0,True,"[{""class"": ""GourdGuava"", ""confidence"": 1.0}, {""class"": ""Solanacea"", ""confidence"": 0.0}, {""class"": ""Wheat"", ""confidence"": 0.0}]",none,none,0.0,0.0,0.0,False,
Gourd__Mosaic_Virus/0009.jpg,Gourd__Mosaic_Virus,Gourd,GourdGuava,True,True,GourdGuava,1.0,0.0,1.0,True,"[{""class"": ""GourdGuava"", ""confidence"": 1.0}, {""class"": ""Solanacea"", ""confidence"": 0.0}, {""class"": ""Wheat"", ""confidence"": 0.0}]",none,none,0.0,0.0,0.0,False,
Gourd__Mosaic_Virus/0010.jpg,Gourd__Mosaic_Virus,Gourd,GourdGuava,True,True,GourdGuava,0.9984,0.0016,0.9968,True,"[{""class"": ""GourdGuava"", ""confidence"": 0.9984}, {""class"": ""Solanacea"", ""confidence"": 0.0016}, {""class"": ""Brassica"", ""confidence"": 0.0}]",none,none,0.0,0.0,0.0,False,
Guava__Algal_Leaf_Spot/0001.jpg,Guava__Algal_Leaf_Spot,Guava,GourdGuava,True,True,GourdGuava,1.0,0.0,1.0,True,"[{""class"": ""GourdGuava"", ""confidence"": 1.0}, {""class"": ""Solanacea"", ""confidence"": 0.0}, {""class"": ""Potato"", ""confidence"": 0.0}]",none,none,0.0,0.0,0.0,False,
Guava__Algal_Leaf_Spot/0002.jpg,Guava__Algal_Leaf_Spot,Guava,GourdGuava,True,True,GourdGuava,1.0,0.0,1.0,True,"[{""class"": ""GourdGuava"", ""confidence"": 1.0}, {""class"": ""Solanacea"", ""confidence"": 0.0}, {""class"": ""Potato"", ""confidence"": 0.0}]",none,none,0.0,0.0,0.0,False,
Guava__Algal_Leaf_Spot/0003.jpg,Guava__Algal_Leaf_Spot,Guava,GourdGuava,True,True,GourdGuava,0.9991,0.0008,0.9983,True,"[{""class"": ""GourdGuava"", ""confidence"": 0.9991}, {""class"": ""Potato"", ""confidence"": 0.0008}, {""class"": ""Solanacea"", ""confidence"": 0.0001}]",none,none,0.0,0.0,0.0,False,
Guava__Algal_Leaf_Spot/0004.jpg,Guava__Algal_Leaf_Spot,Guava,GourdGuava,True,True,GourdGuava,1.0,0.0,1.0,True,"[{""class"": ""GourdGuava"", ""confidence"": 1.0}, {""class"": ""Solanacea"", ""confidence"": 0.0}, {""class"": ""Potato"", ""confidence"": 0.0}]",none,none,0.0,0.0,0.0,False,
Guava__Algal_Leaf_Spot/0005.jpg,Guava__Algal_Leaf_Spot,Guava,GourdGuava,True,True,GourdGuava,0.9958,0.0023,0.9935,True,"[{""class"": ""GourdGuava"", ""confidence"": 0.9958}, {""class"": ""Potato"", ""confidence"": 0.0023}, {""class"": ""Solanacea"", ""confidence"": 0.0019}]",none,none,0.0,0.0,0.0,False,
Guava__Algal_Leaf_Spot/0006.jpg,Guava__Algal_Leaf_Spot,Guava,GourdGuava,True,True,GourdGuava,1.0,0.0,1.0,True,"[{""class"": ""GourdGuava"", ""confidence"": 1.0}, {""class"": ""Solanacea"", ""confidence"": 0.0}, {""class"": ""Potato"", ""confidence"": 0.0}]",none,none,0.0,0.0,0.0,False,
Guava__Algal_Leaf_Spot/0007.jpg,Guava__Algal_Leaf_Spot,Guava,GourdGuava,True,True,GourdGuava,0.881,0.1161,0.7649,True,"[{""class"": ""GourdGuava"", ""confidence"": 0.881}, {""class"": ""Solanacea"", ""confidence"": 0.1161}, {""class"": ""Brassica"", ""confidence"": 0.001}]",none,none,0.0,0.0,0.0,False,
Guava__Algal_Leaf_Spot/0008.jpg,Guava__Algal_Leaf_Spot,Guava,GourdGuava,True,True,GourdGuava,1.0,0.0,1.0,True,"[{""class"": ""GourdGuava"", ""confidence"": 1.0}, {""class"": ""Solanacea"", ""confidence"": 0.0}, {""class"": ""Potato"", ""confidence"": 0.0}]",none,none,0.0,0.0,0.0,False,
Guava__Algal_Leaf_Spot/0009.jpg,Guava__Algal_Leaf_Spot,Guava,GourdGuava,True,True,GourdGuava,0.999,0.0009,0.9981,True,"[{""class"": ""GourdGuava"", ""confidence"": 0.999}, {""class"": ""Solanacea"", ""confidence"": 0.0009}, {""class"": ""Potato"", ""confidence"": 0.0001}]",none,none,0.0,0.0,0.0,False,
Guava__Algal_Leaf_Spot/0010.jpg,Guava__Algal_Leaf_Spot,Guava,GourdGuava,True,True,GourdGuava,0.9968,0.003,0.9938,True,"[{""class"": ""GourdGuava"", ""confidence"": 0.9968}, {""class"": ""Potato"", ""confidence"": 0.003}, {""class"": ""Solanacea"", ""confidence"": 0.0001}]",none,none,0.0,0.0,0.0,False,
Guava__Dry_Leaf/0001.jpg,Guava__Dry_Leaf,Guava,GourdGuava,True,True,GourdGuava,0.9885,0.0113,0.9772,True,"[{""class"": ""GourdGuava"", ""confidence"": 0.9885}, {""class"": ""Solanacea"", ""confidence"": 0.0113}, {""class"": ""Potato"", ""confidence"": 0.0001}]",none,none,0.0,0.0,0.0,False,
Guava__Dry_Leaf/0002.jpg,Guava__Dry_Leaf,Guava,GourdGuava,True,True,GourdGuava,0.8215,0.1435,0.678,True,"[{""class"": ""GourdGuava"", ""confidence"": 0.8215}, {""class"": ""Brassica"", ""confidence"": 0.1435}, {""class"": ""Solanacea"", ""confidence"": 0.0231}]",none,none,0.0,0.0,0.0,False,
Guava__Dry_Leaf/0003.jpg,Guava__Dry_Leaf,Guava,GourdGuava,True,True,GourdGuava,0.9192,0.0673,0.8519,True,"[{""class"": ""GourdGuava"", ""confidence"": 0.9192}, {""class"": ""Brassica"", ""confidence"": 0.0673}, {""class"": ""Solanacea"", ""confidence"": 0.0124}]",none,none,0.0,0.0,0.0,False,
Guava__Dry_Leaf/0004.jpg,Guava__Dry_Leaf,Guava,GourdGuava,True,True,GourdGuava,0.9995,0.0002,0.9993,True,"[{""class"": ""GourdGuava"", ""confidence"": 0.9995}, {""class"": ""Brassica"", ""confidence"": 0.0002}, {""class"": ""Potato"", ""confidence"": 0.0001}]",none,none,0.0,0.0,0.0,False,
Guava__Dry_Leaf/0005.jpg,Guava__Dry_Leaf,Guava,GourdGuava,True,True,GourdGuava,0.9893,0.0052,0.9841,True,"[{""class"": ""GourdGuava"", ""confidence"": 0.9893}, {""class"": ""Wheat"", ""confidence"": 0.0052}, {""class"": ""Solanacea"", ""confidence"": 0.0031}]",none,none,0.0,0.0,0.0,False,
Guava__Dry_Leaf/0006.jpg,Guava__Dry_Leaf,Guava,GourdGuava,True,True,GourdGuava,0.7972,0.0942,0.703,True,"[{""class"": ""GourdGuava"", ""confidence"": 0.7972}, {""class"": ""Potato"", ""confidence"": 0.0942}, {""class"": ""Solanacea"", ""confidence"": 0.0604}]",none,none,0.0,0.0,0.0,False,
Guava__Dry_Leaf/0007.jpg,Guava__Dry_Leaf,Guava,GourdGuava,True,True,GourdGuava,0.9988,0.0012,0.9976,True,"[{""class"": ""GourdGuava"", ""confidence"": 0.9988}, {""class"": ""Brassica"", ""confidence"": 0.0012}, {""class"": ""Wheat"", ""confidence"": 0.0}]",none,none,0.0,0.0,0.0,False,
Guava__Dry_Leaf/0008.jpg,Guava__Dry_Leaf,Guava,GourdGuava,True,True,GourdGuava,0.9975,0.0024,0.9951,True,"[{""class"": ""GourdGuava"", ""confidence"": 0.9975}, {""class"": ""Solanacea"", ""confidence"": 0.0024}, {""class"": ""Wheat"", ""confidence"": 0.0001}]",none,none,0.0,0.0,0.0,False,
Guava__Dry_Leaf/0009.jpg,Guava__Dry_Leaf,Guava,GourdGuava,True,True,Solanacea,0.4344,0.382,0.0524,False,"[{""class"": ""Solanacea"", ""confidence"": 0.4344}, {""class"": ""Potato"", ""confidence"": 0.382}, {""class"": ""GourdGuava"", ""confidence"": 0.1773}]",none,none,0.0,0.0,0.0,False,
Guava__Healthy/0001.jpg,Guava__Healthy,Guava,GourdGuava,True,True,GourdGuava,1.0,0.0,1.0,True,"[{""class"": ""GourdGuava"", ""confidence"": 1.0}, {""class"": ""Brassica"", ""confidence"": 0.0}, {""class"": ""Wheat"", ""confidence"": 0.0}]",none,none,0.0,0.0,0.0,False,
Guava__Healthy/0002.jpg,Guava__Healthy,Guava,GourdGuava,True,True,GourdGuava,1.0,0.0,1.0,True,"[{""class"": ""GourdGuava"", ""confidence"": 1.0}, {""class"": ""Solanacea"", ""confidence"": 0.0}, {""class"": ""Corn"", ""confidence"": 0.0}]",none,none,0.0,0.0,0.0,False,
Guava__Healthy/0003.jpg,Guava__Healthy,Guava,GourdGuava,True,True,GourdGuava,0.9993,0.0007,0.9986,True,"[{""class"": ""GourdGuava"", ""confidence"": 0.9993}, {""class"": ""Potato"", ""confidence"": 0.0007}, {""class"": ""Brassica"", ""confidence"": 0.0}]",none,none,0.0,0.0,0.0,False,
Guava__Healthy/0004.jpg,Guava__Healthy,Guava,GourdGuava,True,True,GourdGuava,1.0,0.0,1.0,True,"[{""class"": ""GourdGuava"", ""confidence"": 1.0}, {""class"": ""Brassica"", ""confidence"": 0.0}, {""class"": ""Potato"", ""confidence"": 0.0}]",none,none,0.0,0.0,0.0,False,
Guava__Healthy/0005.jpg,Guava__Healthy,Guava,GourdGuava,True,True,GourdGuava,1.0,0.0,1.0,True,"[{""class"": ""GourdGuava"", ""confidence"": 1.0}, {""class"": ""Solanacea"", ""confidence"": 0.0}, {""class"": ""Potato"", ""confidence"": 0.0}]",none,none,0.0,0.0,0.0,False,
Guava__Healthy/0006.jpg,Guava__Healthy,Guava,GourdGuava,True,True,GourdGuava,0.9387,0.0612,0.8775,True,"[{""class"": ""GourdGuava"", ""confidence"": 0.9387}, {""class"": ""Potato"", ""confidence"": 0.0612}, {""class"": ""Brassica"", ""confidence"": 0.0}]",none,none,0.0,0.0,0.0,False,
Guava__Healthy/0007.jpg,Guava__Healthy,Guava,GourdGuava,True,True,GourdGuava,0.9997,0.0003,0.9994,True,"[{""class"": ""GourdGuava"", ""confidence"": 0.9997}, {""class"": ""Potato"", ""confidence"": 0.0003}, {""class"": ""Solanacea"", ""confidence"": 0.0}]",none,none,0.0,0.0,0.0,False,
Guava__Healthy/0008.jpg,Guava__Healthy,Guava,GourdGuava,True,True,GourdGuava,0.9989,0.0011,0.9978,True,"[{""class"": ""GourdGuava"", ""confidence"": 0.9989}, {""class"": ""Potato"", ""confidence"": 0.0011}, {""class"": ""Solanacea"", ""confidence"": 0.0}]",none,none,0.0,0.0,0.0,False,
Guava__Healthy/0009.jpg,Guava__Healthy,Guava,GourdGuava,True,True,GourdGuava,1.0,0.0,1.0,True,"[{""class"": ""GourdGuava"", ""confidence"": 1.0}, {""class"": ""Solanacea"", ""confidence"": 0.0}, {""class"": ""Wheat"", ""confidence"": 0.0}]",none,none,0.0,0.0,0.0,False,
Guava__Healthy/0010.jpg,Guava__Healthy,Guava,GourdGuava,True,True,GourdGuava,0.9981,0.0013,0.9968,True,"[{""class"": ""GourdGuava"", ""confidence"": 0.9981}, {""class"": ""Brassica"", ""confidence"": 0.0013}, {""class"": ""Wheat"", ""confidence"": 0.0002}]",none,none,0.0,0.0,0.0,False,
Guava__Insect_Pest_Disease/0001.jpg,Guava__Insect_Pest_Disease,Guava,GourdGuava,True,True,GourdGuava,0.9978,0.0016,0.9962,True,"[{""class"": ""GourdGuava"", ""confidence"": 0.9978}, {""class"": ""Potato"", ""confidence"": 0.0016}, {""class"": ""Solanacea"", ""confidence"": 0.0006}]",none,none,0.0,0.0,0.0,False,
Guava__Insect_Pest_Disease/0002.jpg,Guava__Insect_Pest_Disease,Guava,GourdGuava,True,True,GourdGuava,0.9786,0.0203,0.9583,True,"[{""class"": ""GourdGuava"", ""confidence"": 0.9786}, {""class"": ""Wheat"", ""confidence"": 0.0203}, {""class"": ""Brassica"", ""confidence"": 0.0008}]",none,none,0.0,0.0,0.0,False,
Guava__Insect_Pest_Disease/0003.jpg,Guava__Insect_Pest_Disease,Guava,GourdGuava,True,True,GourdGuava,0.9918,0.0079,0.9839,True,"[{""class"": ""GourdGuava"", ""confidence"": 0.9918}, {""class"": ""Potato"", ""confidence"": 0.0079}, {""class"": ""Solanacea"", ""confidence"": 0.0002}]",none,none,0.0,0.0,0.0,False,
Guava__Insect_Pest_Disease/0004.jpg,Guava__Insect_Pest_Disease,Guava,GourdGuava,True,True,GourdGuava,0.877,0.0968,0.7802,True,"[{""class"": ""GourdGuava"", ""confidence"": 0.877}, {""class"": ""Potato"", ""confidence"": 0.0968}, {""class"": ""Solanacea"", ""confidence"": 0.0245}]",none,none,0.0,0.0,0.0,False,
Guava__Insect_Pest_Disease/0005.jpg,Guava__Insect_Pest_Disease,Guava,GourdGuava,True,True,GourdGuava,0.9918,0.0064,0.9854,True,"[{""class"": ""GourdGuava"", ""confidence"": 0.9918}, {""class"": ""Solanacea"", ""confidence"": 0.0064}, {""class"": ""Potato"", ""confidence"": 0.0018}]",none,none,0.0,0.0,0.0,False,
Guava__Insect_Pest_Disease/0006.jpg,Guava__Insect_Pest_Disease,Guava,GourdGuava,True,True,GourdGuava,0.9197,0.0612,0.8585,True,"[{""class"": ""GourdGuava"", ""confidence"": 0.9197}, {""class"": ""Solanacea"", ""confidence"": 0.0612}, {""class"": ""Potato"", ""confidence"": 0.0171}]",none,none,0.0,0.0,0.0,False,
Guava__Insect_Pest_Disease/0007.jpg,Guava__Insect_Pest_Disease,Guava,GourdGuava,True,True,GourdGuava,0.9993,0.0006,0.9987,True,"[{""class"": ""GourdGuava"", ""confidence"": 0.9993}, {""class"": ""Potato"", ""confidence"": 0.0006}, {""class"": ""Solanacea"", ""confidence"": 0.0}]",none,none,0.0,0.0,0.0,False,
Guava__Insect_Pest_Disease/0008.jpg,Guava__Insect_Pest_Disease,Guava,GourdGuava,True,True,Potato,0.5209,0.4756,0.0453,False,"[{""class"": ""Potato"", ""confidence"": 0.5209}, {""class"": ""GourdGuava"", ""confidence"": 0.4756}, {""class"": ""Brassica"", ""confidence"": 0.0027}]",potato,Potato__Late_Blight,0.9589,0.0411,0.9178,False,"[{""class"": ""Potato__Late_Blight"", ""confidence"": 0.9589}, {""class"": ""Potato__Early_Blight"", ""confidence"": 0.0411}, {""class"": ""Potato__Healthy_Leaf"", ""confidence"": 0.0}]"
Guava__Insect_Pest_Disease/0009.jpg,Guava__Insect_Pest_Disease,Guava,GourdGuava,True,True,GourdGuava,0.9985,0.0014,0.9971,True,"[{""class"": ""GourdGuava"", ""confidence"": 0.9985}, {""class"": ""Potato"", ""confidence"": 0.0014}, {""class"": ""Solanacea"", ""confidence"": 0.0}]",none,none,0.0,0.0,0.0,False,
Guava__Insect_Pest_Disease/0010.jpg,Guava__Insect_Pest_Disease,Guava,GourdGuava,True,True,GourdGuava,0.9847,0.0096,0.9751,True,"[{""class"": ""GourdGuava"", ""confidence"": 0.9847}, {""class"": ""Potato"", ""confidence"": 0.0096}, {""class"": ""Solanacea"", ""confidence"": 0.0057}]",none,none,0.0,0.0,0.0,False,
Guava__Red_Rust/0001.jpg,Guava__Red_Rust,Guava,GourdGuava,True,True,GourdGuava,0.9889,0.0056,0.9833,True,"[{""class"": ""GourdGuava"", ""confidence"": 0.9889}, {""class"": ""Solanacea"", ""confidence"": 0.0056}, {""class"": ""Potato"", ""confidence"": 0.0055}]",none,none,0.0,0.0,0.0,False,
Guava__Red_Rust/0002.jpg,Guava__Red_Rust,Guava,GourdGuava,True,True,GourdGuava,1.0,0.0,1.0,True,"[{""class"": ""GourdGuava"", ""confidence"": 1.0}, {""class"": ""Solanacea"", ""confidence"": 0.0}, {""class"": ""Potato"", ""confidence"": 0.0}]",none,none,0.0,0.0,0.0,False,
Guava__Red_Rust/0003.jpg,Guava__Red_Rust,Guava,GourdGuava,True,True,GourdGuava,1.0,0.0,1.0,True,"[{""class"": ""GourdGuava"", ""confidence"": 1.0}, {""class"": ""Brassica"", ""confidence"": 0.0}, {""class"": ""Solanacea"", ""confidence"": 0.0}]",none,none,0.0,0.0,0.0,False,
Guava__Red_Rust/0004.jpg,Guava__Red_Rust,Guava,GourdGuava,True,True,GourdGuava,1.0,0.0,1.0,True,"[{""class"": ""GourdGuava"", ""confidence"": 1.0}, {""class"": ""Solanacea"", ""confidence"": 0.0}, {""class"": ""Wheat"", ""confidence"": 0.0}]",none,none,0.0,0.0,0.0,False,
Guava__Red_Rust/0005.jpg,Guava__Red_Rust,Guava,GourdGuava,True,True,GourdGuava,1.0,0.0,1.0,True,"[{""class"": ""GourdGuava"", ""confidence"": 1.0}, {""class"": ""Solanacea"", ""confidence"": 0.0}, {""class"": ""Potato"", ""confidence"": 0.0}]",none,none,0.0,0.0,0.0,False,
Guava__Red_Rust/0006.jpg,Guava__Red_Rust,Guava,GourdGuava,True,True,GourdGuava,0.9968,0.0031,0.9937,True,"[{""class"": ""GourdGuava"", ""confidence"": 0.9968}, {""class"": ""Solanacea"", ""confidence"": 0.0031}, {""class"": ""Potato"", ""confidence"": 0.0001}]",none,none,0.0,0.0,0.0,False,
Guava__Red_Rust/0007.jpg,Guava__Red_Rust,Guava,GourdGuava,True,True,Potato,0.5319,0.447,0.0849,False,"[{""class"": ""Potato"", ""confidence"": 0.5319}, {""class"": ""GourdGuava"", ""confidence"": 0.447}, {""class"": ""Solanacea"", ""confidence"": 0.0205}]",potato,Potato__Early_Blight,0.529,0.471,0.058,False,"[{""class"": ""Potato__Early_Blight"", ""confidence"": 0.529}, {""class"": ""Potato__Late_Blight"", ""confidence"": 0.471}, {""class"": ""Potato__Healthy_Leaf"", ""confidence"": 0.0}]"
Guava__Red_Rust/0008.jpg,Guava__Red_Rust,Guava,GourdGuava,True,True,GourdGuava,1.0,0.0,1.0,True,"[{""class"": ""GourdGuava"", ""confidence"": 1.0}, {""class"": ""Solanacea"", ""confidence"": 0.0}, {""class"": ""Potato"", ""confidence"": 0.0}]",none,none,0.0,0.0,0.0,False,
Guava__Red_Rust/0009.jpg,Guava__Red_Rust,Guava,GourdGuava,True,True,GourdGuava,0.941,0.0522,0.8888,True,"[{""class"": ""GourdGuava"", ""confidence"": 0.941}, {""class"": ""Potato"", ""confidence"": 0.0522}, {""class"": ""Solanacea"", ""confidence"": 0.0063}]",none,none,0.0,0.0,0.0,False,
Guava__Red_Rust/0010.jpg,Guava__Red_Rust,Guava,GourdGuava,True,True,GourdGuava,0.7259,0.1281,0.5978,True,"[{""class"": ""GourdGuava"", ""confidence"": 0.7259}, {""class"": ""Solanacea"", ""confidence"": 0.1281}, {""class"": ""Potato"", ""confidence"": 0.1141}]",none,none,0.0,0.0,0.0,False,
Potato__Early_Blight/0001.jpg,Potato__Early_Blight,Potato,Potato,False,True,Potato,0.9998,0.0001,0.9997,True,"[{""class"": ""Potato"", ""confidence"": 0.9998}, {""class"": ""Brassica"", ""confidence"": 0.0001}, {""class"": ""Solanacea"", ""confidence"": 0.0}]",potato,Potato__Early_Blight,1.0,0.0,1.0,True,"[{""class"": ""Potato__Early_Blight"", ""confidence"": 1.0}, {""class"": ""Potato__Late_Blight"", ""confidence"": 0.0}, {""class"": ""Potato__Healthy_Leaf"", ""confidence"": 0.0}]"
Potato__Early_Blight/0002.jpg,Potato__Early_Blight,Potato,Potato,False,True,Potato,1.0,0.0,1.0,True,"[{""class"": ""Potato"", ""confidence"": 1.0}, {""class"": ""Brassica"", ""confidence"": 0.0}, {""class"": ""Solanacea"", ""confidence"": 0.0}]",potato,Potato__Early_Blight,0.9989,0.0011,0.9978,True,"[{""class"": ""Potato__Early_Blight"", ""confidence"": 0.9989}, {""class"": ""Potato__Late_Blight"", ""confidence"": 0.0011}, {""class"": ""Potato__Healthy_Leaf"", ""confidence"": 0.0}]"
Potato__Early_Blight/0003.jpg,Potato__Early_Blight,Potato,Potato,False,True,Potato,1.0,0.0,1.0,True,"[{""class"": ""Potato"", ""confidence"": 1.0}, {""class"": ""Solanacea"", ""confidence"": 0.0}, {""class"": ""Wheat"", ""confidence"": 0.0}]",potato,Potato__Early_Blight,1.0,0.0,1.0,True,"[{""class"": ""Potato__Early_Blight"", ""confidence"": 1.0}, {""class"": ""Potato__Late_Blight"", ""confidence"": 0.0}, {""class"": ""Potato__Healthy_Leaf"", ""confidence"": 0.0}]"
Potato__Early_Blight/0004.jpg,Potato__Early_Blight,Potato,Potato,False,True,Potato,0.9844,0.0102,0.9742,True,"[{""class"": ""Potato"", ""confidence"": 0.9844}, {""class"": ""Brassica"", ""confidence"": 0.0102}, {""class"": ""Solanacea"", ""confidence"": 0.0053}]",potato,Potato__Early_Blight,1.0,0.0,1.0,True,"[{""class"": ""Potato__Early_Blight"", ""confidence"": 1.0}, {""class"": ""Potato__Late_Blight"", ""confidence"": 0.0}, {""class"": ""Potato__Healthy_Leaf"", ""confidence"": 0.0}]"
Potato__Early_Blight/0005.jpg,Potato__Early_Blight,Potato,Potato,False,True,Potato,1.0,0.0,1.0,True,"[{""class"": ""Potato"", ""confidence"": 1.0}, {""class"": ""Brassica"", ""confidence"": 0.0}, {""class"": ""GourdGuava"", ""confidence"": 0.0}]",potato,Potato__Early_Blight,1.0,0.0,1.0,True,"[{""class"": ""Potato__Early_Blight"", ""confidence"": 1.0}, {""class"": ""Potato__Late_Blight"", ""confidence"": 0.0}, {""class"": ""Potato__Healthy_Leaf"", ""confidence"": 0.0}]"
Potato__Early_Blight/0006.jpg,Potato__Early_Blight,Potato,Potato,False,True,Potato,1.0,0.0,1.0,True,"[{""class"": ""Potato"", ""confidence"": 1.0}, {""class"": ""GourdGuava"", ""confidence"": 0.0}, {""class"": ""Solanacea"", ""confidence"": 0.0}]",potato,Potato__Early_Blight,1.0,0.0,1.0,True,"[{""class"": ""Potato__Early_Blight"", ""confidence"": 1.0}, {""class"": ""Potato__Late_Blight"", ""confidence"": 0.0}, {""class"": ""Potato__Healthy_Leaf"", ""confidence"": 0.0}]"
Potato__Early_Blight/0007.jpg,Potato__Early_Blight,Potato,Potato,False,True,Potato,0.9998,0.0001,0.9997,True,"[{""class"": ""Potato"", ""confidence"": 0.9998}, {""class"": ""Solanacea"", ""confidence"": 0.0001}, {""class"": ""Brassica"", ""confidence"": 0.0001}]",potato,Potato__Early_Blight,1.0,0.0,1.0,True,"[{""class"": ""Potato__Early_Blight"", ""confidence"": 1.0}, {""class"": ""Potato__Late_Blight"", ""confidence"": 0.0}, {""class"": ""Potato__Healthy_Leaf"", ""confidence"": 0.0}]"
Potato__Early_Blight/0008.jpg,Potato__Early_Blight,Potato,Potato,False,True,Potato,0.9489,0.0276,0.9213,True,"[{""class"": ""Potato"", ""confidence"": 0.9489}, {""class"": ""Solanacea"", ""confidence"": 0.0276}, {""class"": ""Brassica"", ""confidence"": 0.0234}]",potato,Potato__Early_Blight,1.0,0.0,1.0,True,"[{""class"": ""Potato__Early_Blight"", ""confidence"": 1.0}, {""class"": ""Potato__Late_Blight"", ""confidence"": 0.0}, {""class"": ""Potato__Healthy_Leaf"", ""confidence"": 0.0}]"
Potato__Early_Blight/0009.jpg,Potato__Early_Blight,Potato,Potato,False,True,Potato,0.998,0.0014,0.9966,True,"[{""class"": ""Potato"", ""confidence"": 0.998}, {""class"": ""GourdGuava"", ""confidence"": 0.0014}, {""class"": ""Solanacea"", ""confidence"": 0.0006}]",potato,Potato__Late_Blight,0.9997,0.0002,0.9995,False,"[{""class"": ""Potato__Late_Blight"", ""confidence"": 0.9997}, {""class"": ""Potato__Healthy_Leaf"", ""confidence"": 0.0002}, {""class"": ""Potato__Early_Blight"", ""confidence"": 0.0}]"
Potato__Early_Blight/0010.jpg,Potato__Early_Blight,Potato,Potato,False,True,Potato,0.9994,0.0003,0.9991,True,"[{""class"": ""Potato"", ""confidence"": 0.9994}, {""class"": ""Solanacea"", ""confidence"": 0.0003}, {""class"": ""Brassica"", ""confidence"": 0.0003}]",potato,Potato__Early_Blight,1.0,0.0,1.0,True,"[{""class"": ""Potato__Early_Blight"", ""confidence"": 1.0}, {""class"": ""Potato__Late_Blight"", ""confidence"": 0.0}, {""class"": ""Potato__Healthy_Leaf"", ""confidence"": 0.0}]"
Potato__Healthy_Leaf/0001.jpg,Potato__Healthy_Leaf,Potato,Potato,False,True,Potato,1.0,0.0,1.0,True,"[{""class"": ""Potato"", ""confidence"": 1.0}, {""class"": ""Solanacea"", ""confidence"": 0.0}, {""class"": ""GourdGuava"", ""confidence"": 0.0}]",potato,Potato__Healthy_Leaf,0.9744,0.0255,0.9489,True,"[{""class"": ""Potato__Healthy_Leaf"", ""confidence"": 0.9744}, {""class"": ""Potato__Late_Blight"", ""confidence"": 0.0255}, {""class"": ""Potato__Early_Blight"", ""confidence"": 0.0}]"
Potato__Healthy_Leaf/0002.jpg,Potato__Healthy_Leaf,Potato,Potato,False,True,Potato,1.0,0.0,1.0,True,"[{""class"": ""Potato"", ""confidence"": 1.0}, {""class"": ""GourdGuava"", ""confidence"": 0.0}, {""class"": ""Solanacea"", ""confidence"": 0.0}]",potato,Potato__Healthy_Leaf,1.0,0.0,1.0,True,"[{""class"": ""Potato__Healthy_Leaf"", ""confidence"": 1.0}, {""class"": ""Potato__Late_Blight"", ""confidence"": 0.0}, {""class"": ""Potato__Early_Blight"", ""confidence"": 0.0}]"
Potato__Healthy_Leaf/0003.jpg,Potato__Healthy_Leaf,Potato,Potato,False,True,Potato,1.0,0.0,1.0,True,"[{""class"": ""Potato"", ""confidence"": 1.0}, {""class"": ""Solanacea"", ""confidence"": 0.0}, {""class"": ""GourdGuava"", ""confidence"": 0.0}]",potato,Potato__Healthy_Leaf,1.0,0.0,1.0,True,"[{""class"": ""Potato__Healthy_Leaf"", ""confidence"": 1.0}, {""class"": ""Potato__Late_Blight"", ""confidence"": 0.0}, {""class"": ""Potato__Early_Blight"", ""confidence"": 0.0}]"
Potato__Healthy_Leaf/0004.jpg,Potato__Healthy_Leaf,Potato,Potato,False,True,Potato,1.0,0.0,1.0,True,"[{""class"": ""Potato"", ""confidence"": 1.0}, {""class"": ""Solanacea"", ""confidence"": 0.0}, {""class"": ""GourdGuava"", ""confidence"": 0.0}]",potato,Potato__Healthy_Leaf,0.9998,0.0002,0.9996,True,"[{""class"": ""Potato__Healthy_Leaf"", ""confidence"": 0.9998}, {""class"": ""Potato__Late_Blight"", ""confidence"": 0.0002}, {""class"": ""Potato__Early_Blight"", ""confidence"": 0.0}]"
Potato__Healthy_Leaf/0005.jpg,Potato__Healthy_Leaf,Potato,Potato,False,True,Potato,1.0,0.0,1.0,True,"[{""class"": ""Potato"", ""confidence"": 1.0}, {""class"": ""Solanacea"", ""confidence"": 0.0}, {""class"": ""GourdGuava"", ""confidence"": 0.0}]",potato,Potato__Healthy_Leaf,0.9999,0.0001,0.9998,True,"[{""class"": ""Potato__Healthy_Leaf"", ""confidence"": 0.9999}, {""class"": ""Potato__Late_Blight"", ""confidence"": 0.0001}, {""class"": ""Potato__Early_Blight"", ""confidence"": 0.0}]"
Potato__Healthy_Leaf/0006.jpg,Potato__Healthy_Leaf,Potato,Potato,False,True,Potato,1.0,0.0,1.0,True,"[{""class"": ""Potato"", ""confidence"": 1.0}, {""class"": ""GourdGuava"", ""confidence"": 0.0}, {""class"": ""Solanacea"", ""confidence"": 0.0}]",potato,Potato__Healthy_Leaf,0.9987,0.0013,0.9974,True,"[{""class"": ""Potato__Healthy_Leaf"", ""confidence"": 0.9987}, {""class"": ""Potato__Late_Blight"", ""confidence"": 0.0013}, {""class"": ""Potato__Early_Blight"", ""confidence"": 0.0}]"
Potato__Healthy_Leaf/0007.jpg,Potato__Healthy_Leaf,Potato,Potato,False,True,Potato,1.0,0.0,1.0,True,"[{""class"": ""Potato"", ""confidence"": 1.0}, {""class"": ""Solanacea"", ""confidence"": 0.0}, {""class"": ""Brassica"", ""confidence"": 0.0}]",potato,Potato__Late_Blight,0.9897,0.0103,0.9794,False,"[{""class"": ""Potato__Late_Blight"", ""confidence"": 0.9897}, {""class"": ""Potato__Healthy_Leaf"", ""confidence"": 0.0103}, {""class"": ""Potato__Early_Blight"", ""confidence"": 0.0}]"
Potato__Healthy_Leaf/0008.jpg,Potato__Healthy_Leaf,Potato,Potato,False,True,Potato,1.0,0.0,1.0,True,"[{""class"": ""Potato"", ""confidence"": 1.0}, {""class"": ""GourdGuava"", ""confidence"": 0.0}, {""class"": ""Solanacea"", ""confidence"": 0.0}]",potato,Potato__Healthy_Leaf,0.9999,0.0001,0.9998,True,"[{""class"": ""Potato__Healthy_Leaf"", ""confidence"": 0.9999}, {""class"": ""Potato__Late_Blight"", ""confidence"": 0.0001}, {""class"": ""Potato__Early_Blight"", ""confidence"": 0.0}]"
Potato__Healthy_Leaf/0009.jpg,Potato__Healthy_Leaf,Potato,Potato,False,True,Potato,1.0,0.0,1.0,True,"[{""class"": ""Potato"", ""confidence"": 1.0}, {""class"": ""Solanacea"", ""confidence"": 0.0}, {""class"": ""GourdGuava"", ""confidence"": 0.0}]",potato,Potato__Healthy_Leaf,0.9965,0.0035,0.993,True,"[{""class"": ""Potato__Healthy_Leaf"", ""confidence"": 0.9965}, {""class"": ""Potato__Late_Blight"", ""confidence"": 0.0035}, {""class"": ""Potato__Early_Blight"", ""confidence"": 0.0}]"
Potato__Healthy_Leaf/0010.jpg,Potato__Healthy_Leaf,Potato,Potato,False,True,Potato,1.0,0.0,1.0,True,"[{""class"": ""Potato"", ""confidence"": 1.0}, {""class"": ""Solanacea"", ""confidence"": 0.0}, {""class"": ""GourdGuava"", ""confidence"": 0.0}]",potato,Potato__Healthy_Leaf,1.0,0.0,1.0,True,"[{""class"": ""Potato__Healthy_Leaf"", ""confidence"": 1.0}, {""class"": ""Potato__Late_Blight"", ""confidence"": 0.0}, {""class"": ""Potato__Early_Blight"", ""confidence"": 0.0}]"
Potato__Late_Blight/0001.jpg,Potato__Late_Blight,Potato,Potato,False,True,Potato,0.9807,0.0164,0.9643,True,"[{""class"": ""Potato"", ""confidence"": 0.9807}, {""class"": ""Brassica"", ""confidence"": 0.0164}, {""class"": ""Solanacea"", ""confidence"": 0.0024}]",potato,Potato__Early_Blight,0.9764,0.0236,0.9528,False,"[{""class"": ""Potato__Early_Blight"", ""confidence"": 0.9764}, {""class"": ""Potato__Late_Blight"", ""confidence"": 0.0236}, {""class"": ""Potato__Healthy_Leaf"", ""confidence"": 0.0}]"
Potato__Late_Blight/0002.jpg,Potato__Late_Blight,Potato,Potato,False,True,Potato,1.0,0.0,1.0,True,"[{""class"": ""Potato"", ""confidence"": 1.0}, {""class"": ""Solanacea"", ""confidence"": 0.0}, {""class"": ""GourdGuava"", ""confidence"": 0.0}]",potato,Potato__Late_Blight,1.0,0.0,1.0,True,"[{""class"": ""Potato__Late_Blight"", ""confidence"": 1.0}, {""class"": ""Potato__Early_Blight"", ""confidence"": 0.0}, {""class"": ""Potato__Healthy_Leaf"", ""confidence"": 0.0}]"
Potato__Late_Blight/0003.jpg,Potato__Late_Blight,Potato,Potato,False,True,Potato,1.0,0.0,1.0,True,"[{""class"": ""Potato"", ""confidence"": 1.0}, {""class"": ""Solanacea"", ""confidence"": 0.0}, {""class"": ""Brassica"", ""confidence"": 0.0}]",potato,Potato__Late_Blight,0.8622,0.1377,0.7245,True,"[{""class"": ""Potato__Late_Blight"", ""confidence"": 0.8622}, {""class"": ""Potato__Early_Blight"", ""confidence"": 0.1377}, {""class"": ""Potato__Healthy_Leaf"", ""confidence"": 0.0001}]"
Potato__Late_Blight/0004.jpg,Potato__Late_Blight,Potato,Potato,False,True,Potato,1.0,0.0,1.0,True,"[{""class"": ""Potato"", ""confidence"": 1.0}, {""class"": ""Solanacea"", ""confidence"": 0.0}, {""class"": ""Brassica"", ""confidence"": 0.0}]",potato,Potato__Late_Blight,0.9999,0.0001,0.9998,True,"[{""class"": ""Potato__Late_Blight"", ""confidence"": 0.9999}, {""class"": ""Potato__Early_Blight"", ""confidence"": 0.0001}, {""class"": ""Potato__Healthy_Leaf"", ""confidence"": 0.0}]"
Potato__Late_Blight/0005.jpg,Potato__Late_Blight,Potato,Potato,False,True,Potato,1.0,0.0,1.0,True,"[{""class"": ""Potato"", ""confidence"": 1.0}, {""class"": ""Solanacea"", ""confidence"": 0.0}, {""class"": ""GourdGuava"", ""confidence"": 0.0}]",potato,Potato__Late_Blight,1.0,0.0,1.0,True,"[{""class"": ""Potato__Late_Blight"", ""confidence"": 1.0}, {""class"": ""Potato__Healthy_Leaf"", ""confidence"": 0.0}, {""class"": ""Potato__Early_Blight"", ""confidence"": 0.0}]"
Potato__Late_Blight/0006.jpg,Potato__Late_Blight,Potato,Potato,False,True,Potato,0.9998,0.0001,0.9997,True,"[{""class"": ""Potato"", ""confidence"": 0.9998}, {""class"": ""Brassica"", ""confidence"": 0.0001}, {""class"": ""Solanacea"", ""confidence"": 0.0}]",potato,Potato__Late_Blight,0.6317,0.3678,0.2639,True,"[{""class"": ""Potato__Late_Blight"", ""confidence"": 0.6317}, {""class"": ""Potato__Early_Blight"", ""confidence"": 0.3678}, {""class"": ""Potato__Healthy_Leaf"", ""confidence"": 0.0005}]"
Potato__Late_Blight/0007.jpg,Potato__Late_Blight,Potato,Potato,False,True,Potato,1.0,0.0,1.0,True,"[{""class"": ""Potato"", ""confidence"": 1.0}, {""class"": ""GourdGuava"", ""confidence"": 0.0}, {""class"": ""Solanacea"", ""confidence"": 0.0}]",potato,Potato__Late_Blight,0.5319,0.2774,0.2545,True,"[{""class"": ""Potato__Late_Blight"", ""confidence"": 0.5319}, {""class"": ""Potato__Healthy_Leaf"", ""confidence"": 0.2774}, {""class"": ""Potato__Early_Blight"", ""confidence"": 0.1908}]"
Potato__Late_Blight/0008.jpg,Potato__Late_Blight,Potato,Potato,False,True,Potato,0.9998,0.0002,0.9996,True,"[{""class"": ""Potato"", ""confidence"": 0.9998}, {""class"": ""Solanacea"", ""confidence"": 0.0002}, {""class"": ""GourdGuava"", ""confidence"": 0.0}]",potato,Potato__Late_Blight,1.0,0.0,1.0,True,"[{""class"": ""Potato__Late_Blight"", ""confidence"": 1.0}, {""class"": ""Potato__Early_Blight"", ""confidence"": 0.0}, {""class"": ""Potato__Healthy_Leaf"", ""confidence"": 0.0}]"
Potato__Late_Blight/0009.jpg,Potato__Late_Blight,Potato,Potato,False,True,Potato,1.0,0.0,1.0,True,"[{""class"": ""Potato"", ""confidence"": 1.0}, {""class"": ""Solanacea"", ""confidence"": 0.0}, {""class"": ""Brassica"", ""confidence"": 0.0}]",potato,Potato__Late_Blight,0.9569,0.0268,0.9301,True,"[{""class"": ""Potato__Late_Blight"", ""confidence"": 0.9569}, {""class"": ""Potato__Healthy_Leaf"", ""confidence"": 0.0268}, {""class"": ""Potato__Early_Blight"", ""confidence"": 0.0163}]"
Potato__Late_Blight/0010.jpg,Potato__Late_Blight,Potato,Potato,False,True,Potato,0.9679,0.0253,0.9426,True,"[{""class"": ""Potato"", ""confidence"": 0.9679}, {""class"": ""Solanacea"", ""confidence"": 0.0253}, {""class"": ""Brassica"", ""confidence"": 0.0066}]",potato,Potato__Late_Blight,1.0,0.0,1.0,True,"[{""class"": ""Potato__Late_Blight"", ""confidence"": 1.0}, {""class"": ""Potato__Early_Blight"", ""confidence"": 0.0}, {""class"": ""Potato__Healthy_Leaf"", ""confidence"": 0.0}]"
Rice__Bacterial_Leaf_Blight/0001.jpg,Rice__Bacterial_Leaf_Blight,Rice,Rice,False,True,Wheat,1.0,0.0,1.0,True,"[{""class"": ""Wheat"", ""confidence"": 1.0}, {""class"": ""Corn"", ""confidence"": 0.0}, {""class"": ""Solanacea"", ""confidence"": 0.0}]",wheat,Stripe Rust,0.9724,0.0143,0.9581,False,"[{""class"": ""Stripe Rust"", ""confidence"": 0.9724}, {""class"": ""FusariumFootRot"", ""confidence"": 0.0143}, {""class"": ""Leaf Rust"", ""confidence"": 0.0099}]"
Rice__Bacterial_Leaf_Blight/0002.jpg,Rice__Bacterial_Leaf_Blight,Rice,Rice,False,True,Wheat,0.9998,0.0002,0.9996,True,"[{""class"": ""Wheat"", ""confidence"": 0.9998}, {""class"": ""Corn"", ""confidence"": 0.0002}, {""class"": ""GourdGuava"", ""confidence"": 0.0}]",wheat,Stripe Rust,0.9994,0.0002,0.9992,False,"[{""class"": ""Stripe Rust"", ""confidence"": 0.9994}, {""class"": ""WheatBlast"", ""confidence"": 0.0002}, {""class"": ""Powdery Mildew"", ""confidence"": 0.0001}]"
Rice__Bacterial_Leaf_Blight/0003.jpg,Rice__Bacterial_Leaf_Blight,Rice,Rice,False,True,Wheat,1.0,0.0,1.0,True,"[{""class"": ""Wheat"", ""confidence"": 1.0}, {""class"": ""Corn"", ""confidence"": 0.0}, {""class"": ""GourdGuava"", ""confidence"": 0.0}]",rice,Rice__Bacterial_Leaf_Blight,1.0,0.0,1.0,True,"[{""class"": ""Rice__Bacterial_Leaf_Blight"", ""confidence"": 1.0}, {""class"": ""Rice__Narrow_Brown_Leaf_Spot"", ""confidence"": 0.0}, {""class"": ""Rice__Leaf_Scald"", ""confidence"": 0.0}]"
Rice__Bacterial_Leaf_Blight/0004.jpg,Rice__Bacterial_Leaf_Blight,Rice,Rice,False,True,Wheat,1.0,0.0,1.0,True,"[{""class"": ""Wheat"", ""confidence"": 1.0}, {""class"": ""Solanacea"", ""confidence"": 0.0}, {""class"": ""Corn"", ""confidence"": 0.0}]",rice,Rice__Bacterial_Leaf_Blight,0.9859,0.0089,0.977,True,"[{""class"": ""Rice__Bacterial_Leaf_Blight"", ""confidence"": 0.9859}, {""class"": ""Rice__Leaf_Blast"", ""confidence"": 0.0089}, {""class"": ""Rice__Leaf_Scald"", ""confidence"": 0.0045}]"
Rice__Bacterial_Leaf_Blight/0005.jpg,Rice__Bacterial_Leaf_Blight,Rice,Rice,False,True,Wheat,0.9988,0.0012,0.9976,True,"[{""class"": ""Wheat"", ""confidence"": 0.9988}, {""class"": ""Corn"", ""confidence"": 0.0012}, {""class"": ""GourdGuava"", ""confidence"": 0.0}]",rice,Rice__Leaf_Blast,0.4406,0.304,0.1366,False,"[{""class"": ""Rice__Leaf_Blast"", ""confidence"": 0.4406}, {""class"": ""Rice__Sheath_Blight"", ""confidence"": 0.304}, {""class"": ""Rice__Bacterial_Leaf_Blight"", ""confidence"": 0.2279}]"
Rice__Bacterial_Leaf_Blight/0006.jpg,Rice__Bacterial_Leaf_Blight,Rice,Rice,False,True,Wheat,0.8968,0.1032,0.7936,True,"[{""class"": ""Wheat"", ""confidence"": 0.8968}, {""class"": ""Corn"", ""confidence"": 0.1032}, {""class"": ""GourdGuava"", ""confidence"": 0.0}]",rice,Rice__Bacterial_Leaf_Blight,0.9978,0.0018,0.996,True,"[{""class"": ""Rice__Bacterial_Leaf_Blight"", ""confidence"": 0.9978}, {""class"": ""Rice__Narrow_Brown_Leaf_Spot"", ""confidence"": 0.0018}, {""class"": ""Rice__Leaf_Blast"", ""confidence"": 0.0003}]"
Rice__Bacterial_Leaf_Blight/0007.jpg,Rice__Bacterial_Leaf_Blight,Rice,Rice,False,True,Wheat,0.9995,0.0005,0.999,True,"[{""class"": ""Wheat"", ""confidence"": 0.9995}, {""class"": ""Corn"", ""confidence"": 0.0005}, {""class"": ""GourdGuava"", ""confidence"": 0.0}]",wheat,Stripe Rust,0.9994,0.0002,0.9992,False,"[{""class"": ""Stripe Rust"", ""confidence"": 0.9994}, {""class"": ""Stem Rust"", ""confidence"": 0.0002}, {""class"": ""Leaf Rust"", ""confidence"": 0.0002}]"
Rice__Bacterial_Leaf_Blight/0008.jpg,Rice__Bacterial_Leaf_Blight,Rice,Rice,False,True,Wheat,0.9863,0.0135,0.9728,True,"[{""class"": ""Wheat"", ""confidence"": 0.9863}, {""class"": ""Corn"", ""confidence"": 0.0135}, {""class"": ""Brassica"", ""confidence"": 0.0002}]",wheat,Stripe Rust,0.577,0.2075,0.3695,False,"[{""class"": ""Stripe Rust"", ""confidence"": 0.577}, {""class"": ""Healthy"", ""confidence"": 0.2075}, {""class"": ""Leaf Rust"", ""confidence"": 0.1803}]"
Rice__Bacterial_Leaf_Blight/0009.jpg,Rice__Bacterial_Leaf_Blight,Rice,Rice,False,True,Wheat,0.9997,0.0003,0.9994,True,"[{""class"": ""Wheat"", ""confidence"": 0.9997}, {""class"": ""Corn"", ""confidence"": 0.0003}, {""class"": ""GourdGuava"", ""confidence"": 0.0}]",wheat,Stripe Rust,0.9964,0.002,0.9944,False,"[{""class"": ""Stripe Rust"", ""confidence"": 0.9964}, {""class"": ""Leaf Rust"", ""confidence"": 0.002}, {""class"": ""Stem Rust"", ""confidence"": 0.0007}]"
Rice__Bacterial_Leaf_Blight/0010.jpg,Rice__Bacterial_Leaf_Blight,Rice,Rice,False,True,Wheat,0.9997,0.0003,0.9994,True,"[{""class"": ""Wheat"", ""confidence"": 0.9997}, {""class"": ""Corn"", ""confidence"": 0.0003}, {""class"": ""Solanacea"", ""confidence"": 0.0}]",rice,Rice__Bacterial_Leaf_Blight,0.9996,0.0003,0.9993,True,"[{""class"": ""Rice__Bacterial_Leaf_Blight"", ""confidence"": 0.9996}, {""class"": ""Rice__Leaf_Scald"", ""confidence"": 0.0003}, {""class"": ""Rice__Narrow_Brown_Leaf_Spot"", ""confidence"": 0.0001}]"
Rice__Brown_Spot/0001.jpg,Rice__Brown_Spot,Rice,Rice,False,True,Wheat,0.9977,0.0023,0.9954,True,"[{""class"": ""Wheat"", ""confidence"": 0.9977}, {""class"": ""Corn"", ""confidence"": 0.0023}, {""class"": ""GourdGuava"", ""confidence"": 0.0}]",rice,Rice__Brown_Spot,0.9756,0.0102,0.9654,True,"[{""class"": ""Rice__Brown_Spot"", ""confidence"": 0.9756}, {""class"": ""Rice__Bacterial_Leaf_Blight"", ""confidence"": 0.0102}, {""class"": ""Rice__Leaf_Scald"", ""confidence"": 0.0095}]"
Rice__Brown_Spot/0002.jpg,Rice__Brown_Spot,Rice,Rice,False,True,Wheat,0.9718,0.0282,0.9436,True,"[{""class"": ""Wheat"", ""confidence"": 0.9718}, {""class"": ""Corn"", ""confidence"": 0.0282}, {""class"": ""Solanacea"", ""confidence"": 0.0}]",rice,Rice__Brown_Spot,0.9999,0.0001,0.9998,True,"[{""class"": ""Rice__Brown_Spot"", ""confidence"": 0.9999}, {""class"": ""Rice__Narrow_Brown_Leaf_Spot"", ""confidence"": 0.0001}, {""class"": ""Rice__Healthy_Leaf"", ""confidence"": 0.0}]"
Rice__Brown_Spot/0003.jpg,Rice__Brown_Spot,Rice,Rice,False,True,Wheat,0.6502,0.3497,0.3005,True,"[{""class"": ""Wheat"", ""confidence"": 0.6502}, {""class"": ""Corn"", ""confidence"": 0.3497}, {""class"": ""Brassica"", ""confidence"": 0.0002}]",rice,Rice__Brown_Spot,1.0,0.0,1.0,True,"[{""class"": ""Rice__Brown_Spot"", ""confidence"": 1.0}, {""class"": ""Rice__Leaf_Blast"", ""confidence"": 0.0}, {""class"": ""Rice__Narrow_Brown_Leaf_Spot"", ""confidence"": 0.0}]"
Rice__Brown_Spot/0004.jpg,Rice__Brown_Spot,Rice,Rice,False,True,Wheat,0.7168,0.2832,0.4336,True,"[{""class"": ""Wheat"", ""confidence"": 0.7168}, {""class"": ""Corn"", ""confidence"": 0.2832}, {""class"": ""Brassica"", ""confidence"": 0.0}]",rice,Rice__Brown_Spot,0.9979,0.0021,0.9958,True,"[{""class"": ""Rice__Brown_Spot"", ""confidence"": 0.9979}, {""class"": ""Rice__Narrow_Brown_Leaf_Spot"", ""confidence"": 0.0021}, {""class"": ""Rice__Rice_Hispa"", ""confidence"": 0.0}]"
Rice__Brown_Spot/0005.jpg,Rice__Brown_Spot,Rice,Rice,False,True,Wheat,0.8474,0.1526,0.6948,True,"[{""class"": ""Wheat"", ""confidence"": 0.8474}, {""class"": ""Corn"", ""confidence"": 0.1526}, {""class"": ""Brassica"", ""confidence"": 0.0}]",rice,Rice__Bacterial_Leaf_Blight,0.8206,0.1554,0.6652,False,"[{""class"": ""Rice__Bacterial_Leaf_Blight"", ""confidence"": 0.8206}, {""class"": ""Rice__Brown_Spot"", ""confidence"": 0.1554}, {""class"": ""Rice__Leaf_Blast"", ""confidence"": 0.0236}]"
Rice__Brown_Spot/0006.jpg,Rice__Brown_Spot,Rice,Rice,False,True,Wheat,0.9689,0.0311,0.9378,True,"[{""class"": ""Wheat"", ""confidence"": 0.9689}, {""class"": ""Corn"", ""confidence"": 0.0311}, {""class"": ""Brassica"", ""confidence"": 0.0}]",rice,Rice__Brown_Spot,0.9997,0.0002,0.9995,True,"[{""class"": ""Rice__Brown_Spot"", ""confidence"": 0.9997}, {""class"": ""Rice__Narrow_Brown_Leaf_Spot"", ""confidence"": 0.0002}, {""class"": ""Rice__Leaf_Blast"", ""confidence"": 0.0}]"
Rice__Brown_Spot/0007.jpg,Rice__Brown_Spot,Rice,Rice,False,True,Wheat,0.8444,0.1556,0.6888,True,"[{""class"": ""Wheat"", ""confidence"": 0.8444}, {""class"": ""Corn"", ""confidence"": 0.1556}, {""class"": ""Brassica"", ""confidence"": 0.0}]",wheat,Stripe Rust,0.9988,0.0009,0.9979,False,"[{""class"": ""Stripe Rust"", ""confidence"": 0.9988}, {""class"": ""Blast"", ""confidence"": 0.0009}, {""class"": ""Leaf Rust"", ""confidence"": 0.0002}]"
Rice__Brown_Spot/0008.jpg,Rice__Brown_Spot,Rice,Rice,False,True,Corn,0.9568,0.0432,0.9136,False,"[{""class"": ""Corn"", ""confidence"": 0.9568}, {""class"": ""Wheat"", ""confidence"": 0.0432}, {""class"": ""Brassica"", ""confidence"": 0.0}]",corn,Northern_Leaf_Blight,0.5403,0.275,0.2653,False,"[{""class"": ""Northern_Leaf_Blight"", ""confidence"": 0.5403}, {""class"": ""Common_Rust"", ""confidence"": 0.275}, {""class"": ""Gray_Leaf_Spot"", ""confidence"": 0.181}]"
Rice__Brown_Spot/0009.jpg,Rice__Brown_Spot,Rice,Rice,False,True,Wheat,0.5264,0.4736,0.0528,True,"[{""class"": ""Wheat"", ""confidence"": 0.5264}, {""class"": ""Corn"", ""confidence"": 0.4736}, {""class"": ""Brassica"", ""confidence"": 0.0}]",rice,Rice__Brown_Spot,0.9997,0.0003,0.9994,True,"[{""class"": ""Rice__Brown_Spot"", ""confidence"": 0.9997}, {""class"": ""Rice__Narrow_Brown_Leaf_Spot"", ""confidence"": 0.0003}, {""class"": ""Rice__Leaf_Blast"", ""confidence"": 0.0}]"
Rice__Brown_Spot/0010.jpg,Rice__Brown_Spot,Rice,Rice,False,True,Wheat,0.9999,0.0001,0.9998,True,"[{""class"": ""Wheat"", ""confidence"": 0.9999}, {""class"": ""Corn"", ""confidence"": 0.0001}, {""class"": ""GourdGuava"", ""confidence"": 0.0}]",rice,Rice__Leaf_Scald,0.9864,0.0062,0.9802,False,"[{""class"": ""Rice__Leaf_Scald"", ""confidence"": 0.9864}, {""class"": ""Rice__Leaf_Blast"", ""confidence"": 0.0062}, {""class"": ""Rice__Healthy_Leaf"", ""confidence"": 0.0028}]"
Rice__Healthy_Leaf/0001.jpg,Rice__Healthy_Leaf,Rice,Rice,False,True,Wheat,0.8822,0.1174,0.7648,True,"[{""class"": ""Wheat"", ""confidence"": 0.8822}, {""class"": ""Corn"", ""confidence"": 0.1174}, {""class"": ""Brassica"", ""confidence"": 0.0003}]",rice,Rice__Healthy_Leaf,0.9995,0.0004,0.9991,True,"[{""class"": ""Rice__Healthy_Leaf"", ""confidence"": 0.9995}, {""class"": ""Rice__Rice_Hispa"", ""confidence"": 0.0004}, {""class"": ""Rice__Brown_Spot"", ""confidence"": 0.0002}]"
Rice__Healthy_Leaf/0002.jpg,Rice__Healthy_Leaf,Rice,Rice,False,True,Wheat,0.9994,0.0006,0.9988,True,"[{""class"": ""Wheat"", ""confidence"": 0.9994}, {""class"": ""Corn"", ""confidence"": 0.0006}, {""class"": ""GourdGuava"", ""confidence"": 0.0}]",rice,Rice__Healthy_Leaf,0.9923,0.0077,0.9846,True,"[{""class"": ""Rice__Healthy_Leaf"", ""confidence"": 0.9923}, {""class"": ""Rice__Leaf_Blast"", ""confidence"": 0.0077}, {""class"": ""Rice__Leaf_Scald"", ""confidence"": 0.0}]"
Rice__Healthy_Leaf/0003.jpg,Rice__Healthy_Leaf,Rice,Rice,False,True,Corn,0.8985,0.0963,0.8022,False,"[{""class"": ""Corn"", ""confidence"": 0.8985}, {""class"": ""Wheat"", ""confidence"": 0.0963}, {""class"": ""Brassica"", ""confidence"": 0.0052}]",corn,Gray_Leaf_Spot,0.5118,0.4033,0.1085,False,"[{""class"": ""Gray_Leaf_Spot"", ""confidence"": 0.5118}, {""class"": ""Healthy"", ""confidence"": 0.4033}, {""class"": ""Northern_Leaf_Blight"", ""confidence"": 0.0652}]"
Rice__Healthy_Leaf/0004.jpg,Rice__Healthy_Leaf,Rice,Rice,False,True,Wheat,0.6523,0.3477,0.3046,True,"[{""class"": ""Wheat"", ""confidence"": 0.6523}, {""class"": ""Corn"", ""confidence"": 0.3477}, {""class"": ""Brassica"", ""confidence"": 0.0}]",rice,Rice__Healthy_Leaf,1.0,0.0,1.0,True,"[{""class"": ""Rice__Healthy_Leaf"", ""confidence"": 1.0}, {""class"": ""Rice__Leaf_Blast"", ""confidence"": 0.0}, {""class"": ""Rice__Sheath_Blight"", ""confidence"": 0.0}]"
Rice__Healthy_Leaf/0005.jpg,Rice__Healthy_Leaf,Rice,Rice,False,True,Wheat,0.6004,0.3994,0.201,True,"[{""class"": ""Wheat"", ""confidence"": 0.6004}, {""class"": ""Corn"", ""confidence"": 0.3994}, {""class"": ""Brassica"", ""confidence"": 0.0002}]",rice,Rice__Healthy_Leaf,1.0,0.0,1.0,True,"[{""class"": ""Rice__Healthy_Leaf"", ""confidence"": 1.0}, {""class"": ""Rice__Rice_Hispa"", ""confidence"": 0.0}, {""class"": ""Rice__Brown_Spot"", ""confidence"": 0.0}]"
Rice__Healthy_Leaf/0006.jpg,Rice__Healthy_Leaf,Rice,Rice,False,True,Wheat,0.9982,0.0014,0.9968,True,"[{""class"": ""Wheat"", ""confidence"": 0.9982}, {""class"": ""Corn"", ""confidence"": 0.0014}, {""class"": ""GourdGuava"", ""confidence"": 0.0004}]",rice,Rice__Healthy_Leaf,1.0,0.0,1.0,True,"[{""class"": ""Rice__Healthy_Leaf"", ""confidence"": 1.0}, {""class"": ""Rice__Rice_Hispa"", ""confidence"": 0.0}, {""class"": ""Rice__Leaf_Scald"", ""confidence"": 0.0}]"
Rice__Healthy_Leaf/0007.jpg,Rice__Healthy_Leaf,Rice,Rice,False,True,Wheat,1.0,0.0,1.0,True,"[{""class"": ""Wheat"", ""confidence"": 1.0}, {""class"": ""Corn"", ""confidence"": 0.0}, {""class"": ""GourdGuava"", ""confidence"": 0.0}]",rice,Rice__Healthy_Leaf,1.0,0.0,1.0,True,"[{""class"": ""Rice__Healthy_Leaf"", ""confidence"": 1.0}, {""class"": ""Rice__Leaf_Blast"", ""confidence"": 0.0}, {""class"": ""Rice__Leaf_Scald"", ""confidence"": 0.0}]"
Rice__Healthy_Leaf/0008.jpg,Rice__Healthy_Leaf,Rice,Rice,False,True,Wheat,0.9922,0.0078,0.9844,True,"[{""class"": ""Wheat"", ""confidence"": 0.9922}, {""class"": ""Corn"", ""confidence"": 0.0078}, {""class"": ""Brassica"", ""confidence"": 0.0}]",rice,Rice__Healthy_Leaf,1.0,0.0,1.0,True,"[{""class"": ""Rice__Healthy_Leaf"", ""confidence"": 1.0}, {""class"": ""Rice__Rice_Hispa"", ""confidence"": 0.0}, {""class"": ""Rice__Brown_Spot"", ""confidence"": 0.0}]"
Rice__Healthy_Leaf/0009.jpg,Rice__Healthy_Leaf,Rice,Rice,False,True,Corn,0.9544,0.0456,0.9088,False,"[{""class"": ""Corn"", ""confidence"": 0.9544}, {""class"": ""Wheat"", ""confidence"": 0.0456}, {""class"": ""Brassica"", ""confidence"": 0.0}]",corn,Gray_Leaf_Spot,0.7222,0.2754,0.4468,False,"[{""class"": ""Gray_Leaf_Spot"", ""confidence"": 0.7222}, {""class"": ""Healthy"", ""confidence"": 0.2754}, {""class"": ""Common_Rust"", ""confidence"": 0.0018}]"
Rice__Healthy_Leaf/0010.jpg,Rice__Healthy_Leaf,Rice,Rice,False,True,Wheat,0.802,0.1979,0.6041,True,"[{""class"": ""Wheat"", ""confidence"": 0.802}, {""class"": ""Corn"", ""confidence"": 0.1979}, {""class"": ""Brassica"", ""confidence"": 0.0001}]",rice,Rice__Healthy_Leaf,1.0,0.0,1.0,True,"[{""class"": ""Rice__Healthy_Leaf"", ""confidence"": 1.0}, {""class"": ""Rice__Rice_Hispa"", ""confidence"": 0.0}, {""class"": ""Rice__Brown_Spot"", ""confidence"": 0.0}]"
Rice__Leaf_Blast/0001.jpg,Rice__Leaf_Blast,Rice,Rice,False,True,Wheat,1.0,0.0,1.0,True,"[{""class"": ""Wheat"", ""confidence"": 1.0}, {""class"": ""Corn"", ""confidence"": 0.0}, {""class"": ""GourdGuava"", ""confidence"": 0.0}]",rice,Rice__Leaf_Blast,0.813,0.1857,0.6273,True,"[{""class"": ""Rice__Leaf_Blast"", ""confidence"": 0.813}, {""class"": ""Rice__Bacterial_Leaf_Blight"", ""confidence"": 0.1857}, {""class"": ""Rice__Sheath_Blight"", ""confidence"": 0.0005}]"
Rice__Leaf_Blast/0002.jpg,Rice__Leaf_Blast,Rice,Rice,False,True,Corn,0.63,0.37,0.26,False,"[{""class"": ""Corn"", ""confidence"": 0.63}, {""class"": ""Wheat"", ""confidence"": 0.37}, {""class"": ""Brassica"", ""confidence"": 0.0}]",corn,Northern_Leaf_Blight,0.6583,0.1386,0.5197,False,"[{""class"": ""Northern_Leaf_Blight"", ""confidence"": 0.6583}, {""class"": ""Healthy"", ""confidence"": 0.1386}, {""class"": ""Gray_Leaf_Spot"", ""confidence"": 0.1356}]"
Rice__Leaf_Blast/0003.jpg,Rice__Leaf_Blast,Rice,Rice,False,True,Wheat,0.9986,0.0014,0.9972,True,"[{""class"": ""Wheat"", ""confidence"": 0.9986}, {""class"": ""Corn"", ""confidence"": 0.0014}, {""class"": ""Brassica"", ""confidence"": 0.0}]",rice,Rice__Leaf_Blast,1.0,0.0,1.0,True,"[{""class"": ""Rice__Leaf_Blast"", ""confidence"": 1.0}, {""class"": ""Rice__Sheath_Blight"", ""confidence"": 0.0}, {""class"": ""Rice__Healthy_Leaf"", ""confidence"": 0.0}]"
Rice__Leaf_Blast/0004.jpg,Rice__Leaf_Blast,Rice,Rice,False,True,Corn,0.5854,0.4145,0.1709,False,"[{""class"": ""Corn"", ""confidence"": 0.5854}, {""class"": ""Wheat"", ""confidence"": 0.4145}, {""class"": ""Brassica"", ""confidence"": 0.0}]",corn,Northern_Leaf_Blight,0.6759,0.221,0.4549,False,"[{""class"": ""Northern_Leaf_Blight"", ""confidence"": 0.6759}, {""class"": ""Gray_Leaf_Spot"", ""confidence"": 0.221}, {""class"": ""Common_Rust"", ""confidence"": 0.0802}]"
Rice__Leaf_Blast/0005.jpg,Rice__Leaf_Blast,Rice,Rice,False,True,Wheat,0.8155,0.1845,0.631,True,"[{""class"": ""Wheat"", ""confidence"": 0.8155}, {""class"": ""Corn"", ""confidence"": 0.1845}, {""class"": ""GourdGuava"", ""confidence"": 0.0}]",rice,Rice__Leaf_Blast,0.9665,0.0322,0.9343,True,"[{""class"": ""Rice__Leaf_Blast"", ""confidence"": 0.9665}, {""class"": ""Rice__Narrow_Brown_Leaf_Spot"", ""confidence"": 0.0322}, {""class"": ""Rice__Bacterial_Leaf_Blight"", ""confidence"": 0.0008}]"
Rice__Leaf_Blast/0006.jpg,Rice__Leaf_Blast,Rice,Rice,False,True,Wheat,0.5736,0.4264,0.1472,True,"[{""class"": ""Wheat"", ""confidence"": 0.5736}, {""class"": ""Corn"", ""confidence"": 0.4264}, {""class"": ""Brassica"", ""confidence"": 0.0}]",rice,Rice__Leaf_Blast,0.9267,0.0699,0.8568,True,"[{""class"": ""Rice__Leaf_Blast"", ""confidence"": 0.9267}, {""class"": ""Rice__Narrow_Brown_Leaf_Spot"", ""confidence"": 0.0699}, {""class"": ""Rice__Bacterial_Leaf_Blight"", ""confidence"": 0.0022}]"
Rice__Leaf_Blast/0007.jpg,Rice__Leaf_Blast,Rice,Rice,False,True,Corn,0.8035,0.1965,0.607,False,"[{""class"": ""Corn"", ""confidence"": 0.8035}, {""class"": ""Wheat"", ""confidence"": 0.1965}, {""class"": ""Brassica"", ""confidence"": 0.0}]",corn,Gray_Leaf_Spot,0.4064,0.3011,0.1053,False,"[{""class"": ""Gray_Leaf_Spot"", ""confidence"": 0.4064}, {""class"": ""Common_Rust"", ""confidence"": 0.3011}, {""class"": ""Healthy"", ""confidence"": 0.156}]"
Rice__Leaf_Blast/0008.jpg,Rice__Leaf_Blast,Rice,Rice,False,True,Wheat,0.962,0.038,0.924,True,"[{""class"": ""Wheat"", ""confidence"": 0.962}, {""class"": ""Corn"", ""confidence"": 0.038}, {""class"": ""GourdGuava"", ""confidence"": 0.0}]",wheat,Stripe Rust,0.859,0.1377,0.7213,False,"[{""class"": ""Stripe Rust"", ""confidence"": 0.859}, {""class"": ""Healthy"", ""confidence"": 0.1377}, {""class"": ""Blast"", ""confidence"": 0.0016}]"
Rice__Leaf_Blast/0009.jpg,Rice__Leaf_Blast,Rice,Rice,False,True,Wheat,0.9999,0.0001,0.9998,True,"[{""class"": ""Wheat"", ""confidence"": 0.9999}, {""class"": ""Corn"", ""confidence"": 0.0001}, {""class"": ""GourdGuava"", ""confidence"": 0.0}]",rice,Rice__Leaf_Blast,0.9985,0.0015,0.997,True,"[{""class"": ""Rice__Leaf_Blast"", ""confidence"": 0.9985}, {""class"": ""Rice__Narrow_Brown_Leaf_Spot"", ""confidence"": 0.0015}, {""class"": ""Rice__Leaf_Scald"", ""confidence"": 0.0}]"
Rice__Leaf_Blast/0010.jpg,Rice__Leaf_Blast,Rice,Rice,False,True,Wheat,0.7311,0.2689,0.4622,True,"[{""class"": ""Wheat"", ""confidence"": 0.7311}, {""class"": ""Corn"", ""confidence"": 0.2689}, {""class"": ""Brassica"", ""confidence"": 0.0}]",rice,Rice__Leaf_Blast,0.8409,0.1564,0.6845,True,"[{""class"": ""Rice__Leaf_Blast"", ""confidence"": 0.8409}, {""class"": ""Rice__Narrow_Brown_Leaf_Spot"", ""confidence"": 0.1564}, {""class"": ""Rice__Bacterial_Leaf_Blight"", ""confidence"": 0.0027}]"
Rice__Leaf_Scald/0001.jpg,Rice__Leaf_Scald,Rice,Rice,False,True,Wheat,0.9993,0.0004,0.9989,True,"[{""class"": ""Wheat"", ""confidence"": 0.9993}, {""class"": ""Corn"", ""confidence"": 0.0004}, {""class"": ""GourdGuava"", ""confidence"": 0.0002}]",rice,Rice__Leaf_Scald,0.8445,0.1555,0.689,True,"[{""class"": ""Rice__Leaf_Scald"", ""confidence"": 0.8445}, {""class"": ""Rice__Leaf_Blast"", ""confidence"": 0.1555}, {""class"": ""Rice__Brown_Spot"", ""confidence"": 0.0}]"
Rice__Leaf_Scald/0002.jpg,Rice__Leaf_Scald,Rice,Rice,False,True,Corn,0.9134,0.078,0.8354,False,"[{""class"": ""Corn"", ""confidence"": 0.9134}, {""class"": ""Wheat"", ""confidence"": 0.078}, {""class"": ""Brassica"", ""confidence"": 0.0086}]",corn,Northern_Leaf_Blight,0.6785,0.3109,0.3676,False,"[{""class"": ""Northern_Leaf_Blight"", ""confidence"": 0.6785}, {""class"": ""Gray_Leaf_Spot"", ""confidence"": 0.3109}, {""class"": ""Common_Rust"", ""confidence"": 0.0068}]"
Rice__Leaf_Scald/0003.jpg,Rice__Leaf_Scald,Rice,Rice,False,True,Wheat,1.0,0.0,1.0,True,"[{""class"": ""Wheat"", ""confidence"": 1.0}, {""class"": ""Corn"", ""confidence"": 0.0}, {""class"": ""GourdGuava"", ""confidence"": 0.0}]",rice,Rice__Leaf_Scald,0.9999,0.0001,0.9998,True,"[{""class"": ""Rice__Leaf_Scald"", ""confidence"": 0.9999}, {""class"": ""Rice__Leaf_Blast"", ""confidence"": 0.0001}, {""class"": ""Rice__Narrow_Brown_Leaf_Spot"", ""confidence"": 0.0}]"
Rice__Leaf_Scald/0004.jpg,Rice__Leaf_Scald,Rice,Rice,False,True,Wheat,0.5205,0.4106,0.1099,True,"[{""class"": ""Wheat"", ""confidence"": 0.5205}, {""class"": ""Potato"", ""confidence"": 0.4106}, {""class"": ""Corn"", ""confidence"": 0.0305}]",rice,Rice__Leaf_Scald,1.0,0.0,1.0,True,"[{""class"": ""Rice__Leaf_Scald"", ""confidence"": 1.0}, {""class"": ""Rice__Brown_Spot"", ""confidence"": 0.0}, {""class"": ""Rice__Leaf_Blast"", ""confidence"": 0.0}]"
Rice__Leaf_Scald/0005.jpg,Rice__Leaf_Scald,Rice,Rice,False,True,Wheat,0.998,0.0018,0.9962,True,"[{""class"": ""Wheat"", ""confidence"": 0.998}, {""class"": ""Corn"", ""confidence"": 0.0018}, {""class"": ""GourdGuava"", ""confidence"": 0.0002}]",rice,Rice__Leaf_Scald,0.9992,0.0006,0.9986,True,"[{""class"": ""Rice__Leaf_Scald"", ""confidence"": 0.9992}, {""class"": ""Rice__Leaf_Blast"", ""confidence"": 0.0006}, {""class"": ""Rice__Bacterial_Leaf_Blight"", ""confidence"": 0.0002}]"
Rice__Leaf_Scald/0006.jpg,Rice__Leaf_Scald,Rice,Rice,False,True,Wheat,0.9094,0.0906,0.8188,True,"[{""class"": ""Wheat"", ""confidence"": 0.9094}, {""class"": ""Corn"", ""confidence"": 0.0906}, {""class"": ""Solanacea"", ""confidence"": 0.0}]",rice,Rice__Leaf_Scald,1.0,0.0,1.0,True,"[{""class"": ""Rice__Leaf_Scald"", ""confidence"": 1.0}, {""class"": ""Rice__Leaf_Blast"", ""confidence"": 0.0}, {""class"": ""Rice__Brown_Spot"", ""confidence"": 0.0}]"
Rice__Leaf_Scald/0007.jpg,Rice__Leaf_Scald,Rice,Rice,False,True,Wheat,0.9902,0.0092,0.981,True,"[{""class"": ""Wheat"", ""confidence"": 0.9902}, {""class"": ""Corn"", ""confidence"": 0.0092}, {""class"": ""Brassica"", ""confidence"": 0.0006}]",rice,Rice__Leaf_Scald,0.9884,0.0078,0.9806,True,"[{""class"": ""Rice__Leaf_Scald"", ""confidence"": 0.9884}, {""class"": ""Rice__Sheath_Blight"", ""confidence"": 0.0078}, {""class"": ""Rice__Bacterial_Leaf_Blight"", ""confidence"": 0.0027}]"
Rice__Leaf_Scald/0008.jpg,Rice__Leaf_Scald,Rice,Rice,False,True,Wheat,0.9989,0.0011,0.9978,True,"[{""class"": ""Wheat"", ""confidence"": 0.9989}, {""class"": ""Corn"", ""confidence"": 0.0011}, {""class"": ""GourdGuava"", ""confidence"": 0.0}]",rice,Rice__Leaf_Scald,0.8245,0.113,0.7115,True,"[{""class"": ""Rice__Leaf_Scald"", ""confidence"": 0.8245}, {""class"": ""Rice__Leaf_Blast"", ""confidence"": 0.113}, {""class"": ""Rice__Bacterial_Leaf_Blight"", ""confidence"": 0.0614}]"
Rice__Leaf_Scald/0009.jpg,Rice__Leaf_Scald,Rice,Rice,False,True,Wheat,0.9994,0.0006,0.9988,True,"[{""class"": ""Wheat"", ""confidence"": 0.9994}, {""class"": ""Corn"", ""confidence"": 0.0006}, {""class"": ""Brassica"", ""confidence"": 0.0}]",rice,Rice__Narrow_Brown_Leaf_Spot,1.0,0.0,1.0,False,"[{""class"": ""Rice__Narrow_Brown_Leaf_Spot"", ""confidence"": 1.0}, {""class"": ""Rice__Brown_Spot"", ""confidence"": 0.0}, {""class"": ""Rice__Leaf_Blast"", ""confidence"": 0.0}]"
Rice__Leaf_Scald/0010.jpg,Rice__Leaf_Scald,Rice,Rice,False,True,Corn,0.8121,0.1879,0.6242,False,"[{""class"": ""Corn"", ""confidence"": 0.8121}, {""class"": ""Wheat"", ""confidence"": 0.1879}, {""class"": ""Brassica"", ""confidence"": 0.0}]",corn,Northern_Leaf_Blight,0.8046,0.1607,0.6439,False,"[{""class"": ""Northern_Leaf_Blight"", ""confidence"": 0.8046}, {""class"": ""Common_Rust"", ""confidence"": 0.1607}, {""class"": ""Gray_Leaf_Spot"", ""confidence"": 0.0266}]"
Rice__Narrow_Brown_Leaf_Spot/0001.jpg,Rice__Narrow_Brown_Leaf_Spot,Rice,Rice,False,True,Wheat,0.5682,0.4318,0.1364,True,"[{""class"": ""Wheat"", ""confidence"": 0.5682}, {""class"": ""Corn"", ""confidence"": 0.4318}, {""class"": ""Brassica"", ""confidence"": 0.0}]",rice,Rice__Narrow_Brown_Leaf_Spot,0.9999,0.0001,0.9998,True,"[{""class"": ""Rice__Narrow_Brown_Leaf_Spot"", ""confidence"": 0.9999}, {""class"": ""Rice__Leaf_Blast"", ""confidence"": 0.0001}, {""class"": ""Rice__Brown_Spot"", ""confidence"": 0.0}]"
Rice__Narrow_Brown_Leaf_Spot/0002.jpg,Rice__Narrow_Brown_Leaf_Spot,Rice,Rice,False,True,Wheat,0.9999,0.0001,0.9998,True,"[{""class"": ""Wheat"", ""confidence"": 0.9999}, {""class"": ""Corn"", ""confidence"": 0.0001}, {""class"": ""Solanacea"", ""confidence"": 0.0}]",rice,Rice__Narrow_Brown_Leaf_Spot,0.9999,0.0001,0.9998,True,"[{""class"": ""Rice__Narrow_Brown_Leaf_Spot"", ""confidence"": 0.9999}, {""class"": ""Rice__Brown_Spot"", ""confidence"": 0.0001}, {""class"": ""Rice__Sheath_Blight"", ""confidence"": 0.0}]"
Rice__Narrow_Brown_Leaf_Spot/0003.jpg,Rice__Narrow_Brown_Leaf_Spot,Rice,Rice,False,True,Wheat,0.9947,0.0034,0.9913,True,"[{""class"": ""Wheat"", ""confidence"": 0.9947}, {""class"": ""GourdGuava"", ""confidence"": 0.0034}, {""class"": ""Corn"", ""confidence"": 0.0017}]",rice,Rice__Narrow_Brown_Leaf_Spot,0.997,0.0024,0.9946,True,"[{""class"": ""Rice__Narrow_Brown_Leaf_Spot"", ""confidence"": 0.997}, {""class"": ""Rice__Sheath_Blight"", ""confidence"": 0.0024}, {""class"": ""Rice__Leaf_Blast"", ""confidence"": 0.0005}]"
Rice__Narrow_Brown_Leaf_Spot/0004.jpg,Rice__Narrow_Brown_Leaf_Spot,Rice,Rice,False,True,Wheat,0.9999,0.0001,0.9998,True,"[{""class"": ""Wheat"", ""confidence"": 0.9999}, {""class"": ""Corn"", ""confidence"": 0.0001}, {""class"": ""GourdGuava"", ""confidence"": 0.0}]",rice,Rice__Narrow_Brown_Leaf_Spot,0.9995,0.0005,0.999,True,"[{""class"": ""Rice__Narrow_Brown_Leaf_Spot"", ""confidence"": 0.9995}, {""class"": ""Rice__Bacterial_Leaf_Blight"", ""confidence"": 0.0005}, {""class"": ""Rice__Leaf_Blast"", ""confidence"": 0.0}]"
Rice__Narrow_Brown_Leaf_Spot/0005.jpg,Rice__Narrow_Brown_Leaf_Spot,Rice,Rice,False,True,Corn,0.9993,0.0007,0.9986,False,"[{""class"": ""Corn"", ""confidence"": 0.9993}, {""class"": ""Wheat"", ""confidence"": 0.0007}, {""class"": ""Brassica"", ""confidence"": 0.0}]",corn,Northern_Leaf_Blight,0.3961,0.229,0.1671,False,"[{""class"": ""Northern_Leaf_Blight"", ""confidence"": 0.3961}, {""class"": ""Common_Rust"", ""confidence"": 0.229}, {""class"": ""Gray_Leaf_Spot"", ""confidence"": 0.2105}]"
Rice__Narrow_Brown_Leaf_Spot/0006.jpg,Rice__Narrow_Brown_Leaf_Spot,Rice,Rice,False,True,Wheat,0.9999,0.0001,0.9998,True,"[{""class"": ""Wheat"", ""confidence"": 0.9999}, {""class"": ""Corn"", ""confidence"": 0.0001}, {""class"": ""GourdGuava"", ""confidence"": 0.0}]",rice,Rice__Narrow_Brown_Leaf_Spot,0.9891,0.0083,0.9808,True,"[{""class"": ""Rice__Narrow_Brown_Leaf_Spot"", ""confidence"": 0.9891}, {""class"": ""Rice__Sheath_Blight"", ""confidence"": 0.0083}, {""class"": ""Rice__Bacterial_Leaf_Blight"", ""confidence"": 0.0021}]"
Rice__Narrow_Brown_Leaf_Spot/0007.jpg,Rice__Narrow_Brown_Leaf_Spot,Rice,Rice,False,True,Wheat,0.8893,0.1107,0.7786,True,"[{""class"": ""Wheat"", ""confidence"": 0.8893}, {""class"": ""Corn"", ""confidence"": 0.1107}, {""class"": ""Brassica"", ""confidence"": 0.0}]",rice,Rice__Narrow_Brown_Leaf_Spot,1.0,0.0,1.0,True,"[{""class"": ""Rice__Narrow_Brown_Leaf_Spot"", ""confidence"": 1.0}, {""class"": ""Rice__Sheath_Blight"", ""confidence"": 0.0}, {""class"": ""Rice__Brown_Spot"", ""confidence"": 0.0}]"
Rice__Narrow_Brown_Leaf_Spot/0008.jpg,Rice__Narrow_Brown_Leaf_Spot,Rice,Rice,False,True,Wheat,0.882,0.118,0.764,True,"[{""class"": ""Wheat"", ""confidence"": 0.882}, {""class"": ""Corn"", ""confidence"": 0.118}, {""class"": ""Brassica"", ""confidence"": 0.0}]",rice,Rice__Narrow_Brown_Leaf_Spot,1.0,0.0,1.0,True,"[{""class"": ""Rice__Narrow_Brown_Leaf_Spot"", ""confidence"": 1.0}, {""class"": ""Rice__Bacterial_Leaf_Blight"", ""confidence"": 0.0}, {""class"": ""Rice__Leaf_Blast"", ""confidence"": 0.0}]"
Rice__Narrow_Brown_Leaf_Spot/0009.jpg,Rice__Narrow_Brown_Leaf_Spot,Rice,Rice,False,True,Corn,0.7603,0.2396,0.5207,False,"[{""class"": ""Corn"", ""confidence"": 0.7603}, {""class"": ""Wheat"", ""confidence"": 0.2396}, {""class"": ""Solanacea"", ""confidence"": 0.0}]",corn,Northern_Leaf_Blight,0.7456,0.1462,0.5994,False,"[{""class"": ""Northern_Leaf_Blight"", ""confidence"": 0.7456}, {""class"": ""Gray_Leaf_Spot"", ""confidence"": 0.1462}, {""class"": ""Common_Rust"", ""confidence"": 0.1061}]"
Rice__Narrow_Brown_Leaf_Spot/0010.jpg,Rice__Narrow_Brown_Leaf_Spot,Rice,Rice,False,True,Wheat,1.0,0.0,1.0,True,"[{""class"": ""Wheat"", ""confidence"": 1.0}, {""class"": ""Corn"", ""confidence"": 0.0}, {""class"": ""GourdGuava"", ""confidence"": 0.0}]",rice,Rice__Narrow_Brown_Leaf_Spot,0.9988,0.0012,0.9976,True,"[{""class"": ""Rice__Narrow_Brown_Leaf_Spot"", ""confidence"": 0.9988}, {""class"": ""Rice__Brown_Spot"", ""confidence"": 0.0012}, {""class"": ""Rice__Leaf_Blast"", ""confidence"": 0.0}]"
Rice__Rice_Hispa/0001.jpg,Rice__Rice_Hispa,Rice,Rice,False,True,Wheat,0.8399,0.1601,0.6798,True,"[{""class"": ""Wheat"", ""confidence"": 0.8399}, {""class"": ""Corn"", ""confidence"": 0.1601}, {""class"": ""GourdGuava"", ""confidence"": 0.0}]",rice,Rice__Rice_Hispa,1.0,0.0,1.0,True,"[{""class"": ""Rice__Rice_Hispa"", ""confidence"": 1.0}, {""class"": ""Rice__Sheath_Blight"", ""confidence"": 0.0}, {""class"": ""Rice__Narrow_Brown_Leaf_Spot"", ""confidence"": 0.0}]"
Rice__Rice_Hispa/0002.jpg,Rice__Rice_Hispa,Rice,Rice,False,True,Wheat,0.9997,0.0002,0.9995,True,"[{""class"": ""Wheat"", ""confidence"": 0.9997}, {""class"": ""Corn"", ""confidence"": 0.0002}, {""class"": ""GourdGuava"", ""confidence"": 0.0}]",rice,Rice__Rice_Hispa,0.997,0.003,0.994,True,"[{""class"": ""Rice__Rice_Hispa"", ""confidence"": 0.997}, {""class"": ""Rice__Sheath_Blight"", ""confidence"": 0.003}, {""class"": ""Rice__Narrow_Brown_Leaf_Spot"", ""confidence"": 0.0}]"
Rice__Rice_Hispa/0003.jpg,Rice__Rice_Hispa,Rice,Rice,False,True,Wheat,0.7918,0.2082,0.5836,True,"[{""class"": ""Wheat"", ""confidence"": 0.7918}, {""class"": ""Corn"", ""confidence"": 0.2082}, {""class"": ""Brassica"", ""confidence"": 0.0}]",rice,Rice__Rice_Hispa,1.0,0.0,1.0,True,"[{""class"": ""Rice__Rice_Hispa"", ""confidence"": 1.0}, {""class"": ""Rice__Sheath_Blight"", ""confidence"": 0.0}, {""class"": ""Rice__Leaf_Blast"", ""confidence"": 0.0}]"
Rice__Rice_Hispa/0004.jpg,Rice__Rice_Hispa,Rice,Rice,False,True,Wheat,0.9612,0.0387,0.9225,True,"[{""class"": ""Wheat"", ""confidence"": 0.9612}, {""class"": ""Corn"", ""confidence"": 0.0387}, {""class"": ""GourdGuava"", ""confidence"": 0.0}]",rice,Rice__Rice_Hispa,0.9581,0.0373,0.9208,True,"[{""class"": ""Rice__Rice_Hispa"", ""confidence"": 0.9581}, {""class"": ""Rice__Healthy_Leaf"", ""confidence"": 0.0373}, {""class"": ""Rice__Sheath_Blight"", ""confidence"": 0.0014}]"
Rice__Rice_Hispa/0005.jpg,Rice__Rice_Hispa,Rice,Rice,False,True,Corn,0.6588,0.3153,0.3435,False,"[{""class"": ""Corn"", ""confidence"": 0.6588}, {""class"": ""Wheat"", ""confidence"": 0.3153}, {""class"": ""Brassica"", ""confidence"": 0.0228}]",corn,Gray_Leaf_Spot,0.7621,0.2131,0.549,False,"[{""class"": ""Gray_Leaf_Spot"", ""confidence"": 0.7621}, {""class"": ""Northern_Leaf_Blight"", ""confidence"": 0.2131}, {""class"": ""Healthy"", ""confidence"": 0.0127}]"
Rice__Rice_Hispa/0006.jpg,Rice__Rice_Hispa,Rice,Rice,False,True,Wheat,0.587,0.413,0.174,True,"[{""class"": ""Wheat"", ""confidence"": 0.587}, {""class"": ""Corn"", ""confidence"": 0.413}, {""class"": ""Brassica"", ""confidence"": 0.0}]",rice,Rice__Rice_Hispa,1.0,0.0,1.0,True,"[{""class"": ""Rice__Rice_Hispa"", ""confidence"": 1.0}, {""class"": ""Rice__Leaf_Scald"", ""confidence"": 0.0}, {""class"": ""Rice__Sheath_Blight"", ""confidence"": 0.0}]"
Rice__Rice_Hispa/0007.jpg,Rice__Rice_Hispa,Rice,Rice,False,True,Corn,0.9989,0.0011,0.9978,False,"[{""class"": ""Corn"", ""confidence"": 0.9989}, {""class"": ""Wheat"", ""confidence"": 0.0011}, {""class"": ""Brassica"", ""confidence"": 0.0}]",corn,Gray_Leaf_Spot,0.9916,0.006,0.9856,False,"[{""class"": ""Gray_Leaf_Spot"", ""confidence"": 0.9916}, {""class"": ""Common_Rust"", ""confidence"": 0.006}, {""class"": ""Healthy"", ""confidence"": 0.0013}]"
Rice__Rice_Hispa/0008.jpg,Rice__Rice_Hispa,Rice,Rice,False,True,Wheat,1.0,0.0,1.0,True,"[{""class"": ""Wheat"", ""confidence"": 1.0}, {""class"": ""Corn"", ""confidence"": 0.0}, {""class"": ""GourdGuava"", ""confidence"": 0.0}]",rice,Rice__Rice_Hispa,1.0,0.0,1.0,True,"[{""class"": ""Rice__Rice_Hispa"", ""confidence"": 1.0}, {""class"": ""Rice__Leaf_Scald"", ""confidence"": 0.0}, {""class"": ""Rice__Sheath_Blight"", ""confidence"": 0.0}]"
Rice__Rice_Hispa/0009.jpg,Rice__Rice_Hispa,Rice,Rice,False,True,Wheat,0.8551,0.1449,0.7102,True,"[{""class"": ""Wheat"", ""confidence"": 0.8551}, {""class"": ""Corn"", ""confidence"": 0.1449}, {""class"": ""Brassica"", ""confidence"": 0.0}]",rice,Rice__Rice_Hispa,1.0,0.0,1.0,True,"[{""class"": ""Rice__Rice_Hispa"", ""confidence"": 1.0}, {""class"": ""Rice__Leaf_Scald"", ""confidence"": 0.0}, {""class"": ""Rice__Sheath_Blight"", ""confidence"": 0.0}]"
Rice__Rice_Hispa/0010.jpg,Rice__Rice_Hispa,Rice,Rice,False,True,Corn,0.7382,0.2617,0.4765,False,"[{""class"": ""Corn"", ""confidence"": 0.7382}, {""class"": ""Wheat"", ""confidence"": 0.2617}, {""class"": ""Brassica"", ""confidence"": 0.0001}]",corn,Gray_Leaf_Spot,0.5298,0.4695,0.0603,False,"[{""class"": ""Gray_Leaf_Spot"", ""confidence"": 0.5298}, {""class"": ""Northern_Leaf_Blight"", ""confidence"": 0.4695}, {""class"": ""Common_Rust"", ""confidence"": 0.0007}]"
Rice__Sheath_Blight/0001.jpg,Rice__Sheath_Blight,Rice,Rice,False,True,Wheat,1.0,0.0,1.0,True,"[{""class"": ""Wheat"", ""confidence"": 1.0}, {""class"": ""Corn"", ""confidence"": 0.0}, {""class"": ""Solanacea"", ""confidence"": 0.0}]",rice,Rice__Sheath_Blight,1.0,0.0,1.0,True,"[{""class"": ""Rice__Sheath_Blight"", ""confidence"": 1.0}, {""class"": ""Rice__Bacterial_Leaf_Blight"", ""confidence"": 0.0}, {""class"": ""Rice__Rice_Hispa"", ""confidence"": 0.0}]"
Rice__Sheath_Blight/0002.jpg,Rice__Sheath_Blight,Rice,Rice,False,True,Wheat,1.0,0.0,1.0,True,"[{""class"": ""Wheat"", ""confidence"": 1.0}, {""class"": ""GourdGuava"", ""confidence"": 0.0}, {""class"": ""Corn"", ""confidence"": 0.0}]",rice,Rice__Sheath_Blight,1.0,0.0,1.0,True,"[{""class"": ""Rice__Sheath_Blight"", ""confidence"": 1.0}, {""class"": ""Rice__Leaf_Blast"", ""confidence"": 0.0}, {""class"": ""Rice__Bacterial_Leaf_Blight"", ""confidence"": 0.0}]"
Rice__Sheath_Blight/0003.jpg,Rice__Sheath_Blight,Rice,Rice,False,True,Wheat,0.9998,0.0001,0.9997,True,"[{""class"": ""Wheat"", ""confidence"": 0.9998}, {""class"": ""Corn"", ""confidence"": 0.0001}, {""class"": ""GourdGuava"", ""confidence"": 0.0001}]",wheat,Leaf Rust,0.972,0.0213,0.9507,False,"[{""class"": ""Leaf Rust"", ""confidence"": 0.972}, {""class"": ""Stripe Rust"", ""confidence"": 0.0213}, {""class"": ""Powdery Mildew"", ""confidence"": 0.0056}]"
Rice__Sheath_Blight/0004.jpg,Rice__Sheath_Blight,Rice,Rice,False,True,Wheat,0.6193,0.3797,0.2396,True,"[{""class"": ""Wheat"", ""confidence"": 0.6193}, {""class"": ""Corn"", ""confidence"": 0.3797}, {""class"": ""Brassica"", ""confidence"": 0.001}]",rice,Rice__Sheath_Blight,0.9988,0.0012,0.9976,True,"[{""class"": ""Rice__Sheath_Blight"", ""confidence"": 0.9988}, {""class"": ""Rice__Rice_Hispa"", ""confidence"": 0.0012}, {""class"": ""Rice__Narrow_Brown_Leaf_Spot"", ""confidence"": 0.0}]"
Rice__Sheath_Blight/0005.jpg,Rice__Sheath_Blight,Rice,Rice,False,True,Wheat,0.8689,0.1196,0.7493,True,"[{""class"": ""Wheat"", ""confidence"": 0.8689}, {""class"": ""Corn"", ""confidence"": 0.1196}, {""class"": ""Brassica"", ""confidence"": 0.0088}]",rice,Rice__Sheath_Blight,1.0,0.0,1.0,True,"[{""class"": ""Rice__Sheath_Blight"", ""confidence"": 1.0}, {""class"": ""Rice__Leaf_Blast"", ""confidence"": 0.0}, {""class"": ""Rice__Leaf_Scald"", ""confidence"": 0.0}]"
Rice__Sheath_Blight/0006.jpg,Rice__Sheath_Blight,Rice,Rice,False,True,Wheat,0.6952,0.2831,0.4121,True,"[{""class"": ""Wheat"", ""confidence"": 0.6952}, {""class"": ""Corn"", ""confidence"": 0.2831}, {""class"": ""Brassica"", ""confidence"": 0.0213}]",rice,Rice__Sheath_Blight,1.0,0.0,1.0,True,"[{""class"": ""Rice__Sheath_Blight"", ""confidence"": 1.0}, {""class"": ""Rice__Leaf_Blast"", ""confidence"": 0.0}, {""class"": ""Rice__Rice_Hispa"", ""confidence"": 0.0}]"
Rice__Sheath_Blight/0007.jpg,Rice__Sheath_Blight,Rice,Rice,False,True,Brassica,0.3989,0.3612,0.0377,False,"[{""class"": ""Brassica"", ""confidence"": 0.3989}, {""class"": ""Corn"", ""confidence"": 0.3612}, {""class"": ""Wheat"", ""confidence"": 0.1644}]",brassica,Cauliflower__Downy_Mildew,0.9479,0.0508,0.8971,False,"[{""class"": ""Cauliflower__Downy_Mildew"", ""confidence"": 0.9479}, {""class"": ""Cauliflower__Healthy"", ""confidence"": 0.0508}, {""class"": ""Cauliflower__Bacterial_Spot"", ""confidence"": 0.0005}]"
Rice__Sheath_Blight/0008.jpg,Rice__Sheath_Blight,Rice,Rice,False,True,Wheat,0.9954,0.0033,0.9921,True,"[{""class"": ""Wheat"", ""confidence"": 0.9954}, {""class"": ""GourdGuava"", ""confidence"": 0.0033}, {""class"": ""Brassica"", ""confidence"": 0.0009}]",rice,Rice__Sheath_Blight,1.0,0.0,1.0,True,"[{""class"": ""Rice__Sheath_Blight"", ""confidence"": 1.0}, {""class"": ""Rice__Brown_Spot"", ""confidence"": 0.0}, {""class"": ""Rice__Rice_Hispa"", ""confidence"": 0.0}]"
Rice__Sheath_Blight/0009.jpg,Rice__Sheath_Blight,Rice,Rice,False,True,Wheat,0.9997,0.0003,0.9994,True,"[{""class"": ""Wheat"", ""confidence"": 0.9997}, {""class"": ""Corn"", ""confidence"": 0.0003}, {""class"": ""Brassica"", ""confidence"": 0.0}]",rice,Rice__Sheath_Blight,0.4862,0.3534,0.1328,True,"[{""class"": ""Rice__Sheath_Blight"", ""confidence"": 0.4862}, {""class"": ""Rice__Bacterial_Leaf_Blight"", ""confidence"": 0.3534}, {""class"": ""Rice__Leaf_Scald"", ""confidence"": 0.1338}]"
Rice__Sheath_Blight/0010.jpg,Rice__Sheath_Blight,Rice,Rice,False,True,Wheat,0.999,0.001,0.998,True,"[{""class"": ""Wheat"", ""confidence"": 0.999}, {""class"": ""Corn"", ""confidence"": 0.001}, {""class"": ""Brassica"", ""confidence"": 0.0}]",rice,Rice__Sheath_Blight,1.0,0.0,1.0,True,"[{""class"": ""Rice__Sheath_Blight"", ""confidence"": 1.0}, {""class"": ""Rice__Narrow_Brown_Leaf_Spot"", ""confidence"": 0.0}, {""class"": ""Rice__Bacterial_Leaf_Blight"", ""confidence"": 0.0}]"
Tomato__Bacterial_Spot/0001.jpg,Tomato__Bacterial_Spot,Tomato,Solanacea,False,True,Solanacea,0.7322,0.2677,0.4645,True,"[{""class"": ""Solanacea"", ""confidence"": 0.7322}, {""class"": ""Potato"", ""confidence"": 0.2677}, {""class"": ""GourdGuava"", ""confidence"": 0.0001}]",none,none,0.0,0.0,0.0,False,
Tomato__Bacterial_Spot/0002.jpg,Tomato__Bacterial_Spot,Tomato,Solanacea,False,True,Potato,0.965,0.035,0.93,False,"[{""class"": ""Potato"", ""confidence"": 0.965}, {""class"": ""Solanacea"", ""confidence"": 0.035}, {""class"": ""Brassica"", ""confidence"": 0.0}]",potato,Potato__Early_Blight,0.9833,0.0167,0.9666,False,"[{""class"": ""Potato__Early_Blight"", ""confidence"": 0.9833}, {""class"": ""Potato__Late_Blight"", ""confidence"": 0.0167}, {""class"": ""Potato__Healthy_Leaf"", ""confidence"": 0.0001}]"
Tomato__Bacterial_Spot/0003.jpg,Tomato__Bacterial_Spot,Tomato,Solanacea,False,True,Solanacea,0.6165,0.3621,0.2544,True,"[{""class"": ""Solanacea"", ""confidence"": 0.6165}, {""class"": ""Potato"", ""confidence"": 0.3621}, {""class"": ""GourdGuava"", ""confidence"": 0.0209}]",none,none,0.0,0.0,0.0,False,
Tomato__Bacterial_Spot/0004.jpg,Tomato__Bacterial_Spot,Tomato,Solanacea,False,True,Solanacea,0.9593,0.0339,0.9254,True,"[{""class"": ""Solanacea"", ""confidence"": 0.9593}, {""class"": ""Wheat"", ""confidence"": 0.0339}, {""class"": ""Potato"", ""confidence"": 0.0064}]",none,none,0.0,0.0,0.0,False,
Tomato__Bacterial_Spot/0005.jpg,Tomato__Bacterial_Spot,Tomato,Solanacea,False,True,Potato,0.4587,0.2978,0.1609,False,"[{""class"": ""Potato"", ""confidence"": 0.4587}, {""class"": ""GourdGuava"", ""confidence"": 0.2978}, {""class"": ""Wheat"", ""confidence"": 0.1391}]",potato,Potato__Early_Blight,0.9987,0.0013,0.9974,False,"[{""class"": ""Potato__Early_Blight"", ""confidence"": 0.9987}, {""class"": ""Potato__Late_Blight"", ""confidence"": 0.0013}, {""class"": ""Potato__Healthy_Leaf"", ""confidence"": 0.0}]"
Tomato__Bacterial_Spot/0006.jpg,Tomato__Bacterial_Spot,Tomato,Solanacea,False,True,Solanacea,0.9986,0.0014,0.9972,True,"[{""class"": ""Solanacea"", ""confidence"": 0.9986}, {""class"": ""Potato"", ""confidence"": 0.0014}, {""class"": ""Brassica"", ""confidence"": 0.0}]",none,none,0.0,0.0,0.0,False,
Tomato__Bacterial_Spot/0007.jpg,Tomato__Bacterial_Spot,Tomato,Solanacea,False,True,Wheat,0.6438,0.227,0.4168,False,"[{""class"": ""Wheat"", ""confidence"": 0.6438}, {""class"": ""Solanacea"", ""confidence"": 0.227}, {""class"": ""Potato"", ""confidence"": 0.0692}]",wheat,Healthy,0.8345,0.1208,0.7137,False,"[{""class"": ""Healthy"", ""confidence"": 0.8345}, {""class"": ""Blast"", ""confidence"": 0.1208}, {""class"": ""Stripe Rust"", ""confidence"": 0.017}]"
Tomato__Bacterial_Spot/0008.jpg,Tomato__Bacterial_Spot,Tomato,Solanacea,False,True,Potato,1.0,0.0,1.0,False,"[{""class"": ""Potato"", ""confidence"": 1.0}, {""class"": ""Solanacea"", ""confidence"": 0.0}, {""class"": ""GourdGuava"", ""confidence"": 0.0}]",potato,Potato__Early_Blight,1.0,0.0,1.0,False,"[{""class"": ""Potato__Early_Blight"", ""confidence"": 1.0}, {""class"": ""Potato__Late_Blight"", ""confidence"": 0.0}, {""class"": ""Potato__Healthy_Leaf"", ""confidence"": 0.0}]"
Tomato__Bacterial_Spot/0009.jpg,Tomato__Bacterial_Spot,Tomato,Solanacea,False,True,Potato,0.8466,0.1043,0.7423,False,"[{""class"": ""Potato"", ""confidence"": 0.8466}, {""class"": ""GourdGuava"", ""confidence"": 0.1043}, {""class"": ""Solanacea"", ""confidence"": 0.0475}]",potato,Potato__Early_Blight,1.0,0.0,1.0,False,"[{""class"": ""Potato__Early_Blight"", ""confidence"": 1.0}, {""class"": ""Potato__Late_Blight"", ""confidence"": 0.0}, {""class"": ""Potato__Healthy_Leaf"", ""confidence"": 0.0}]"
Tomato__Bacterial_Spot/0010.jpg,Tomato__Bacterial_Spot,Tomato,Solanacea,False,True,Potato,0.9995,0.0004,0.9991,False,"[{""class"": ""Potato"", ""confidence"": 0.9995}, {""class"": ""Solanacea"", ""confidence"": 0.0004}, {""class"": ""Brassica"", ""confidence"": 0.0001}]",potato,Potato__Late_Blight,0.8825,0.1174,0.7651,False,"[{""class"": ""Potato__Late_Blight"", ""confidence"": 0.8825}, {""class"": ""Potato__Early_Blight"", ""confidence"": 0.1174}, {""class"": ""Potato__Healthy_Leaf"", ""confidence"": 0.0}]"
Tomato__Early_Blight/0001.jpg,Tomato__Early_Blight,Tomato,Solanacea,False,True,Solanacea,0.8799,0.0868,0.7931,True,"[{""class"": ""Solanacea"", ""confidence"": 0.8799}, {""class"": ""Potato"", ""confidence"": 0.0868}, {""class"": ""Brassica"", ""confidence"": 0.0264}]",none,none,0.0,0.0,0.0,False,
Tomato__Early_Blight/0002.jpg,Tomato__Early_Blight,Tomato,Solanacea,False,True,Solanacea,0.9861,0.0126,0.9735,True,"[{""class"": ""Solanacea"", ""confidence"": 0.9861}, {""class"": ""GourdGuava"", ""confidence"": 0.0126}, {""class"": ""Potato"", ""confidence"": 0.0012}]",none,none,0.0,0.0,0.0,False,
Tomato__Early_Blight/0003.jpg,Tomato__Early_Blight,Tomato,Solanacea,False,True,Potato,1.0,0.0,1.0,False,"[{""class"": ""Potato"", ""confidence"": 1.0}, {""class"": ""Brassica"", ""confidence"": 0.0}, {""class"": ""Solanacea"", ""confidence"": 0.0}]",potato,Potato__Early_Blight,0.981,0.019,0.962,False,"[{""class"": ""Potato__Early_Blight"", ""confidence"": 0.981}, {""class"": ""Potato__Late_Blight"", ""confidence"": 0.019}, {""class"": ""Potato__Healthy_Leaf"", ""confidence"": 0.0}]"
Tomato__Early_Blight/0004.jpg,Tomato__Early_Blight,Tomato,Solanacea,False,True,GourdGuava,0.9945,0.0055,0.989,False,"[{""class"": ""GourdGuava"", ""confidence"": 0.9945}, {""class"": ""Solanacea"", ""confidence"": 0.0055}, {""class"": ""Potato"", ""confidence"": 0.0}]",none,none,0.0,0.0,0.0,False,
Tomato__Early_Blight/0005.jpg,Tomato__Early_Blight,Tomato,Solanacea,False,True,Potato,0.7121,0.2862,0.4259,False,"[{""class"": ""Potato"", ""confidence"": 0.7121}, {""class"": ""Solanacea"", ""confidence"": 0.2862}, {""class"": ""Brassica"", ""confidence"": 0.0011}]",potato,Potato__Early_Blight,0.9599,0.0401,0.9198,False,"[{""class"": ""Potato__Early_Blight"", ""confidence"": 0.9599}, {""class"": ""Potato__Late_Blight"", ""confidence"": 0.0401}, {""class"": ""Potato__Healthy_Leaf"", ""confidence"": 0.0}]"
Tomato__Early_Blight/0006.jpg,Tomato__Early_Blight,Tomato,Solanacea,False,True,GourdGuava,0.8816,0.1182,0.7634,False,"[{""class"": ""GourdGuava"", ""confidence"": 0.8816}, {""class"": ""Solanacea"", ""confidence"": 0.1182}, {""class"": ""Wheat"", ""confidence"": 0.0002}]",none,none,0.0,0.0,0.0,False,
Tomato__Early_Blight/0007.jpg,Tomato__Early_Blight,Tomato,Solanacea,False,True,Solanacea,0.6089,0.3847,0.2242,True,"[{""class"": ""Solanacea"", ""confidence"": 0.6089}, {""class"": ""Potato"", ""confidence"": 0.3847}, {""class"": ""Wheat"", ""confidence"": 0.006}]",none,none,0.0,0.0,0.0,False,
Tomato__Early_Blight/0008.jpg,Tomato__Early_Blight,Tomato,Solanacea,False,True,Potato,1.0,0.0,1.0,False,"[{""class"": ""Potato"", ""confidence"": 1.0}, {""class"": ""Brassica"", ""confidence"": 0.0}, {""class"": ""Solanacea"", ""confidence"": 0.0}]",potato,Potato__Early_Blight,0.9929,0.0071,0.9858,False,"[{""class"": ""Potato__Early_Blight"", ""confidence"": 0.9929}, {""class"": ""Potato__Late_Blight"", ""confidence"": 0.0071}, {""class"": ""Potato__Healthy_Leaf"", ""confidence"": 0.0}]"
Tomato__Early_Blight/0009.jpg,Tomato__Early_Blight,Tomato,Solanacea,False,True,Potato,0.7877,0.0986,0.6891,False,"[{""class"": ""Potato"", ""confidence"": 0.7877}, {""class"": ""GourdGuava"", ""confidence"": 0.0986}, {""class"": ""Solanacea"", ""confidence"": 0.0973}]",potato,Potato__Late_Blight,1.0,0.0,1.0,False,"[{""class"": ""Potato__Late_Blight"", ""confidence"": 1.0}, {""class"": ""Potato__Early_Blight"", ""confidence"": 0.0}, {""class"": ""Potato__Healthy_Leaf"", ""confidence"": 0.0}]"
Tomato__Early_Blight/0010.jpg,Tomato__Early_Blight,Tomato,Solanacea,False,True,Potato,0.9999,0.0001,0.9998,False,"[{""class"": ""Potato"", ""confidence"": 0.9999}, {""class"": ""GourdGuava"", ""confidence"": 0.0001}, {""class"": ""Solanacea"", ""confidence"": 0.0}]",potato,Potato__Early_Blight,0.8992,0.1008,0.7984,False,"[{""class"": ""Potato__Early_Blight"", ""confidence"": 0.8992}, {""class"": ""Potato__Late_Blight"", ""confidence"": 0.1008}, {""class"": ""Potato__Healthy_Leaf"", ""confidence"": 0.0}]"
Tomato__Healthy_Leaf/0001.jpg,Tomato__Healthy_Leaf,Tomato,Solanacea,False,True,Solanacea,0.9998,0.0002,0.9996,True,"[{""class"": ""Solanacea"", ""confidence"": 0.9998}, {""class"": ""Potato"", ""confidence"": 0.0002}, {""class"": ""GourdGuava"", ""confidence"": 0.0}]",none,none,0.0,0.0,0.0,False,
Tomato__Healthy_Leaf/0002.jpg,Tomato__Healthy_Leaf,Tomato,Solanacea,False,True,Potato,1.0,0.0,1.0,False,"[{""class"": ""Potato"", ""confidence"": 1.0}, {""class"": ""GourdGuava"", ""confidence"": 0.0}, {""class"": ""Solanacea"", ""confidence"": 0.0}]",potato,Potato__Early_Blight,0.7312,0.2641,0.4671,False,"[{""class"": ""Potato__Early_Blight"", ""confidence"": 0.7312}, {""class"": ""Potato__Late_Blight"", ""confidence"": 0.2641}, {""class"": ""Potato__Healthy_Leaf"", ""confidence"": 0.0047}]"
Tomato__Healthy_Leaf/0003.jpg,Tomato__Healthy_Leaf,Tomato,Solanacea,False,True,Wheat,0.9908,0.0027,0.9881,False,"[{""class"": ""Wheat"", ""confidence"": 0.9908}, {""class"": ""Solanacea"", ""confidence"": 0.0027}, {""class"": ""Potato"", ""confidence"": 0.0026}]",wheat,Healthy,0.6459,0.3118,0.3341,False,"[{""class"": ""Healthy"", ""confidence"": 0.6459}, {""class"": ""Powdery Mildew"", ""confidence"": 0.3118}, {""class"": ""Blast"", ""confidence"": 0.0193}]"
Tomato__Healthy_Leaf/0004.jpg,Tomato__Healthy_Leaf,Tomato,Solanacea,False,True,Wheat,0.9994,0.0006,0.9988,False,"[{""class"": ""Wheat"", ""confidence"": 0.9994}, {""class"": ""GourdGuava"", ""confidence"": 0.0006}, {""class"": ""Solanacea"", ""confidence"": 0.0001}]",wheat,Healthy,0.9999,0.0001,0.9998,False,"[{""class"": ""Healthy"", ""confidence"": 0.9999}, {""class"": ""Blast"", ""confidence"": 0.0001}, {""class"": ""Powdery Mildew"", ""confidence"": 0.0}]"
Tomato__Healthy_Leaf/0005.jpg,Tomato__Healthy_Leaf,Tomato,Solanacea,False,True,Brassica,0.4677,0.3909,0.0768,False,"[{""class"": ""Brassica"", ""confidence"": 0.4677}, {""class"": ""Solanacea"", ""confidence"": 0.3909}, {""class"": ""Wheat"", ""confidence"": 0.1143}]",brassica,Cauliflower__Bacterial_Spot,0.9832,0.0083,0.9749,False,"[{""class"": ""Cauliflower__Bacterial_Spot"", ""confidence"": 0.9832}, {""class"": ""Cauliflower__Bacterial_Soft_Rot"", ""confidence"": 0.0083}, {""class"": ""Cauliflower__Downy_Mildew"", ""confidence"": 0.0079}]"
Tomato__Healthy_Leaf/0006.jpg,Tomato__Healthy_Leaf,Tomato,Solanacea,False,True,Potato,0.9747,0.02,0.9547,False,"[{""class"": ""Potato"", ""confidence"": 0.9747}, {""class"": ""Solanacea"", ""confidence"": 0.02}, {""class"": ""Wheat"", ""confidence"": 0.005}]",potato,Potato__Early_Blight,0.9184,0.0812,0.8372,False,"[{""class"": ""Potato__Early_Blight"", ""confidence"": 0.9184}, {""class"": ""Potato__Late_Blight"", ""confidence"": 0.0812}, {""class"": ""Potato__Healthy_Leaf"", ""confidence"": 0.0004}]"
Tomato__Healthy_Leaf/0007.jpg,Tomato__Healthy_Leaf,Tomato,Solanacea,False,True,Solanacea,0.8489,0.0783,0.7706,True,"[{""class"": ""Solanacea"", ""confidence"": 0.8489}, {""class"": ""Potato"", ""confidence"": 0.0783}, {""class"": ""Wheat"", ""confidence"": 0.0707}]",none,none,0.0,0.0,0.0,False,
Tomato__Healthy_Leaf/0008.jpg,Tomato__Healthy_Leaf,Tomato,Solanacea,False,True,Potato,0.9999,0.0001,0.9998,False,"[{""class"": ""Potato"", ""confidence"": 0.9999}, {""class"": ""GourdGuava"", ""confidence"": 0.0001}, {""class"": ""Solanacea"", ""confidence"": 0.0}]",potato,Potato__Late_Blight,0.9996,0.0003,0.9993,False,"[{""class"": ""Potato__Late_Blight"", ""confidence"": 0.9996}, {""class"": ""Potato__Healthy_Leaf"", ""confidence"": 0.0003}, {""class"": ""Potato__Early_Blight"", ""confidence"": 0.0001}]"
Tomato__Healthy_Leaf/0009.jpg,Tomato__Healthy_Leaf,Tomato,Solanacea,False,True,Potato,0.9863,0.0136,0.9727,False,"[{""class"": ""Potato"", ""confidence"": 0.9863}, {""class"": ""Solanacea"", ""confidence"": 0.0136}, {""class"": ""GourdGuava"", ""confidence"": 0.0001}]",potato,Potato__Early_Blight,0.6122,0.3202,0.292,False,"[{""class"": ""Potato__Early_Blight"", ""confidence"": 0.6122}, {""class"": ""Potato__Late_Blight"", ""confidence"": 0.3202}, {""class"": ""Potato__Healthy_Leaf"", ""confidence"": 0.0675}]"
Tomato__Healthy_Leaf/0010.jpg,Tomato__Healthy_Leaf,Tomato,Solanacea,False,True,GourdGuava,0.7302,0.1105,0.6197,False,"[{""class"": ""GourdGuava"", ""confidence"": 0.7302}, {""class"": ""Brassica"", ""confidence"": 0.1105}, {""class"": ""Wheat"", ""confidence"": 0.1105}]",none,none,0.0,0.0,0.0,False,
Tomato__Late_Blight/0001.jpg,Tomato__Late_Blight,Tomato,Solanacea,False,True,GourdGuava,0.8825,0.1129,0.7696,False,"[{""class"": ""GourdGuava"", ""confidence"": 0.8825}, {""class"": ""Solanacea"", ""confidence"": 0.1129}, {""class"": ""Potato"", ""confidence"": 0.0046}]",none,none,0.0,0.0,0.0,False,
Tomato__Late_Blight/0002.jpg,Tomato__Late_Blight,Tomato,Solanacea,False,True,Potato,1.0,0.0,1.0,False,"[{""class"": ""Potato"", ""confidence"": 1.0}, {""class"": ""Solanacea"", ""confidence"": 0.0}, {""class"": ""Brassica"", ""confidence"": 0.0}]",potato,Potato__Early_Blight,0.5319,0.4646,0.0673,False,"[{""class"": ""Potato__Early_Blight"", ""confidence"": 0.5319}, {""class"": ""Potato__Late_Blight"", ""confidence"": 0.4646}, {""class"": ""Potato__Healthy_Leaf"", ""confidence"": 0.0035}]"
Tomato__Late_Blight/0003.jpg,Tomato__Late_Blight,Tomato,Solanacea,False,True,Solanacea,0.9994,0.0006,0.9988,True,"[{""class"": ""Solanacea"", ""confidence"": 0.9994}, {""class"": ""Potato"", ""confidence"": 0.0006}, {""class"": ""GourdGuava"", ""confidence"": 0.0}]",none,none,0.0,0.0,0.0,False,
Tomato__Late_Blight/0004.jpg,Tomato__Late_Blight,Tomato,Solanacea,False,True,Potato,1.0,0.0,1.0,False,"[{""class"": ""Potato"", ""confidence"": 1.0}, {""class"": ""Solanacea"", ""confidence"": 0.0}, {""class"": ""Brassica"", ""confidence"": 0.0}]",potato,Potato__Late_Blight,0.9757,0.0207,0.955,False,"[{""class"": ""Potato__Late_Blight"", ""confidence"": 0.9757}, {""class"": ""Potato__Healthy_Leaf"", ""confidence"": 0.0207}, {""class"": ""Potato__Early_Blight"", ""confidence"": 0.0036}]"
Tomato__Late_Blight/0005.jpg,Tomato__Late_Blight,Tomato,Solanacea,False,True,Potato,0.9941,0.0056,0.9885,False,"[{""class"": ""Potato"", ""confidence"": 0.9941}, {""class"": ""Solanacea"", ""confidence"": 0.0056}, {""class"": ""Brassica"", ""confidence"": 0.0003}]",potato,Potato__Late_Blight,0.7755,0.2245,0.551,False,"[{""class"": ""Potato__Late_Blight"", ""confidence"": 0.7755}, {""class"": ""Potato__Early_Blight"", ""confidence"": 0.2245}, {""class"": ""Potato__Healthy_Leaf"", ""confidence"": 0.0}]"
Tomato__Late_Blight/0006.jpg,Tomato__Late_Blight,Tomato,Solanacea,False,True,Brassica,0.4721,0.2494,0.2227,False,"[{""class"": ""Brassica"", ""confidence"": 0.4721}, {""class"": ""GourdGuava"", ""confidence"": 0.2494}, {""class"": ""Solanacea"", ""confidence"": 0.2219}]",brassica,Cabbage__Downy_Mildew,0.2951,0.2693,0.0258,False,"[{""class"": ""Cabbage__Downy_Mildew"", ""confidence"": 0.2951}, {""class"": ""Cauliflower__Downy_Mildew"", ""confidence"": 0.2693}, {""class"": ""Cauliflower__Alternaria_Disease"", ""confidence"": 0.208}]"
Tomato__Late_Blight/0007.jpg,Tomato__Late_Blight,Tomato,Solanacea,False,True,Potato,0.8241,0.1755,0.6486,False,"[{""class"": ""Potato"", ""confidence"": 0.8241}, {""class"": ""Solanacea"", ""confidence"": 0.1755}, {""class"": ""Brassica"", ""confidence"": 0.0003}]",potato,Potato__Late_Blight,0.9999,0.0001,0.9998,False,"[{""class"": ""Potato__Late_Blight"", ""confidence"": 0.9999}, {""class"": ""Potato__Early_Blight"", ""confidence"": 0.0001}, {""class"": ""Potato__Healthy_Leaf"", ""confidence"": 0.0}]"
Tomato__Late_Blight/0008.jpg,Tomato__Late_Blight,Tomato,Solanacea,False,True,Potato,0.9981,0.0016,0.9965,False,"[{""class"": ""Potato"", ""confidence"": 0.9981}, {""class"": ""Solanacea"", ""confidence"": 0.0016}, {""class"": ""GourdGuava"", ""confidence"": 0.0003}]",potato,Potato__Late_Blight,0.9997,0.0002,0.9995,False,"[{""class"": ""Potato__Late_Blight"", ""confidence"": 0.9997}, {""class"": ""Potato__Healthy_Leaf"", ""confidence"": 0.0002}, {""class"": ""Potato__Early_Blight"", ""confidence"": 0.0001}]"
Tomato__Late_Blight/0009.jpg,Tomato__Late_Blight,Tomato,Solanacea,False,True,Potato,0.9919,0.008,0.9839,False,"[{""class"": ""Potato"", ""confidence"": 0.9919}, {""class"": ""Solanacea"", ""confidence"": 0.008}, {""class"": ""Brassica"", ""confidence"": 0.0}]",potato,Potato__Late_Blight,0.9857,0.0143,0.9714,False,"[{""class"": ""Potato__Late_Blight"", ""confidence"": 0.9857}, {""class"": ""Potato__Early_Blight"", ""confidence"": 0.0143}, {""class"": ""Potato__Healthy_Leaf"", ""confidence"": 0.0}]"
Tomato__Late_Blight/0010.jpg,Tomato__Late_Blight,Tomato,Solanacea,False,True,Potato,0.8891,0.1106,0.7785,False,"[{""class"": ""Potato"", ""confidence"": 0.8891}, {""class"": ""Solanacea"", ""confidence"": 0.1106}, {""class"": ""Brassica"", ""confidence"": 0.0002}]",potato,Potato__Early_Blight,0.8757,0.1243,0.7514,False,"[{""class"": ""Potato__Early_Blight"", ""confidence"": 0.8757}, {""class"": ""Potato__Late_Blight"", ""confidence"": 0.1243}, {""class"": ""Potato__Healthy_Leaf"", ""confidence"": 0.0}]"
Tomato__Mosaic_Virus/0001.jpg,Tomato__Mosaic_Virus,Tomato,Solanacea,False,True,Potato,0.6596,0.3282,0.3314,False,"[{""class"": ""Potato"", ""confidence"": 0.6596}, {""class"": ""Solanacea"", ""confidence"": 0.3282}, {""class"": ""Brassica"", ""confidence"": 0.0069}]",potato,Potato__Late_Blight,1.0,0.0,1.0,False,"[{""class"": ""Potato__Late_Blight"", ""confidence"": 1.0}, {""class"": ""Potato__Early_Blight"", ""confidence"": 0.0}, {""class"": ""Potato__Healthy_Leaf"", ""confidence"": 0.0}]"
Tomato__Mosaic_Virus/0002.jpg,Tomato__Mosaic_Virus,Tomato,Solanacea,False,True,Potato,0.9608,0.0355,0.9253,False,"[{""class"": ""Potato"", ""confidence"": 0.9608}, {""class"": ""Solanacea"", ""confidence"": 0.0355}, {""class"": ""Wheat"", ""confidence"": 0.0027}]",potato,Potato__Late_Blight,0.9999,0.0001,0.9998,False,"[{""class"": ""Potato__Late_Blight"", ""confidence"": 0.9999}, {""class"": ""Potato__Early_Blight"", ""confidence"": 0.0001}, {""class"": ""Potato__Healthy_Leaf"", ""confidence"": 0.0}]"
Tomato__Mosaic_Virus/0003.jpg,Tomato__Mosaic_Virus,Tomato,Solanacea,False,True,Potato,0.9975,0.0024,0.9951,False,"[{""class"": ""Potato"", ""confidence"": 0.9975}, {""class"": ""Solanacea"", ""confidence"": 0.0024}, {""class"": ""Wheat"", ""confidence"": 0.0}]",potato,Potato__Late_Blight,0.9926,0.0073,0.9853,False,"[{""class"": ""Potato__Late_Blight"", ""confidence"": 0.9926}, {""class"": ""Potato__Early_Blight"", ""confidence"": 0.0073}, {""class"": ""Potato__Healthy_Leaf"", ""confidence"": 0.0001}]"
Tomato__Mosaic_Virus/0004.jpg,Tomato__Mosaic_Virus,Tomato,Solanacea,False,True,GourdGuava,0.7555,0.2046,0.5509,False,"[{""class"": ""GourdGuava"", ""confidence"": 0.7555}, {""class"": ""Brassica"", ""confidence"": 0.2046}, {""class"": ""Wheat"", ""confidence"": 0.0237}]",none,none,0.0,0.0,0.0,False,
Tomato__Mosaic_Virus/0005.jpg,Tomato__Mosaic_Virus,Tomato,Solanacea,False,True,Solanacea,0.505,0.4931,0.0119,True,"[{""class"": ""Solanacea"", ""confidence"": 0.505}, {""class"": ""Potato"", ""confidence"": 0.4931}, {""class"": ""GourdGuava"", ""confidence"": 0.0017}]",none,none,0.0,0.0,0.0,False,
Tomato__Mosaic_Virus/0006.jpg,Tomato__Mosaic_Virus,Tomato,Solanacea,False,True,Potato,0.9717,0.0281,0.9436,False,"[{""class"": ""Potato"", ""confidence"": 0.9717}, {""class"": ""Solanacea"", ""confidence"": 0.0281}, {""class"": ""Brassica"", ""confidence"": 0.0002}]",potato,Potato__Late_Blight,0.9923,0.0073,0.985,False,"[{""class"": ""Potato__Late_Blight"", ""confidence"": 0.9923}, {""class"": ""Potato__Early_Blight"", ""confidence"": 0.0073}, {""class"": ""Potato__Healthy_Leaf"", ""confidence"": 0.0004}]"
Tomato__Mosaic_Virus/0007.jpg,Tomato__Mosaic_Virus,Tomato,Solanacea,False,True,Potato,0.9609,0.0382,0.9227,False,"[{""class"": ""Potato"", ""confidence"": 0.9609}, {""class"": ""Solanacea"", ""confidence"": 0.0382}, {""class"": ""Brassica"", ""confidence"": 0.0009}]",potato,Potato__Late_Blight,0.9928,0.0072,0.9856,False,"[{""class"": ""Potato__Late_Blight"", ""confidence"": 0.9928}, {""class"": ""Potato__Early_Blight"", ""confidence"": 0.0072}, {""class"": ""Potato__Healthy_Leaf"", ""confidence"": 0.0}]"
Tomato__Mosaic_Virus/0008.jpg,Tomato__Mosaic_Virus,Tomato,Solanacea,False,True,Solanacea,1.0,0.0,1.0,True,"[{""class"": ""Solanacea"", ""confidence"": 1.0}, {""class"": ""Potato"", ""confidence"": 0.0}, {""class"": ""GourdGuava"", ""confidence"": 0.0}]",none,none,0.0,0.0,0.0,False,
Tomato__Mosaic_Virus/0009.jpg,Tomato__Mosaic_Virus,Tomato,Solanacea,False,True,Wheat,0.4552,0.2759,0.1793,False,"[{""class"": ""Wheat"", ""confidence"": 0.4552}, {""class"": ""Solanacea"", ""confidence"": 0.2759}, {""class"": ""Potato"", ""confidence"": 0.2067}]",wheat,Blast,0.865,0.132,0.733,False,"[{""class"": ""Blast"", ""confidence"": 0.865}, {""class"": ""Stem Rust"", ""confidence"": 0.132}, {""class"": ""Healthy"", ""confidence"": 0.0018}]"
Cauliflower__Bacterial_Spot/0001.png,Cauliflower__Bacterial_Spot,Cauliflower,Brassica,False,True,Brassica,0.9959,0.0027,0.9932,True,"[{""class"": ""Brassica"", ""confidence"": 0.9959}, {""class"": ""GourdGuava"", ""confidence"": 0.0027}, {""class"": ""Wheat"", ""confidence"": 0.0007}]",brassica,Cauliflower__Bacterial_Spot,0.9998,0.0002,0.9996,True,"[{""class"": ""Cauliflower__Bacterial_Spot"", ""confidence"": 0.9998}, {""class"": ""Cauliflower__Downy_Mildew"", ""confidence"": 0.0002}, {""class"": ""Cabbage__Downy_Mildew"", ""confidence"": 0.0}]"
Cauliflower__Bacterial_Spot/0002.png,Cauliflower__Bacterial_Spot,Cauliflower,Brassica,False,True,Brassica,1.0,0.0,1.0,True,"[{""class"": ""Brassica"", ""confidence"": 1.0}, {""class"": ""Solanacea"", ""confidence"": 0.0}, {""class"": ""Potato"", ""confidence"": 0.0}]",brassica,Cauliflower__Bacterial_Spot,0.9999,0.0001,0.9998,True,"[{""class"": ""Cauliflower__Bacterial_Spot"", ""confidence"": 0.9999}, {""class"": ""Cauliflower__Healthy"", ""confidence"": 0.0001}, {""class"": ""Cauliflower__Black_Spot"", ""confidence"": 0.0}]"
Cauliflower__Bacterial_Spot/0004.png,Cauliflower__Bacterial_Spot,Cauliflower,Brassica,False,True,Brassica,1.0,0.0,1.0,True,"[{""class"": ""Brassica"", ""confidence"": 1.0}, {""class"": ""GourdGuava"", ""confidence"": 0.0}, {""class"": ""Solanacea"", ""confidence"": 0.0}]",brassica,Cauliflower__Bacterial_Spot,1.0,0.0,1.0,True,"[{""class"": ""Cauliflower__Bacterial_Spot"", ""confidence"": 1.0}, {""class"": ""Cauliflower__Healthy"", ""confidence"": 0.0}, {""class"": ""Cauliflower__Bacterial_Soft_Rot"", ""confidence"": 0.0}]"
Cauliflower__Healthy/0001.png,Cauliflower__Healthy,Cauliflower,Brassica,False,True,Brassica,1.0,0.0,1.0,True,"[{""class"": ""Brassica"", ""confidence"": 1.0}, {""class"": ""GourdGuava"", ""confidence"": 0.0}, {""class"": ""Solanacea"", ""confidence"": 0.0}]",brassica,Cauliflower__Healthy,1.0,0.0,1.0,True,"[{""class"": ""Cauliflower__Healthy"", ""confidence"": 1.0}, {""class"": ""Cauliflower__Downy_Mildew"", ""confidence"": 0.0}, {""class"": ""Cauliflower__Bacterial_Spot"", ""confidence"": 0.0}]"
Cauliflower__Healthy/0005.png,Cauliflower__Healthy,Cauliflower,Brassica,False,True,Brassica,1.0,0.0,1.0,True,"[{""class"": ""Brassica"", ""confidence"": 1.0}, {""class"": ""GourdGuava"", ""confidence"": 0.0}, {""class"": ""Solanacea"", ""confidence"": 0.0}]",brassica,Cauliflower__Healthy,1.0,0.0,1.0,True,"[{""class"": ""Cauliflower__Healthy"", ""confidence"": 1.0}, {""class"": ""Cauliflower__Bacterial_Spot"", ""confidence"": 0.0}, {""class"": ""Cauliflower__Black_Spot"", ""confidence"": 0.0}]"
Gourd__Downy_Mildew/0001.png,Gourd__Downy_Mildew,Gourd,GourdGuava,True,True,GourdGuava,0.9317,0.0683,0.8634,True,"[{""class"": ""GourdGuava"", ""confidence"": 0.9317}, {""class"": ""Solanacea"", ""confidence"": 0.0683}, {""class"": ""Potato"", ""confidence"": 0.0}]",none,none,0.0,0.0,0.0,False,
Gourd__Downy_Mildew/0002.png,Gourd__Downy_Mildew,Gourd,GourdGuava,True,True,GourdGuava,1.0,0.0,1.0,True,"[{""class"": ""GourdGuava"", ""confidence"": 1.0}, {""class"": ""Solanacea"", ""confidence"": 0.0}, {""class"": ""Potato"", ""confidence"": 0.0}]",none,none,0.0,0.0,0.0,False,
Gourd__Downy_Mildew/0005.png,Gourd__Downy_Mildew,Gourd,GourdGuava,True,True,GourdGuava,1.0,0.0,1.0,True,"[{""class"": ""GourdGuava"", ""confidence"": 1.0}, {""class"": ""Solanacea"", ""confidence"": 0.0}, {""class"": ""Wheat"", ""confidence"": 0.0}]",none,none,0.0,0.0,0.0,False,
Gourd__Downy_Mildew/0007.png,Gourd__Downy_Mildew,Gourd,GourdGuava,True,True,Solanacea,0.6493,0.3506,0.2987,False,"[{""class"": ""Solanacea"", ""confidence"": 0.6493}, {""class"": ""GourdGuava"", ""confidence"": 0.3506}, {""class"": ""Potato"", ""confidence"": 0.0}]",none,none,0.0,0.0,0.0,False,
Gourd__Healthy_Leaf/0001.png,Gourd__Healthy_Leaf,Gourd,GourdGuava,True,True,GourdGuava,1.0,0.0,1.0,True,"[{""class"": ""GourdGuava"", ""confidence"": 1.0}, {""class"": ""Solanacea"", ""confidence"": 0.0}, {""class"": ""Wheat"", ""confidence"": 0.0}]",none,none,0.0,0.0,0.0,False,
Gourd__Healthy_Leaf/0002.png,Gourd__Healthy_Leaf,Gourd,GourdGuava,True,True,GourdGuava,1.0,0.0,1.0,True,"[{""class"": ""GourdGuava"", ""confidence"": 1.0}, {""class"": ""Solanacea"", ""confidence"": 0.0}, {""class"": ""Potato"", ""confidence"": 0.0}]",none,none,0.0,0.0,0.0,False,
Gourd__Healthy_Leaf/0004.png,Gourd__Healthy_Leaf,Gourd,GourdGuava,True,True,GourdGuava,1.0,0.0,1.0,True,"[{""class"": ""GourdGuava"", ""confidence"": 1.0}, {""class"": ""Solanacea"", ""confidence"": 0.0}, {""class"": ""Brassica"", ""confidence"": 0.0}]",none,none,0.0,0.0,0.0,False,
Gourd__Healthy_Leaf/0005.png,Gourd__Healthy_Leaf,Gourd,GourdGuava,True,True,GourdGuava,0.974,0.0255,0.9485,True,"[{""class"": ""GourdGuava"", ""confidence"": 0.974}, {""class"": ""Solanacea"", ""confidence"": 0.0255}, {""class"": ""Brassica"", ""confidence"": 0.0002}]",none,none,0.0,0.0,0.0,False,
Gourd__Healthy_Leaf/0006.png,Gourd__Healthy_Leaf,Gourd,GourdGuava,True,True,GourdGuava,1.0,0.0,1.0,True,"[{""class"": ""GourdGuava"", ""confidence"": 1.0}, {""class"": ""Solanacea"", ""confidence"": 0.0}, {""class"": ""Wheat"", ""confidence"": 0.0}]",none,none,0.0,0.0,0.0,False,
Gourd__Healthy_Leaf/0007.png,Gourd__Healthy_Leaf,Gourd,GourdGuava,True,True,GourdGuava,1.0,0.0,1.0,True,"[{""class"": ""GourdGuava"", ""confidence"": 1.0}, {""class"": ""Solanacea"", ""confidence"": 0.0}, {""class"": ""Wheat"", ""confidence"": 0.0}]",none,none,0.0,0.0,0.0,False,
Gourd__Healthy_Leaf/0008.png,Gourd__Healthy_Leaf,Gourd,GourdGuava,True,True,GourdGuava,1.0,0.0,1.0,True,"[{""class"": ""GourdGuava"", ""confidence"": 1.0}, {""class"": ""Solanacea"", ""confidence"": 0.0}, {""class"": ""Potato"", ""confidence"": 0.0}]",none,none,0.0,0.0,0.0,False,
Gourd__Mosaic_Virus/0002.png,Gourd__Mosaic_Virus,Gourd,GourdGuava,True,True,GourdGuava,1.0,0.0,1.0,True,"[{""class"": ""GourdGuava"", ""confidence"": 1.0}, {""class"": ""Solanacea"", ""confidence"": 0.0}, {""class"": ""Potato"", ""confidence"": 0.0}]",none,none,0.0,0.0,0.0,False,
Gourd__Mosaic_Virus/0003.png,Gourd__Mosaic_Virus,Gourd,GourdGuava,True,True,GourdGuava,1.0,0.0,1.0,True,"[{""class"": ""GourdGuava"", ""confidence"": 1.0}, {""class"": ""Solanacea"", ""confidence"": 0.0}, {""class"": ""Potato"", ""confidence"": 0.0}]",none,none,0.0,0.0,0.0,False,
